legal_dong_code,sigungu_code,legal_dong,district,jeonse_count,sale_count,matched_group_count,matched_weight,jeonse_ratio_pct,high80_share_pct,high90_share_pct,lease_all_count,lease_nonapt_count,non_apartment_lease_share_pct,trend_group_count,trend_weight,sale_price_change_pct,sale_decline_pct,sale_recent_12m,sale_previous_12m,sale_activity_change_pct,sale_activity_decline_pct,latest_jeonse_ym,latest_sale_ym,단독다가구_jeonse_count,단독다가구_sale_count,아파트_jeonse_count,아파트_sale_count,연립다세대_jeonse_count,연립다세대_sale_count,오피스텔_jeonse_count,오피스텔_sale_count,building_count,residential_building_count,nonapt_building_count,mixed_hint_count,old20_count,old30_count,household_total,parking_total,nonapt_building_share_pct,old20_share_pct,old30_share_pct,mixed_hint_share_pct,households_per_parking,building_source_tier,floor_building_count,mixed_use_building_count,mixed_use_building_share_pct,registered_unit_rows,unit_building_count,individual_house_price_count,individual_house_price_median,individual_house_price_per_sqm,geocoded_house_count,official_2023,official_2024,official_2025,official_total,households_2026q2,official_per_1000_households,guarantee_accident_count,guarantee_accident_amount,guarantee_accident_rate_pct,district_context_score,mixed_use_building_share_pct_score,high80_share_pct_score,sale_activity_decline_pct_score,sale_decline_pct_score,old20_share_pct_score,non_apartment_lease_share_pct_score,nonapt_building_share_pct_score,households_per_parking_score,jeonse_ratio_pct_score,market_risk_score,building_risk_score,risk_score,data_confidence,risk_level,official_dong_evidence_count,official_dong_metric,official_dong_value,official_dong_grade,official_dong_note,major_reasons,score_version,score_scope,score_note,latest_sale_date,latest_jeonse_date
1141011300,11410,대신동,서대문구,176.0,67.0,,,,,,176.0,176.0,100.0,,,,,1.0,4.0,-75.0,75.0,202607,202605,119.0,9.0,0.0,0.0,57.0,22.0,0.0,36.0,224.0,178.0,79.0,55.0,153.0,97.0,991.0,2380.0,44.38202247191011,85.95505617977528,54.49438202247191,30.89887640449438,0.41638655462184876,표제부,224,81,36.160714285714285,489.0,489.0,130.0,716500000.0,2552927.1381175816,130.0,31,109,60,200,147178,1.3588987484542527,7,1682000000,1.2,62.0,99.57173447537473,,96.6321243523316,,90.21164021164022,91.91542288557214,78.04232804232805,23.224043715846996,,94.27377361895186,77.16779472229327,85.15621285194443,낮음,매우 높음,0,,,,,20년 이상 주거건물 비중 86.0% | 비아파트 건물 비중 44.4% | 서대문구 공식 피해·보증사고 배경지표 상위,seoul-dong-v1.0,서울 법정동 시장·건물구조 상대위험,"전세사기 발생확률이 아니며, 공식 동별 피해집계가 없는 지역의 피해 건수를 추정하지 않습니다.",2026-05,2026-07
1129011700,11290,동선동2가,성북구,161.0,16.0,,,,,,161.0,161.0,100.0,,,,,0.0,3.0,-100.0,100.0,202606,202507,135.0,11.0,0.0,0.0,26.0,5.0,0.0,0.0,362.0,258.0,130.0,85.0,189.0,130.0,968.0,700.0,50.3875968992248,73.25581395348837,50.3875968992248,32.945736434108525,1.3828571428571428,표제부,362,115,31.767955801104975,279.0,279.0,229.0,371000000.0,2327824.577197608,229.0,92,123,56,271,199807,1.3563088380286978,5,1445500000,0.8,48.0,98.92933618843684,,98.96373056994818,,67.46031746031747,91.91542288557214,84.92063492063492,73.49726775956285,,95.43957672776017,81.64379073495513,84.87469372039489,낮음,매우 높음,0,,,,,비아파트 건물 비중 50.4% | 20년 이상 주거건물 비중 73.3% | 성북구 공식 피해·보증사고 배경지표 상위,seoul-dong-v1.0,서울 법정동 시장·건물구조 상대위험,"전세사기 발생확률이 아니며, 공식 동별 피해집계가 없는 지역의 피해 건수를 추정하지 않습니다.",2025-07,2026-06
1114016400,11140,무학동,중구,7.0,0.0,,,,,,7.0,7.0,100.0,,,,,,,,,202603,,3.0,0.0,0.0,0.0,3.0,0.0,1.0,0.0,5.0,0.0,0.0,0.0,0.0,0.0,7.0,0.0,,,,,,총괄표제부_보완,61,22,36.0655737704918,80.0,80.0,15.0,378000000.0,3218465.5396618983,15.0,2,10,7,19,63882,0.2974233743464512,2,350000000,0.4,18.0,99.3576017130621,,,,,91.91542288557214,,,,91.91542288557213,99.3576017130621,82.6886541596088,낮음,매우 높음,0,,,,,중구 공식 피해·보증사고 배경지표 상위,seoul-dong-v1.0,서울 법정동 시장·건물구조 상대위험,"전세사기 발생확률이 아니며, 공식 동별 피해집계가 없는 지역의 피해 건수를 추정하지 않습니다.",,2026-03
1121510700,11215,화양동,광진구,4086.0,1363.0,17.0,341.0,83.7089597464535,61.29032258064516,45.45454545454545,4086.0,3771.0,92.29074889867842,7.0,93.0,-3.112157797758744,3.112157797758744,224.0,244.0,-8.196721311475407,8.196721311475407,202607,202607,1610.0,117.0,315.0,391.0,1120.0,161.0,1041.0,694.0,2245.0,1806.0,787.0,590.0,1455.0,1303.0,8887.0,16786.0,43.57696566998893,80.56478405315615,72.1483942414175,32.668881506090806,0.5294292863100203,표제부,2243,641,28.57779759251003,9222.0,9222.0,1490.0,639500000.0,2997097.191564176,1490.0,26,44,64,134,172165,0.7783231202625389,10,2350000000,1.4,54.0,96.35974304068522,91.05691056910568,87.56476683937824,83.44155844155844,80.15873015873017,69.90049751243781,75.66137566137566,28.415300546448087,92.6829268292683,88.10015857539912,73.83847649433707,79.41971426882372,높음,매우 높음,0,,,,,최근 36개월 추정 전세가율 83.7% | 80% 이상 매칭 비중 61.3% | 최근 매매 단가 하락 신호 3.1%,seoul-dong-v1.0,서울 법정동 시장·건물구조 상대위험,"전세사기 발생확률이 아니며, 공식 동별 피해집계가 없는 지역의 피해 건수를 추정하지 않습니다.",2026-07,2026-07
1150010300,11500,화곡동,강서구,39498.0,18957.0,39.0,1839.0,75.24741340404539,32.57205002718869,20.554649265905383,39498.0,32943.0,83.40422299863283,14.0,689.0,-7.75729488447061,7.75729488447061,2777.0,1743.0,59.32300631095813,0.0,202607,202607,2873.0,372.0,6555.0,2782.0,24726.0,13905.0,5344.0,1898.0,13067.0,11622.0,7329.0,2398.0,8771.0,5632.0,90176.0,221233.0,63.06143520908621,75.46893822061608,48.45981758733436,20.63328170710721,0.4076064601573906,표제부,13067,2135,16.338868906405448,90214.0,90214.0,5479.0,436000000.0,2048065.715712938,5479.0,614,585,428,1627,274577,5.925478099039614,84,18031270000,2.9,94.0,71.09207708779444,82.65582655826557,43.39378238341969,91.23376623376623,71.42857142857143,64.42786069651741,94.17989417989418,22.6775956284153,82.65582655826557,78.19351650593127,73.14915529092171,79.30339872628919,높음,매우 높음,1,전세피해 신청 접수,407,A_동전체집계,"신청 접수 건수이며, 피해자 가결 건수와 동일하지 않음.",비아파트 건물 비중 63.1% | 강서구 공식 피해·보증사고 배경지표 상위 | 최근 매매 단가 하락 신호 7.8% | 공식 동 단위 확인자료 존재(정의·기준일 별도 표시),seoul-dong-v1.0,서울 법정동 시장·건물구조 상대위험,"전세사기 발생확률이 아니며, 공식 동별 피해집계가 없는 지역의 피해 건수를 추정하지 않습니다.",2026-07,2026-07
1141011500,11410,봉원동,서대문구,14.0,2.0,,,,,,14.0,14.0,100.0,,,,,0.0,1.0,-100.0,100.0,202602,202502,12.0,1.0,0.0,0.0,2.0,1.0,0.0,0.0,120.0,107.0,11.0,3.0,91.0,89.0,141.0,59.0,10.2803738317757,85.04672897196261,83.17757009345794,2.803738317757009,2.389830508474576,표제부,120,4,3.3333333333333335,10.0,10.0,37.0,375000000.0,3196113.525952442,37.0,31,109,60,200,147178,1.3588987484542527,7,1682000000,1.2,62.0,11.027837259100643,,98.96373056994818,,89.15343915343915,91.91542288557214,31.48148148148148,87.97814207650273,,95.43957672776017,50.28324114424792,79.13455632271808,낮음,매우 높음,0,,,,,20년 이상 주거건물 비중 85.0% | 서대문구 공식 피해·보증사고 배경지표 상위 | 비아파트 건물 비중 10.3%,seoul-dong-v1.0,서울 법정동 시장·건물구조 상대위험,"전세사기 발생확률이 아니며, 공식 동별 피해집계가 없는 지역의 피해 건수를 추정하지 않습니다.",2025-02,2026-02
1129011900,11290,동선동4가,성북구,206.0,127.0,4.0,11.0,96.16390877730801,81.81818181818183,81.81818181818183,206.0,200.0,97.0873786407767,3.0,11.0,-1.089382512873066,1.089382512873066,18.0,16.0,12.5,0.0,202606,202606,109.0,22.0,6.0,10.0,46.0,61.0,45.0,34.0,269.0,185.0,75.0,40.0,135.0,118.0,686.0,737.0,40.54054054054054,72.97297297297297,63.78378378378379,21.62162162162162,0.9308005427408412,표제부,269,61,22.676579925650557,623.0,623.0,163.0,403000000.0,2652112.391348292,163.0,92,123,56,271,199807,1.3563088380286978,5,1445500000,0.8,48.0,90.36402569593149,95.39295392953929,43.39378238341969,75.32467532467533,66.93121693121694,76.61691542288557,69.04761904761905,53.278688524590166,98.3739837398374,86.4976030576516,70.41646026972667,76.70267690202263,보통,매우 높음,0,,,,,최근 36개월 추정 전세가율 96.2% | 80% 이상 매칭 비중 81.8% | 최근 매매 단가 하락 신호 1.1%,seoul-dong-v1.0,서울 법정동 시장·건물구조 상대위험,"전세사기 발생확률이 아니며, 공식 동별 피해집계가 없는 지역의 피해 건수를 추정하지 않습니다.",2026-06,2026-06
1129011500,11290,삼선동5가,성북구,392.0,152.0,6.0,33.0,74.30134051216471,18.181818181818183,18.181818181818183,392.0,392.0,100.0,4.0,11.0,-9.500235786377642,9.500235786377642,24.0,39.0,-38.46153846153846,38.46153846153846,202607,202606,209.0,33.0,0.0,3.0,161.0,89.0,22.0,27.0,439.0,367.0,201.0,98.0,265.0,165.0,1427.0,1017.0,54.76839237057221,72.20708446866485,44.95912806539509,26.70299727520436,1.4031465093411997,표제부,439,116,26.42369020501139,786.0,786.0,305.0,392000000.0,2430374.9586268854,305.0,92,123,56,271,199807,1.3563088380286978,5,1445500000,0.8,48.0,94.86081370449678,66.12466124661248,91.70984455958549,93.18181818181817,65.07936507936508,91.91542288557214,88.35978835978835,73.77049180327869,81.57181571815718,81.49969107070449,81.65149312514777,76.51268792370963,높음,매우 높음,0,,,,,최근 매매 단가 하락 신호 9.5% | 비아파트 건물 비중 54.8% | 최근 36개월 추정 전세가율 74.3%,seoul-dong-v1.0,서울 법정동 시장·건물구조 상대위험,"전세사기 발생확률이 아니며, 공식 동별 피해집계가 없는 지역의 피해 건수를 추정하지 않습니다.",2026-06,2026-07
1129010900,11290,동소문동6가,성북구,249.0,95.0,7.0,25.0,76.39622584689168,52.0,24.0,249.0,212.0,85.14056224899599,3.0,8.0,-1.7174046689845401,1.7174046689845401,21.0,40.0,-47.5,47.5,202607,202607,96.0,13.0,37.0,8.0,67.0,38.0,49.0,36.0,225.0,169.0,84.0,42.0,108.0,92.0,949.0,805.0,49.70414201183432,63.905325443786985,54.437869822485204,24.85207100591716,1.1788819875776397,표제부,225,63,28.000000000000004,877.0,877.0,122.0,367000000.0,2520284.8937044204,122.0,92,123,56,271,199807,1.3563088380286978,5,1445500000,0.8,48.0,95.93147751605996,88.6178861788618,94.04145077720207,77.92207792207793,53.70370370370371,65.67164179104478,83.33333333333334,64.75409836065575,85.36585365853658,83.96043395326646,75.65866951656962,76.49092775110228,보통,매우 높음,0,,,,,80% 이상 매칭 비중 52.0% | 최근 36개월 추정 전세가율 76.4% | 비아파트 건물 비중 49.7%,seoul-dong-v1.0,서울 법정동 시장·건물구조 상대위험,"전세사기 발생확률이 아니며, 공식 동별 피해집계가 없는 지역의 피해 건수를 추정하지 않습니다.",2026-07,2026-07
1123010100,11230,신설동,동대문구,1158.0,349.0,9.0,122.0,90.38494673299657,63.934426229508205,32.78688524590164,1158.0,1058.0,91.36442141623489,4.0,41.0,-8.608042727917233,8.608042727917233,72.0,52.0,38.46153846153846,0.0,202607,202607,79.0,10.0,100.0,96.0,250.0,54.0,729.0,189.0,601.0,295.0,61.0,94.0,222.0,202.0,2216.0,2932.0,20.677966101694913,75.2542372881356,68.47457627118644,31.864406779661014,0.7557980900409277,표제부,601,115,19.13477537437604,3242.0,3242.0,227.0,312000000.0,2718637.4058303307,227.0,27,275,201,503,180852,2.781279720434388,9,2033690000,1.0,66.0,80.94218415417559,91.32791327913279,43.39378238341969,92.53246753246754,70.63492063492063,68.90547263681593,41.7989417989418,39.34426229508197,95.6639566395664,86.20735660750344,56.46838305340428,75.74150972785314,높음,매우 높음,0,,,,,최근 36개월 추정 전세가율 90.4% | 최근 매매 단가 하락 신호 8.6% | 80% 이상 매칭 비중 63.9%,seoul-dong-v1.0,서울 법정동 시장·건물구조 상대위험,"전세사기 발생확률이 아니며, 공식 동별 피해집계가 없는 지역의 피해 건수를 추정하지 않습니다.",2026-07,2026-07
1153010800,11530,오류동,구로구,5322.0,3310.0,29.0,982.0,75.45031844052765,26.985743380855396,25.15274949083503,5322.0,3914.0,73.54378053363398,12.0,172.0,-1.169633061716937,1.169633061716937,539.0,295.0,82.71186440677967,0.0,202607,202607,708.0,87.0,1408.0,1135.0,1985.0,1301.0,1221.0,787.0,2486.0,2099.0,918.0,349.0,1564.0,1197.0,18712.0,10961.0,43.73511195807527,74.51167222486899,57.027155788470694,16.626965221534064,1.7071435088039413,표제부,2484,368,14.814814814814813,20682.0,20682.0,1136.0,296500000.0,1889110.9437442727,1135.0,183,209,135,527,185143,2.8464484209502925,21,4129400000,2.1,86.0,63.811563169164884,79.13279132791328,43.39378238341969,75.64935064935064,69.84126984126983,54.72636815920397,76.19047619047619,80.32786885245902,83.19783197831978,74.22174827497119,72.74800089820977,75.62004918953515,높음,매우 높음,0,,,,,구로구 공식 피해·보증사고 배경지표 상위 | 최근 36개월 추정 전세가율 75.5% | 80% 이상 매칭 비중 27.0%,seoul-dong-v1.0,서울 법정동 시장·건물구조 상대위험,"전세사기 발생확률이 아니며, 공식 동별 피해집계가 없는 지역의 피해 건수를 추정하지 않습니다.",2026-07,2026-07
1129012500,11290,안암동5가,성북구,308.0,58.0,1.0,2.0,89.02660469090091,100.0,0.0,308.0,305.0,99.02597402597402,,,,,6.0,4.0,50.0,0.0,202607,202607,227.0,28.0,3.0,11.0,78.0,19.0,0.0,0.0,691.0,409.0,147.0,149.0,281.0,209.0,2034.0,61933.0,35.94132029339853,68.7041564792176,51.1002444987775,36.43031784841076,0.03284194209871959,표제부,693,203,29.292929292929294,645.0,645.0,319.0,516000000.0,2536592.4264080618,319.0,92,123,56,271,199807,1.3563088380286978,5,1445500000,0.8,48.0,97.21627408993577,98.78048780487805,43.39378238341969,,59.78835978835979,80.59701492537313,62.16931216931217,7.650273224043716,95.1219512195122,88.4035084351808,60.405610616408524,75.3435077152106,낮음,매우 높음,0,,,,,80% 이상 매칭 비중 100.0% | 최근 36개월 추정 전세가율 89.0% | 비아파트 건물 비중 35.9%,seoul-dong-v1.0,서울 법정동 시장·건물구조 상대위험,"전세사기 발생확률이 아니며, 공식 동별 피해집계가 없는 지역의 피해 건수를 추정하지 않습니다.",2026-07,2026-07
1141010100,11410,충정로2가,서대문구,197.0,116.0,7.0,39.0,84.81976556041461,66.66666666666666,66.66666666666666,197.0,155.0,78.68020304568529,2.0,10.0,-3.6684724298895843,3.6684724298895843,15.0,25.0,-40.0,40.0,202607,202606,41.0,3.0,42.0,15.0,31.0,15.0,83.0,83.0,219.0,117.0,19.0,27.0,85.0,73.0,393.0,1324.0,16.23931623931624,72.64957264957265,62.39316239316239,23.076923076923077,0.29682779456193353,표제부,219,34,15.52511415525114,727.0,727.0,57.0,533000000.0,4036908.8811995387,57.0,31,109,60,200,147178,1.3588987484542527,7,1682000000,1.2,62.0,67.45182012847965,92.00542005420054,92.35751295336787,84.74025974025975,66.13756613756614,59.70149253731343,39.41798941798942,19.12568306010929,94.03794037940379,88.53347067541876,48.66080378629963,74.58528335182616,높음,매우 높음,0,,,,,최근 36개월 추정 전세가율 84.8% | 80% 이상 매칭 비중 66.7% | 최근 매매 단가 하락 신호 3.7%,seoul-dong-v1.0,서울 법정동 시장·건물구조 상대위험,"전세사기 발생확률이 아니며, 공식 동별 피해집계가 없는 지역의 피해 건수를 추정하지 않습니다.",2026-06,2026-07
1129013100,11290,보문동2가,성북구,191.0,66.0,4.0,15.0,75.76082035095821,26.666666666666668,0.0,191.0,187.0,97.90575916230367,,,,,12.0,4.0,200.0,0.0,202605,202606,106.0,7.0,4.0,2.0,68.0,49.0,13.0,8.0,288.0,224.0,125.0,44.0,181.0,148.0,903.0,678.0,55.80357142857143,80.80357142857143,66.07142857142857,19.642857142857142,1.331858407079646,표제부,288,61,21.180555555555554,525.0,525.0,164.0,362500000.0,2387213.783722512,164.0,92,123,56,271,199807,1.3563088380286978,5,1445500000,0.8,48.0,87.36616702355461,78.86178861788618,43.39378238341969,,81.74603174603175,78.35820895522389,89.41798941798942,71.58469945355192,84.01084010840108,77.052920390231,84.41464202644741,74.53541274075046,보통,매우 높음,0,,,,,비아파트 건물 비중 55.8% | 최근 36개월 추정 전세가율 75.8% | 20년 이상 주거건물 비중 80.8%,seoul-dong-v1.0,서울 법정동 시장·건물구조 상대위험,"전세사기 발생확률이 아니며, 공식 동별 피해집계가 없는 지역의 피해 건수를 추정하지 않습니다.",2026-06,2026-05
1150010800,11500,공항동,강서구,3451.0,1482.0,15.0,387.0,71.23466181661429,10.594315245478036,0.516795865633075,3451.0,3296.0,95.50854824688496,7.0,89.0,-0.5939186531333722,0.5939186531333722,251.0,126.0,99.20634920634922,0.0,202607,202607,739.0,129.0,155.0,200.0,2407.0,1076.0,150.0,77.0,1972.0,1659.0,910.0,516.0,1297.0,828.0,8411.0,8465.0,54.85232067510548,78.1796262808921,49.90958408679928,31.103074141048825,0.9936207914943886,표제부,1972,458,23.225152129817445,5595.0,5595.0,1253.0,543000000.0,2260948.4322363306,1253.0,614,585,428,1627,274577,5.925478099039614,84,18031270000,2.9,94.0,90.79229122055675,56.36856368563685,43.39378238341969,72.72727272727273,75.66137566137566,73.38308457711443,88.88888888888889,55.46448087431693,75.60975609756098,66.92282096557793,80.94902984615837,74.49095004088635,높음,매우 높음,0,,,,,강서구 공식 피해·보증사고 배경지표 상위 | 비아파트 건물 비중 54.9% | 20년 이상 주거건물 비중 78.2%,seoul-dong-v1.0,서울 법정동 시장·건물구조 상대위험,"전세사기 발생확률이 아니며, 공식 동별 피해집계가 없는 지역의 피해 건수를 추정하지 않습니다.",2026-07,2026-07
1129011600,11290,동선동1가,성북구,227.0,29.0,3.0,7.0,80.45570533769151,42.857142857142854,42.857142857142854,227.0,217.0,95.59471365638767,,,,,2.0,4.0,-50.0,50.0,202606,202603,45.0,4.0,10.0,11.0,88.0,0.0,84.0,14.0,346.0,139.0,18.0,44.0,112.0,107.0,647.0,940.0,12.949640287769784,80.57553956834532,76.97841726618705,31.654676258992804,0.6882978723404255,표제부,346,72,20.809248554913296,1674.0,1674.0,104.0,242500000.0,3242375.4613096924,104.0,92,123,56,271,199807,1.3563088380286978,5,1445500000,0.8,48.0,86.29550321199143,86.72086720867209,94.81865284974094,,80.42328042328042,73.6318407960199,34.92063492063492,36.33879781420765,89.70189701897019,87.53649996980258,56.78399438860351,73.91789857903242,낮음,매우 높음,0,,,,,최근 36개월 추정 전세가율 80.5% | 80% 이상 매칭 비중 42.9% | 20년 이상 주거건물 비중 80.6%,seoul-dong-v1.0,서울 법정동 시장·건물구조 상대위험,"전세사기 발생확률이 아니며, 공식 동별 피해집계가 없는 지역의 피해 건수를 추정하지 않습니다.",2026-03,2026-06
1111016200,11110,효제동,종로구,112.0,106.0,4.0,13.0,105.23794389924242,76.92307692307693,53.84615384615385,112.0,83.0,74.10714285714286,,,,,11.0,8.0,37.5,0.0,202602,202605,3.0,6.0,29.0,59.0,0.0,0.0,80.0,41.0,7.0,1.0,1.0,1.0,0.0,0.0,96.0,88.0,100.0,0.0,0.0,100.0,1.0909090909090908,총괄표제부_보완,223,32,14.349775784753364,687.0,687.0,42.0,301500000.0,2754811.5679161632,42.0,5,14,15,34,72503,0.46894611257465213,3,527000000,1.0,40.0,61.88436830835118,94.03794037940379,43.39378238341969,,13.492063492063492,55.72139303482587,98.80952380952381,61.20218579234973,99.45799457994579,86.12258878665156,64.4540269273481,73.78706000382796,낮음,매우 높음,0,,,,,최근 36개월 추정 전세가율 105.2% | 비아파트 건물 비중 100.0% | 80% 이상 매칭 비중 76.9%,seoul-dong-v1.0,서울 법정동 시장·건물구조 상대위험,"전세사기 발생확률이 아니며, 공식 동별 피해집계가 없는 지역의 피해 건수를 추정하지 않습니다.",2026-05,2026-02
1129010600,11290,동소문동3가,성북구,9.0,1.0,,,,,,9.0,9.0,100.0,,,,,,,,,202602,202301,9.0,1.0,0.0,0.0,0.0,0.0,0.0,0.0,59.0,27.0,3.0,7.0,11.0,7.0,65.0,165.0,11.11111111111111,40.74074074074074,25.925925925925924,25.925925925925924,0.3939393939393939,표제부,59,12,20.33898305084746,6.0,6.0,19.0,328000000.0,3281249.9999999995,19.0,92,123,56,271,199807,1.3563088380286978,5,1445500000,0.8,48.0,85.4389721627409,,,,44.97354497354497,91.91542288557214,33.33333333333333,22.404371584699454,,91.91542288557213,45.02516974697267,73.60554616808645,낮음,매우 높음,0,,,,,성북구 공식 피해·보증사고 배경지표 상위 | 20년 이상 주거건물 비중 40.7% | 비아파트 건물 비중 11.1%,seoul-dong-v1.0,서울 법정동 시장·건물구조 상대위험,"전세사기 발생확률이 아니며, 공식 동별 피해집계가 없는 지역의 피해 건수를 추정하지 않습니다.",2023-01,2026-02
1156013000,11560,양평동6가,영등포구,1751.0,613.0,14.0,174.0,76.04430744962721,40.229885057471265,20.689655172413794,1751.0,1520.0,86.80753854940035,5.0,36.0,3.26725566474931,0.0,77.0,98.0,-21.42857142857143,21.42857142857143,202607,202607,27.0,1.0,231.0,91.0,621.0,361.0,872.0,160.0,24.0,21.0,16.0,7.0,0.0,0.0,792.0,977.0,76.19047619047619,0.0,0.0,33.33333333333333,0.8106448311156602,총괄표제부_보완,175,31,17.71428571428571,2444.0,2444.0,36.0,545500000.0,2800631.2687154803,36.0,84,213,201,498,193619,2.572061626183381,30,7456770000,1.8,79.0,75.80299785867237,85.36585365853658,88.3419689119171,34.41558441558442,13.492063492063492,66.4179104477612,96.82539682539682,42.349726775956285,84.28184281842819,75.69252614031092,63.61623319130253,73.16957398201218,낮음,매우 높음,0,,,,,비아파트 건물 비중 76.2% | 80% 이상 매칭 비중 40.2% | 최근 36개월 추정 전세가율 76.0%,seoul-dong-v1.0,서울 법정동 시장·건물구조 상대위험,"전세사기 발생확률이 아니며, 공식 동별 피해집계가 없는 지역의 피해 건수를 추정하지 않습니다.",2026-07,2026-07
1141011600,11410,창천동,서대문구,1704.0,740.0,16.0,168.0,67.01551064228501,19.642857142857142,2.380952380952381,1704.0,1632.0,95.77464788732394,7.0,60.0,-19.78180790622911,19.78180790622911,89.0,145.0,-38.62068965517241,38.62068965517241,202607,202607,866.0,52.0,72.0,64.0,577.0,181.0,189.0,443.0,1486.0,1022.0,417.0,347.0,867.0,691.0,5122.0,6072.0,40.80234833659491,84.83365949119374,67.61252446183953,33.95303326810176,0.8435441370223979,표제부,1488,379,25.47043010752688,4583.0,4583.0,706.0,550000000.0,2675350.5688661495,706.0,31,109,60,200,147178,1.3588987484542527,7,1682000000,1.2,62.0,93.57601713062098,68.56368563685636,91.96891191709845,97.72727272727273,88.62433862433863,74.37810945273633,69.84126984126983,44.26229508196721,64.76964769647697,74.34257353387926,75.44714028101188,72.76732919058053,높음,매우 높음,0,,,,,최근 매매 단가 하락 신호 19.8% | 20년 이상 주거건물 비중 84.8% | 비아파트 건물 비중 40.8%,seoul-dong-v1.0,서울 법정동 시장·건물구조 상대위험,"전세사기 발생확률이 아니며, 공식 동별 피해집계가 없는 지역의 피해 건수를 추정하지 않습니다.",2026-07,2026-07
1129012900,11290,보문동7가,성북구,131.0,28.0,2.0,5.0,81.91902314503707,40.0,0.0,131.0,130.0,99.23664122137404,,,,,4.0,2.0,100.0,0.0,202606,202605,29.0,4.0,1.0,0.0,75.0,19.0,26.0,5.0,171.0,118.0,34.0,47.0,89.0,78.0,343.0,477.0,28.8135593220339,75.42372881355932,66.10169491525424,39.83050847457627,0.7190775681341719,표제부,171,63,36.84210526315789,170.0,170.0,95.0,343000000.0,2424268.0656625484,95.0,92,123,56,271,199807,1.3563088380286978,5,1445500000,0.8,48.0,99.78586723768737,85.09485094850947,43.39378238341969,,70.8994708994709,82.08955223880598,49.735449735449734,37.704918032786885,90.78590785907859,82.51342275644869,63.23195877150312,72.516043346745,낮음,매우 높음,0,,,,,최근 36개월 추정 전세가율 81.9% | 80% 이상 매칭 비중 40.0% | 20년 이상 주거건물 비중 75.4%,seoul-dong-v1.0,서울 법정동 시장·건물구조 상대위험,"전세사기 발생확률이 아니며, 공식 동별 피해집계가 없는 지역의 피해 건수를 추정하지 않습니다.",2026-05,2026-06
1111011800,11110,내수동,종로구,358.0,476.0,10.0,112.0,80.79905545646349,75.0,0.0,358.0,268.0,74.86033519553072,5.0,65.0,2.715265068795336,0.0,104.0,75.0,38.66666666666667,0.0,202607,202607,0.0,0.0,90.0,50.0,10.0,5.0,258.0,421.0,,,,,,,,,,,,,,,52,11,21.153846153846153,3137.0,3137.0,4.0,2165500000.0,3275215.301302279,4.0,5,14,15,34,72503,0.46894611257465213,3,527000000,1.0,40.0,87.15203426124198,93.63143631436314,43.39378238341969,34.41558441558442,,55.970149253731336,,,89.97289972899729,74.49574979624246,87.15203426124198,72.48545844305598,낮음,매우 높음,0,,,,,80% 이상 매칭 비중 75.0% | 최근 36개월 추정 전세가율 80.8% | 종로구 공식 피해·보증사고 배경지표 상위,seoul-dong-v1.0,서울 법정동 시장·건물구조 상대위험,"전세사기 발생확률이 아니며, 공식 동별 피해집계가 없는 지역의 피해 건수를 추정하지 않습니다.",2026-07,2026-07
1165010400,11650,원지동,서초구,3.0,3.0,,,,,,3.0,3.0,100.0,,,,,0.0,2.0,-100.0,100.0,202504,202504,3.0,3.0,0.0,0.0,0.0,0.0,0.0,0.0,86.0,23.0,1.0,7.0,20.0,17.0,43.0,335.0,4.3478260869565215,86.95652173913044,73.91304347826086,30.434782608695656,0.12835820895522387,표제부,86,10,11.627906976744185,7.0,7.0,26.0,1424500000.0,7573549.358641639,26.0,3,10,16,29,173895,0.16676730210759366,5,1573500000,0.8,26.0,49.67880085653105,,98.96373056994818,,91.53439153439153,91.91542288557214,25.396825396825395,13.114754098360656,,95.43957672776017,44.94530132838835,72.40007136875319,낮음,매우 높음,0,,,,,20년 이상 주거건물 비중 87.0% | 서초구 공식 피해·보증사고 배경지표 상위 | 비아파트 건물 비중 4.3%,seoul-dong-v1.0,서울 법정동 시장·건물구조 상대위험,"전세사기 발생확률이 아니며, 공식 동별 피해집계가 없는 지역의 피해 건수를 추정하지 않습니다.",2025-04,2025-04
1121510900,11215,군자동,광진구,3045.0,808.0,20.0,360.0,71.57412329868325,39.44444444444444,15.277777777777779,3045.0,2899.0,95.20525451559935,9.0,92.0,-0.45500866131026213,0.45500866131026213,174.0,148.0,17.567567567567565,0.0,202607,202607,1452.0,143.0,146.0,105.0,1200.0,473.0,247.0,87.0,2018.0,1770.0,845.0,401.0,1457.0,1180.0,7271.0,8145.0,47.740112994350284,82.31638418079096,66.66666666666666,22.65536723163842,0.892694904849601,표제부,2018,438,21.704658077304263,4242.0,4242.0,1484.0,473500000.0,2621070.300036884,1484.0,26,44,64,134,172165,0.7783231202625389,10,2350000000,1.4,54.0,88.86509635974305,84.82384823848238,43.39378238341969,71.42857142857143,83.86243386243386,72.38805970149254,81.74603174603175,48.90710382513661,76.96476964769647,74.28433984147613,78.77310600974027,72.36388040732074,높음,매우 높음,0,,,,,80% 이상 매칭 비중 39.4% | 20년 이상 주거건물 비중 82.3% | 비아파트 건물 비중 47.7%,seoul-dong-v1.0,서울 법정동 시장·건물구조 상대위험,"전세사기 발생확률이 아니며, 공식 동별 피해집계가 없는 지역의 피해 건수를 추정하지 않습니다.",2026-07,2026-07
1156010700,11560,영등포동6가,영등포구,648.0,131.0,4.0,45.0,94.20944744729944,100.0,31.11111111111111,648.0,648.0,100.0,2.0,11.0,21.45962163568336,0.0,21.0,20.0,5.000000000000004,0.0,202607,202606,61.0,14.0,0.0,0.0,371.0,75.0,216.0,42.0,26.0,22.0,1.0,8.0,0.0,0.0,81.0,56.0,4.545454545454546,0.0,0.0,36.36363636363637,1.4464285714285714,총괄표제부_보완,328,82,25.0,1081.0,1081.0,92.0,407500000.0,3406308.6967136827,92.0,84,213,201,498,193619,2.572061626183381,30,7456770000,1.8,79.0,93.25481798715204,98.78048780487805,43.39378238341969,34.41558441558442,13.492063492063492,91.91542288557214,25.793650793650798,74.59016393442623,98.1029810298103,82.62957255238048,43.52996437807054,72.31023462594592,낮음,매우 높음,0,,,,,80% 이상 매칭 비중 100.0% | 최근 36개월 추정 전세가율 94.2% | 영등포구 공식 피해·보증사고 배경지표 상위,seoul-dong-v1.0,서울 법정동 시장·건물구조 상대위험,"전세사기 발생확률이 아니며, 공식 동별 피해집계가 없는 지역의 피해 건수를 추정하지 않습니다.",2026-06,2026-07
1154510100,11545,가산동,금천구,5750.0,2821.0,17.0,533.0,82.02195854695181,53.47091932457786,37.89868667917448,5750.0,4802.0,83.51304347826087,8.0,107.0,2.4984034989748936,0.0,264.0,149.0,77.18120805369128,0.0,202607,202607,275.0,43.0,948.0,482.0,1080.0,365.0,3447.0,1931.0,1517.0,982.0,408.0,346.0,664.0,502.0,8922.0,54051.0,41.54786150712831,67.61710794297352,51.12016293279022,35.234215885947044,0.16506632624743298,표제부,1520,316,20.789473684210527,46530.0,46530.0,619.0,386000000.0,2079433.0034768654,619.0,216,271,288,775,122059,6.34938841052278,9,1556000000,1.0,74.0,86.0813704496788,89.43089430894308,43.39378238341969,34.41558441558442,58.730158730158735,64.6766169154229,71.95767195767195,14.207650273224044,91.32791327913279,74.8582664811108,62.81303009652784,71.71821741279844,높음,매우 높음,0,,,,,최근 36개월 추정 전세가율 82.0% | 80% 이상 매칭 비중 53.5% | 금천구 공식 피해·보증사고 배경지표 상위,seoul-dong-v1.0,서울 법정동 시장·건물구조 상대위험,"전세사기 발생확률이 아니며, 공식 동별 피해집계가 없는 지역의 피해 건수를 추정하지 않습니다.",2026-07,2026-07
1129010200,11290,성북동1가,성북구,166.0,75.0,4.0,13.0,76.94457619657967,38.46153846153847,15.384615384615385,166.0,156.0,93.97590361445783,,,,,21.0,2.0,950.0,0.0,202606,202607,79.0,8.0,10.0,10.0,75.0,50.0,2.0,7.0,270.0,197.0,76.0,38.0,141.0,105.0,692.0,605.0,38.578680203045685,71.57360406091371,53.299492385786806,19.289340101522843,1.143801652892562,표제부,271,52,19.18819188191882,441.0,441.0,135.0,370000000.0,2725569.4127290826,135.0,92,123,56,271,199807,1.3563088380286978,5,1445500000,0.8,48.0,81.15631691648822,84.28184281842819,43.39378238341969,,63.75661375661375,71.64179104477611,66.13756613756614,63.661202185792355,86.44986449864498,79.00466334927604,68.1746236053464,71.64645391090222,보통,매우 높음,0,,,,,최근 36개월 추정 전세가율 76.9% | 80% 이상 매칭 비중 38.5% | 비아파트 건물 비중 38.6%,seoul-dong-v1.0,서울 법정동 시장·건물구조 상대위험,"전세사기 발생확률이 아니며, 공식 동별 피해집계가 없는 지역의 피해 건수를 추정하지 않습니다.",2026-07,2026-06
1165011000,11650,염곡동,서초구,72.0,15.0,,,,,,72.0,72.0,100.0,1.0,2.0,-17.534867861412586,17.534867861412586,2.0,4.0,-50.0,50.0,202606,202604,50.0,13.0,0.0,0.0,22.0,2.0,0.0,0.0,219.0,169.0,26.0,21.0,105.0,68.0,242.0,1072.0,15.384615384615385,62.1301775147929,40.23668639053255,12.42603550295858,0.22574626865671643,표제부,218,29,13.302752293577983,22.0,22.0,157.0,1527000000.0,5789624.534250502,157.0,3,10,16,29,173895,0.16676730210759366,5,1573500000,0.8,26.0,57.17344753747323,,94.81865284974094,97.40259740259741,52.116402116402114,91.91542288557214,38.492063492063494,16.120218579234972,,95.0965633826312,42.278648220305826,71.52760008465518,낮음,매우 높음,0,,,,,최근 매매 단가 하락 신호 17.5% | 20년 이상 주거건물 비중 62.1% | 비아파트 건물 비중 15.4%,seoul-dong-v1.0,서울 법정동 시장·건물구조 상대위험,"전세사기 발생확률이 아니며, 공식 동별 피해집계가 없는 지역의 피해 건수를 추정하지 않습니다.",2026-04,2026-06
1111011400,11110,내자동,종로구,2.0,8.0,,,,,,2.0,2.0,100.0,,,,,1.0,0.0,,,202302,202606,2.0,8.0,0.0,0.0,0.0,0.0,0.0,0.0,,,,,,,,,,,,,,,135,13,9.62962962962963,77.0,77.0,22.0,369000000.0,8375534.600188897,22.0,5,14,15,34,72503,0.46894611257465213,3,527000000,1.0,40.0,41.32762312633833,,,,,91.91542288557214,,,,91.91542288557213,41.32762312633833,71.48115951292786,낮음,매우 높음,0,,,,,종로구 공식 피해·보증사고 배경지표 상위,seoul-dong-v1.0,서울 법정동 시장·건물구조 상대위험,"전세사기 발생확률이 아니며, 공식 동별 피해집계가 없는 지역의 피해 건수를 추정하지 않습니다.",2026-06,2023-02
1174010500,11740,길동,강동구,7379.0,3187.0,29.0,1166.0,73.60772823189585,29.073756432247,19.98284734133791,7379.0,4214.0,57.10800921534083,11.0,145.0,-7.215119834926091,7.215119834926091,777.0,180.0,331.66666666666663,0.0,202607,202607,943.0,69.0,3165.0,1555.0,2276.0,1011.0,995.0,552.0,1990.0,1682.0,907.0,495.0,1256.0,831.0,20240.0,38588.0,53.92390011890606,74.6730083234245,49.40546967895363,29.429250891795483,0.5245153933865451,표제부,1997,539,26.99048572859289,20836.0,20836.0,923.0,681000000.0,2422748.815165877,923.0,61,79,101,241,223649,1.0775813886938908,13,2727500000,1.1,52.0,95.07494646680942,80.21680216802169,43.39378238341969,90.9090909090909,70.1058201058201,41.04477611940299,87.3015873015873,27.595628415300546,80.21680216802169,74.22114089586,75.60142350274691,71.23304041320273,높음,매우 높음,0,,,,,최근 매매 단가 하락 신호 7.2% | 비아파트 건물 비중 53.9% | 최근 36개월 추정 전세가율 73.6%,seoul-dong-v1.0,서울 법정동 시장·건물구조 상대위험,"전세사기 발생확률이 아니며, 공식 동별 피해집계가 없는 지역의 피해 건수를 추정하지 않습니다.",2026-07,2026-07
1114014900,11140,을지로7가,중구,0.0,8.0,,,,,,,,,,,,,0.0,1.0,-100.0,100.0,,202506,0.0,8.0,0.0,0.0,0.0,0.0,0.0,0.0,1.0,0.0,0.0,0.0,0.0,0.0,0.0,359.0,,,,,0.0,총괄표제부_보완,91,13,14.285714285714285,1663.0,1663.0,15.0,312000000.0,8085808.580858086,15.0,2,10,7,19,63882,0.2974233743464512,2,350000000,0.4,18.0,61.45610278372591,,98.96373056994818,,,,,1.912568306010929,,98.96373056994818,35.93744515041949,71.06259962957378,낮음,매우 높음,0,,,,,중구 공식 피해·보증사고 배경지표 상위,seoul-dong-v1.0,서울 법정동 시장·건물구조 상대위험,"전세사기 발생확률이 아니며, 공식 동별 피해집계가 없는 지역의 피해 건수를 추정하지 않습니다.",2025-06,
1111015900,11110,원남동,종로구,63.0,33.0,1.0,10.0,113.9363225864312,100.0,100.0,63.0,63.0,100.0,,,,,11.0,3.0,266.66666666666663,0.0,202605,202605,10.0,9.0,0.0,0.0,0.0,1.0,53.0,23.0,,,,,,,,,,,,,,,277,26,9.386281588447654,292.0,292.0,74.0,231500000.0,3703749.82436675,74.0,5,14,15,34,72503,0.46894611257465213,3,527000000,1.0,40.0,39.186295503211994,98.78048780487805,43.39378238341969,,,91.91542288557214,,,100.0,92.0306382095514,39.186295503211994,71.01495680153383,낮음,매우 높음,0,,,,,최근 36개월 추정 전세가율 113.9% | 80% 이상 매칭 비중 100.0% | 종로구 공식 피해·보증사고 배경지표 상위,seoul-dong-v1.0,서울 법정동 시장·건물구조 상대위험,"전세사기 발생확률이 아니며, 공식 동별 피해집계가 없는 지역의 피해 건수를 추정하지 않습니다.",2026-05,2026-05
1159010300,11590,상도1동,동작구,1180.0,486.0,12.0,197.0,78.62564861405414,50.76142131979695,28.934010152284262,1180.0,1131.0,95.84745762711864,9.0,59.0,27.170048911909856,0.0,96.0,79.0,21.518987341772156,0.0,202607,202607,514.0,21.0,49.0,26.0,551.0,403.0,66.0,36.0,883.0,734.0,305.0,220.0,484.0,370.0,3507.0,2811.0,41.55313351498637,65.9400544959128,50.40871934604905,29.972752043596728,1.247598719316969,표제부,883,206,23.32955832389581,2663.0,2663.0,433.0,700000000.0,3118097.587562032,433.0,188,392,394,974,188064,5.179087970052748,5,1111000000,0.6,55.0,91.22055674518201,88.07588075880759,43.39378238341969,34.41558441558442,56.34920634920635,74.6268656716418,72.22222222222221,68.0327868852459,89.15989159891599,74.64732929711211,71.42521985801376,70.8947025427707,높음,매우 높음,0,,,,,최근 36개월 추정 전세가율 78.6% | 80% 이상 매칭 비중 50.8% | 비아파트 건물 비중 41.6%,seoul-dong-v1.0,서울 법정동 시장·건물구조 상대위험,"전세사기 발생확률이 아니며, 공식 동별 피해집계가 없는 지역의 피해 건수를 추정하지 않습니다.",2026-07,2026-07
1150010200,11500,등촌동,강서구,14574.0,5127.0,31.0,1408.0,72.78122661642112,32.528409090909086,23.863636363636363,14574.0,8944.0,61.36956223411555,16.0,392.0,0.754982642272199,0.0,1344.0,418.0,221.5311004784689,0.0,202607,202607,570.0,74.0,5630.0,2227.0,3531.0,1510.0,4843.0,1316.0,2138.0,1571.0,846.0,377.0,1131.0,744.0,29022.0,113510.0,53.85105028644176,71.99236155315086,47.358370464672184,23.997453851050288,0.2556779138401903,표제부,2137,382,17.875526438933083,40050.0,40050.0,638.0,536000000.0,2374976.3849791763,638.0,614,585,428,1627,274577,5.925478099039614,84,18031270000,2.9,94.0,76.44539614561027,82.38482384823848,43.39378238341969,34.41558441558442,64.55026455026454,44.27860696517413,86.77248677248677,17.759562841530055,78.59078590785907,65.96209692240029,68.7995745019124,70.87715177891828,높음,매우 높음,0,,,,,강서구 공식 피해·보증사고 배경지표 상위 | 비아파트 건물 비중 53.9% | 80% 이상 매칭 비중 32.5%,seoul-dong-v1.0,서울 법정동 시장·건물구조 상대위험,"전세사기 발생확률이 아니며, 공식 동별 피해집계가 없는 지역의 피해 건수를 추정하지 않습니다.",2026-07,2026-07
1111015300,11110,돈의동,종로구,1.0,31.0,,,,,,1.0,1.0,100.0,,,,,2.0,6.0,-66.66666666666667,66.66666666666667,202602,202603,1.0,13.0,0.0,0.0,0.0,0.0,0.0,18.0,1.0,0.0,0.0,0.0,0.0,0.0,0.0,0.0,,,,,,총괄표제부_보완,255,21,8.235294117647058,1178.0,1178.0,95.0,94500000.0,3118518.5185185187,95.0,5,14,15,34,72503,0.46894611257465213,3,527000000,1.0,40.0,32.76231263383298,,96.11398963730569,,,91.91542288557214,,,,94.01470626143892,32.76231263383298,70.5994019153216,낮음,매우 높음,0,,,,,종로구 공식 피해·보증사고 배경지표 상위,seoul-dong-v1.0,서울 법정동 시장·건물구조 상대위험,"전세사기 발생확률이 아니며, 공식 동별 피해집계가 없는 지역의 피해 건수를 추정하지 않습니다.",2026-03,2026-02
1174010900,11740,천호동,강동구,16830.0,7171.0,37.0,1374.0,74.08580689248974,24.526928675400292,23.508005822416305,16830.0,13218.0,78.53832442067737,18.0,594.0,-1.5341192341114755,1.5341192341114755,1369.0,810.0,69.01234567901236,0.0,202607,202607,2946.0,362.0,3612.0,1580.0,7881.0,3563.0,2391.0,1666.0,5795.0,5065.0,2433.0,1109.0,3892.0,3230.0,33344.0,30783.0,48.035538005923,76.84106614017769,63.77097729516288,21.895360315893384,1.0831952701166228,표제부,5810,1063,18.2960413080895,33580.0,33580.0,3378.0,521500000.0,2590288.4975891495,3378.0,61,79,101,241,223649,1.0775813886938908,13,2727500000,1.1,52.0,78.15845824411134,75.33875338753387,43.39378238341969,77.27272727272727,74.07407407407408,59.20398009950249,82.01058201058201,60.38251366120219,80.75880758807588,72.98889672131513,76.01182002075393,70.59629303797756,높음,매우 높음,0,,,,,비아파트 건물 비중 48.0% | 최근 36개월 추정 전세가율 74.1% | 최근 매매 단가 하락 신호 1.5%,seoul-dong-v1.0,서울 법정동 시장·건물구조 상대위험,"전세사기 발생확률이 아니며, 공식 동별 피해집계가 없는 지역의 피해 건수를 추정하지 않습니다.",2026-07,2026-07
1111013400,11110,경운동,종로구,47.0,83.0,3.0,21.0,76.41661903336544,33.33333333333333,0.0,47.0,46.0,97.87234042553192,3.0,10.0,1.7880255177176885,0.0,15.0,12.0,25.0,0.0,202507,202607,0.0,1.0,1.0,0.0,0.0,0.0,46.0,82.0,3.0,1.0,1.0,1.0,1.0,0.0,434.0,270.0,100.0,100.0,0.0,100.0,1.6074074074074074,총괄표제부_보완,65,6,9.230769230769232,611.0,611.0,10.0,546500000.0,7233738.34540335,10.0,5,14,15,34,72503,0.46894611257465213,3,527000000,1.0,40.0,38.32976445396146,83.19783197831978,43.39378238341969,34.41558441558442,99.07407407407408,78.1094527363184,98.80952380952381,78.68852459016394,85.63685636856368,72.36686171631689,83.76155962164493,70.36050693520137,낮음,매우 높음,0,,,,,20년 이상 주거건물 비중 100.0% | 비아파트 건물 비중 100.0% | 최근 36개월 추정 전세가율 76.4%,seoul-dong-v1.0,서울 법정동 시장·건물구조 상대위험,"전세사기 발생확률이 아니며, 공식 동별 피해집계가 없는 지역의 피해 건수를 추정하지 않습니다.",2026-07,2025-07
1111013100,11110,권농동,종로구,1.0,5.0,,,,,,1.0,1.0,100.0,,,,,0.0,2.0,-100.0,100.0,202511,202505,1.0,5.0,0.0,0.0,0.0,0.0,0.0,0.0,,,,,,,,,,,,,,,149,11,7.38255033557047,,,30.0,283000000.0,5697820.750659581,30.0,5,14,15,34,72503,0.46894611257465213,3,527000000,1.0,40.0,28.26552462526767,,98.96373056994818,,,91.91542288557214,,,,95.43957672776017,28.26552462526767,70.33012719297302,낮음,매우 높음,0,,,,,종로구 공식 피해·보증사고 배경지표 상위,seoul-dong-v1.0,서울 법정동 시장·건물구조 상대위험,"전세사기 발생확률이 아니며, 공식 동별 피해집계가 없는 지역의 피해 건수를 추정하지 않습니다.",2025-05,2025-11
1111010600,11110,통의동,종로구,12.0,12.0,,,,,,12.0,12.0,100.0,,,,,,,,,202511,202401,12.0,10.0,0.0,0.0,0.0,2.0,0.0,0.0,,,,,,,,,,,,,,,202,18,8.91089108910891,18.0,18.0,63.0,449000000.0,7271255.060728745,63.0,5,14,15,34,72503,0.46894611257465213,3,527000000,1.0,40.0,35.974304068522486,,,,,91.91542288557214,,,,91.91542288557213,35.974304068522486,70.1428297484739,낮음,매우 높음,0,,,,,종로구 공식 피해·보증사고 배경지표 상위,seoul-dong-v1.0,서울 법정동 시장·건물구조 상대위험,"전세사기 발생확률이 아니며, 공식 동별 피해집계가 없는 지역의 피해 건수를 추정하지 않습니다.",2024-01,2025-11
1129012200,11290,안암동2가,성북구,210.0,146.0,2.0,8.0,70.18084872872143,25.0,0.0,210.0,210.0,100.0,1.0,2.0,71.39419082814962,0.0,15.0,68.0,-77.94117647058823,77.94117647058823,202606,202606,187.0,22.0,0.0,0.0,23.0,64.0,0.0,60.0,357.0,312.0,163.0,71.0,213.0,171.0,1041.0,688.0,52.243589743589745,68.26923076923077,54.807692307692314,22.756410256410255,1.5130813953488371,표제부,357,79,22.128851540616246,377.0,377.0,265.0,277000000.0,2116531.4302473357,265.0,92,123,56,271,199807,1.3563088380286978,5,1445500000,0.8,48.0,89.72162740899357,76.42276422764228,96.89119170984456,34.41558441558442,58.994708994709,91.91542288557214,85.71428571428571,76.22950819672131,72.08672086720867,71.98337852567337,78.41314324569844,69.99331292682864,보통,높음,0,,,,,비아파트 건물 비중 52.2% | 80% 이상 매칭 비중 25.0% | 최근 36개월 추정 전세가율 70.2%,seoul-dong-v1.0,서울 법정동 시장·건물구조 상대위험,"전세사기 발생확률이 아니며, 공식 동별 피해집계가 없는 지역의 피해 건수를 추정하지 않습니다.",2026-06,2026-06
1156010200,11560,영등포동1가,영등포구,2323.0,665.0,9.0,141.0,96.48500476881075,91.48936170212765,75.177304964539,2323.0,1844.0,79.38011192423589,3.0,24.0,2.8118722742883655,0.0,76.0,26.0,192.3076923076923,0.0,202607,202607,5.0,0.0,479.0,335.0,153.0,24.0,1686.0,306.0,19.0,17.0,1.0,6.0,1.0,0.0,285.0,378.0,5.88235294117647,5.88235294117647,0.0,35.294117647058826,0.753968253968254,총괄표제부_보완,167,36,21.55688622754491,4622.0,4622.0,2.0,847000000.0,2903494.1904695993,2.0,84,213,201,498,193619,2.572061626183381,30,7456770000,1.8,79.0,88.22269807280514,97.289972899729,43.39378238341969,34.41558441558442,29.629629629629626,60.447761194029844,26.984126984126984,39.07103825136612,98.91598915989161,79.43538090897151,41.706253553324146,69.93779193371394,낮음,높음,0,,,,,최근 36개월 추정 전세가율 96.5% | 80% 이상 매칭 비중 91.5% | 영등포구 공식 피해·보증사고 배경지표 상위,seoul-dong-v1.0,서울 법정동 시장·건물구조 상대위험,"전세사기 발생확률이 아니며, 공식 동별 피해집계가 없는 지역의 피해 건수를 추정하지 않습니다.",2026-07,2026-07
1138010500,11380,구산동,은평구,2883.0,2672.0,16.0,664.0,72.81887512300547,24.69879518072289,0.0,2883.0,2429.0,84.25251474158863,7.0,244.0,-7.032672208027949,7.032672208027949,362.0,298.0,21.476510067114084,0.0,202607,202607,343.0,67.0,454.0,365.0,2049.0,2231.0,37.0,9.0,64.0,57.0,43.0,16.0,9.0,4.0,3059.0,2955.0,75.43859649122807,15.789473684210526,7.017543859649122,28.07017543859649,1.0351945854483926,총괄표제부_보완,1885,369,19.575596816976127,11034.0,11034.0,721.0,420000000.0,2163037.0806356682,721.0,135,182,100,417,214777,1.9415486760686664,6,1752000000,0.6,45.0,82.86937901498929,75.60975609756098,43.39378238341969,90.5844155844156,35.84656084656085,64.92537313432835,96.56084656084656,57.92349726775956,78.86178861788618,74.86673236098186,72.84837922914063,69.88213422387427,보통,높음,0,,,,,비아파트 건물 비중 75.4% | 최근 매매 단가 하락 신호 7.0% | 최근 36개월 추정 전세가율 72.8%,seoul-dong-v1.0,서울 법정동 시장·건물구조 상대위험,"전세사기 발생확률이 아니며, 공식 동별 피해집계가 없는 지역의 피해 건수를 추정하지 않습니다.",2026-07,2026-07
1144012000,11440,서교동,마포구,3008.0,1166.0,19.0,468.0,78.43550551679641,47.863247863247864,10.47008547008547,3008.0,2632.0,87.5,10.0,125.0,-0.48596781132309685,0.48596781132309685,242.0,139.0,74.10071942446044,0.0,202607,202607,638.0,73.0,376.0,254.0,1809.0,679.0,185.0,160.0,2855.0,1554.0,838.0,642.0,1257.0,838.0,11007.0,13463.0,53.925353925353924,80.8880308880309,53.925353925353924,41.312741312741316,0.8175740919557305,표제부,2854,428,14.996496145760336,9353.0,9353.0,1029.0,1096000000.0,5045673.736621319,1029.0,44,86,34,164,180580,0.908184738066231,4,760000000,0.3,24.0,64.23982869379014,87.26287262872629,43.39378238341969,71.75324675324676,82.27513227513228,66.66666666666666,87.56613756613757,42.62295081967213,88.6178861788618,79.03190454672195,74.83664645694695,69.7283043422699,높음,높음,0,,,,,최근 36개월 추정 전세가율 78.4% | 비아파트 건물 비중 53.9% | 80% 이상 매칭 비중 47.9%,seoul-dong-v1.0,서울 법정동 시장·건물구조 상대위험,"전세사기 발생확률이 아니며, 공식 동별 피해집계가 없는 지역의 피해 건수를 추정하지 않습니다.",2026-07,2026-07
1153010200,11530,구로동,구로구,16788.0,8905.0,48.0,1821.0,70.24831955055564,26.13948380010983,24.327292696320704,16788.0,8222.0,48.9754586609483,18.0,426.0,1.0942634238385243,0.0,2063.0,532.0,287.78195488721803,0.0,202607,202607,2376.0,286.0,8566.0,4565.0,2462.0,1753.0,3384.0,2301.0,8310.0,6905.0,3149.0,1614.0,5515.0,4328.0,55955.0,47136.0,45.60463432295438,79.86965966690803,62.679217958001445,23.374366401158582,1.187096911065852,표제부,8326,1651,19.829449915926016,73592.0,73592.0,4647.0,300000000.0,1998197.1153846153,4647.0,183,209,135,527,185143,2.8464484209502925,21,4129400000,2.1,86.0,83.72591006423983,78.04878048780488,43.39378238341969,34.41558441558442,79.62962962962963,33.83084577114428,80.15873015873017,65.30054644808743,72.35772357723577,61.34008503063959,78.51116345096057,69.33184188112389,높음,높음,0,,,,,구로구 공식 피해·보증사고 배경지표 상위 | 비아파트 건물 비중 45.6% | 20년 이상 주거건물 비중 79.9%,seoul-dong-v1.0,서울 법정동 시장·건물구조 상대위험,"전세사기 발생확률이 아니며, 공식 동별 피해집계가 없는 지역의 피해 건수를 추정하지 않습니다.",2026-07,2026-07
1138010800,11380,역촌동,은평구,5703.0,4048.0,23.0,747.0,75.3080860824539,19.946452476572958,19.946452476572958,5703.0,5296.0,92.86340522532001,12.0,429.0,-1.271013726096775,1.271013726096775,555.0,493.0,12.576064908722117,0.0,202607,202607,941.0,153.0,407.0,312.0,3908.0,3457.0,447.0,126.0,64.0,56.0,46.0,9.0,5.0,3.0,2277.0,2210.0,82.14285714285714,8.928571428571429,5.357142857142857,16.071428571428573,1.0303167420814479,총괄표제부_보완,3197,824,25.774163278073193,15857.0,15857.0,1437.0,438000000.0,2157122.365662584,1437.0,135,182,100,417,214777,1.9415486760686664,6,1752000000,0.6,45.0,93.79014989293361,69.10569105691057,43.39378238341969,75.97402597402598,32.01058201058201,70.1492537313433,97.35449735449735,56.557377049180324,82.92682926829268,73.19756197912491,74.1860809804082,69.215057432577,보통,높음,0,,,,,비아파트 건물 비중 82.1% | 최근 36개월 추정 전세가율 75.3% | 최근 매매 단가 하락 신호 1.3%,seoul-dong-v1.0,서울 법정동 시장·건물구조 상대위험,"전세사기 발생확률이 아니며, 공식 동별 피해집계가 없는 지역의 피해 건수를 추정하지 않습니다.",2026-07,2026-07
1130510400,11305,우이동,강북구,842.0,995.0,13.0,193.0,67.29923365491787,10.880829015544041,7.772020725388601,842.0,699.0,83.0166270783848,7.0,71.0,-3.31159380614835,3.31159380614835,106.0,127.0,-16.535433070866144,16.535433070866144,202607,202607,163.0,55.0,143.0,80.0,536.0,860.0,0.0,0.0,1140.0,927.0,409.0,85.0,747.0,615.0,4726.0,2937.0,44.12081984897519,80.58252427184466,66.34304207119742,9.169363538295578,1.609124957439564,표제부,1140,146,12.80701754385965,4052.0,4052.0,556.0,290500000.0,2004610.3761177175,556.0,63,67,57,187,142815,1.30938626894934,6,1365000000,1.5,64.0,54.389721627408996,56.639566395663955,87.8238341968912,84.0909090909091,80.68783068783068,63.43283582089553,77.5132275132275,78.96174863387978,65.31165311653116,68.02385621094348,73.89945529781244,68.88917755101919,높음,높음,0,,,,,최근 매매 단가 하락 신호 3.3% | 20년 이상 주거건물 비중 80.6% | 비아파트 건물 비중 44.1%,seoul-dong-v1.0,서울 법정동 시장·건물구조 상대위험,"전세사기 발생확률이 아니며, 공식 동별 피해집계가 없는 지역의 피해 건수를 추정하지 않습니다.",2026-07,2026-07
1114015500,11140,을지로3가,중구,0.0,21.0,,,,,,,,,,,,,0.0,1.0,-100.0,100.0,,202505,0.0,7.0,0.0,0.0,0.0,0.0,0.0,14.0,,,,,,,,,,,,,,,321,23,7.165109034267912,209.0,209.0,2.0,579500000.0,4543814.105800318,2.0,2,10,7,19,63882,0.2974233743464512,2,350000000,0.4,18.0,26.98072805139186,,98.96373056994818,,,,,,,98.96373056994818,26.98072805139186,68.82342035481688,낮음,높음,0,,,,,중구 공식 피해·보증사고 배경지표 상위,seoul-dong-v1.0,서울 법정동 시장·건물구조 상대위험,"전세사기 발생확률이 아니며, 공식 동별 피해집계가 없는 지역의 피해 건수를 추정하지 않습니다.",2025-05,
1156012600,11560,양평동2가,영등포구,1927.0,678.0,13.0,268.0,83.38195230574276,42.16417910447761,38.43283582089552,1927.0,1514.0,78.56772184743124,6.0,58.0,3.6549076073336115,0.0,181.0,61.0,196.72131147540983,0.0,202607,202607,47.0,11.0,413.0,175.0,29.0,4.0,1438.0,488.0,12.0,7.0,2.0,2.0,0.0,0.0,814.0,577.0,28.57142857142857,0.0,0.0,28.57142857142857,1.4107452339688042,총괄표제부_보완,257,50,19.45525291828794,4790.0,4790.0,128.0,358500000.0,3325271.458334269,128.0,84,213,201,498,193619,2.572061626183381,30,7456770000,1.8,79.0,82.44111349036403,85.90785907859079,43.39378238341969,34.41558441558442,13.492063492063492,59.452736318407965,48.94179894179894,74.04371584699454,92.41192411924119,73.8887239498646,50.544515524857445,68.81936325113311,낮음,높음,0,,,,,최근 36개월 추정 전세가율 83.4% | 80% 이상 매칭 비중 42.2% | 영등포구 공식 피해·보증사고 배경지표 상위,seoul-dong-v1.0,서울 법정동 시장·건물구조 상대위험,"전세사기 발생확률이 아니며, 공식 동별 피해집계가 없는 지역의 피해 건수를 추정하지 않습니다.",2026-07,2026-07
1111012200,11110,청진동,종로구,0.0,1.0,,,,,,,,,,,,,0.0,1.0,-100.0,100.0,,202504,0.0,1.0,0.0,0.0,0.0,0.0,0.0,0.0,5.0,4.0,0.0,0.0,0.0,0.0,7.0,0.0,0.0,0.0,0.0,0.0,,총괄표제부_보완,101,4,3.9603960396039604,337.0,337.0,1.0,322000000.0,5366666.666666667,1.0,5,14,15,34,72503,0.46894611257465213,3,527000000,1.0,40.0,13.276231263383298,,98.96373056994818,,13.492063492063492,,11.772486772486772,,,98.96373056994818,12.632066864337931,68.5362550580534,낮음,높음,0,,,,,종로구 공식 피해·보증사고 배경지표 상위 | 20년 이상 주거건물 비중 0.0% | 비아파트 건물 비중 0.0%,seoul-dong-v1.0,서울 법정동 시장·건물구조 상대위험,"전세사기 발생확률이 아니며, 공식 동별 피해집계가 없는 지역의 피해 건수를 추정하지 않습니다.",2025-04,
1154510200,11545,독산동,금천구,15961.0,7442.0,31.0,1203.0,72.03395316468225,23.940149625935163,15.627597672485452,15961.0,12252.0,76.76210763736609,13.0,429.0,7.179566427311727,0.0,1298.0,629.0,106.35930047694755,0.0,202607,202607,2716.0,315.0,3709.0,1891.0,4776.0,3398.0,4760.0,1838.0,7037.0,5889.0,2416.0,1422.0,4550.0,3811.0,42231.0,35553.0,41.02564102564102,77.2626931567329,64.71387332314484,24.14671421293938,1.1878322504430006,표제부,7037,1369,19.454312917436408,39826.0,39826.0,4187.0,399000000.0,1860114.897651849,4187.0,216,271,288,775,122059,6.34938841052278,9,1556000000,1.0,74.0,82.22698072805139,73.98373983739837,43.39378238341969,34.41558441558442,74.60317460317461,58.457711442786064,70.63492063492063,65.57377049180327,78.04878048780488,65.06293419942979,73.18622362414268,68.43431642569354,높음,높음,0,,,,,최근 36개월 추정 전세가율 72.0% | 20년 이상 주거건물 비중 77.3% | 금천구 공식 피해·보증사고 배경지표 상위,seoul-dong-v1.0,서울 법정동 시장·건물구조 상대위험,"전세사기 발생확률이 아니며, 공식 동별 피해집계가 없는 지역의 피해 건수를 추정하지 않습니다.",2026-07,2026-07
1141011200,11410,대현동,서대문구,1708.0,1108.0,10.0,302.0,83.84266225184781,73.84105960264901,70.52980132450331,1708.0,1118.0,65.4566744730679,3.0,124.0,11.391382049139214,0.0,206.0,148.0,39.189189189189186,0.0,202607,202607,44.0,5.0,590.0,212.0,77.0,26.0,997.0,865.0,592.0,295.0,83.0,124.0,204.0,177.0,3824.0,6856.0,28.135593220338983,69.15254237288136,60.0,42.03389830508474,0.5577596266044341,표제부,599,130,21.702838063439064,8568.0,8568.0,126.0,409000000.0,3242882.1873845654,126.0,31,109,60,200,147178,1.3588987484542527,7,1682000000,1.2,62.0,88.6509635974304,93.22493224932249,43.39378238341969,34.41558441558442,61.111111111111114,48.258706467661696,48.148148148148145,29.23497267759563,92.95392953929539,74.81539142549457,56.652475658162466,68.35235376983736,높음,높음,0,,,,,80% 이상 매칭 비중 73.8% | 최근 36개월 추정 전세가율 83.8% | 서대문구 공식 피해·보증사고 배경지표 상위,seoul-dong-v1.0,서울 법정동 시장·건물구조 상대위험,"전세사기 발생확률이 아니며, 공식 동별 피해집계가 없는 지역의 피해 건수를 추정하지 않습니다.",2026-07,2026-07
1162010100,11620,봉천동,관악구,28567.0,9984.0,54.0,1789.0,71.11343411756957,24.035774175517048,15.148127445500279,28567.0,18917.0,66.21976406342984,24.0,707.0,8.411250036197044,0.0,2830.0,773.0,266.1060802069858,0.0,202607,202607,10327.0,415.0,9650.0,4247.0,6623.0,3938.0,1967.0,1384.0,12951.0,10964.0,3643.0,1523.0,8434.0,6212.0,76160.0,56018.0,33.22692448011675,76.92448011674571,56.65815395840934,13.890915724188252,1.3595629976079118,표제부,12955,1869,14.426862215360863,69519.0,69519.0,8139.0,491000000.0,2442663.234261643,8136.0,383,1108,801,2292,291311,7.867880031993299,16,4199500000,2.7,96.0,62.098501070663815,74.25474254742548,43.39378238341969,34.41558441558442,74.33862433862434,48.507462686567166,56.613756613756614,72.40437158469946,75.06775067750678,62.943248077195435,64.51051468199641,68.29357751681636,높음,높음,0,,,,,관악구 공식 피해·보증사고 배경지표 상위 | 최근 36개월 추정 전세가율 71.1% | 20년 이상 주거건물 비중 76.9%,seoul-dong-v1.0,서울 법정동 시장·건물구조 상대위험,"전세사기 발생확률이 아니며, 공식 동별 피해집계가 없는 지역의 피해 건수를 추정하지 않습니다.",2026-07,2026-07
1141010300,11410,합동,서대문구,186.0,208.0,6.0,42.0,82.082828153815,83.33333333333334,47.61904761904761,186.0,118.0,63.44086021505376,4.0,22.0,-0.16697576381621582,0.16697576381621582,42.0,35.0,19.999999999999996,0.0,202606,202607,0.0,0.0,68.0,23.0,2.0,1.0,116.0,184.0,55.0,38.0,1.0,4.0,23.0,19.0,710.0,593.0,2.631578947368421,60.526315789473685,50.0,10.526315789473683,1.197301854974705,표제부,57,7,12.280701754385964,1089.0,1089.0,8.0,247500000.0,4444877.674061314,8.0,31,109,60,200,147178,1.3588987484542527,7,1682000000,1.2,62.0,51.605995717344754,96.07046070460704,43.39378238341969,69.8051948051948,51.85185185185185,46.766169154228855,24.6031746031746,65.84699453551912,91.59891598915989,80.14395594635978,43.00248112802962,68.13699384982327,보통,높음,0,,,,,80% 이상 매칭 비중 83.3% | 최근 36개월 추정 전세가율 82.1% | 최근 매매 단가 하락 신호 0.2%,seoul-dong-v1.0,서울 법정동 시장·건물구조 상대위험,"전세사기 발생확률이 아니며, 공식 동별 피해집계가 없는 지역의 피해 건수를 추정하지 않습니다.",2026-07,2026-06
1123010800,11230,회기동,동대문구,1302.0,375.0,16.0,171.0,64.24362937234308,28.654970760233915,0.0,1302.0,842.0,64.66973886328725,3.0,10.0,-36.27390900167275,36.27390900167275,93.0,42.0,121.42857142857144,0.0,202607,202607,597.0,61.0,460.0,218.0,186.0,96.0,59.0,0.0,1249.0,912.0,365.0,207.0,763.0,632.0,4953.0,8991.0,40.021929824561404,83.66228070175438,69.2982456140351,22.697368421052634,0.5508842175508842,표제부,1248,271,21.71474358974359,2776.0,2776.0,756.0,429000000.0,2458167.282974351,756.0,27,275,201,503,180852,2.781279720434388,9,2033690000,1.0,66.0,89.07922912205566,79.94579945799458,43.39378238341969,99.67532467532467,85.71428571428571,47.76119402985074,68.25396825396825,28.96174863387978,58.265582655826556,67.35947926945502,70.89026684965182,68.03825427408597,높음,높음,0,,,,,최근 매매 단가 하락 신호 36.3% | 20년 이상 주거건물 비중 83.7% | 80% 이상 매칭 비중 28.7%,seoul-dong-v1.0,서울 법정동 시장·건물구조 상대위험,"전세사기 발생확률이 아니며, 공식 동별 피해집계가 없는 지역의 피해 건수를 추정하지 않습니다.",2026-07,2026-07
1111010900,11110,누상동,종로구,384.0,215.0,9.0,89.0,76.77443306353804,20.224719101123593,7.865168539325842,384.0,382.0,99.47916666666666,4.0,18.0,2.3636965995707317,0.0,47.0,23.0,104.34782608695654,0.0,202607,202607,59.0,11.0,2.0,1.0,323.0,203.0,0.0,0.0,2.0,1.0,1.0,0.0,1.0,0.0,4.0,0.0,100.0,100.0,0.0,0.0,,총괄표제부_보완,313,19,6.070287539936102,1120.0,1120.0,126.0,341000000.0,3948291.659244607,126.0,5,14,15,34,72503,0.46894611257465213,3,527000000,1.0,40.0,22.269807280513916,69.37669376693766,43.39378238341969,34.41558441558442,99.07407407407408,82.58706467661692,98.80952380952381,,86.1788617886179,69.5761405255229,80.87798764521274,67.96518122661692,낮음,높음,0,,,,,20년 이상 주거건물 비중 100.0% | 비아파트 건물 비중 100.0% | 최근 36개월 추정 전세가율 76.8%,seoul-dong-v1.0,서울 법정동 시장·건물구조 상대위험,"전세사기 발생확률이 아니며, 공식 동별 피해집계가 없는 지역의 피해 건수를 추정하지 않습니다.",2026-07,2026-07
1114013800,11140,필동2가,중구,83.0,47.0,,,,,,83.0,83.0,100.0,,,,,3.0,4.0,-25.0,25.0,202607,202606,46.0,8.0,0.0,0.0,37.0,39.0,0.0,0.0,27.0,14.0,2.0,1.0,0.0,0.0,60.0,52.0,14.285714285714285,0.0,0.0,7.142857142857142,1.1538461538461537,총괄표제부_보완,370,65,17.56756756756757,130.0,130.0,87.0,399000000.0,3142655.3672316386,87.0,2,10,7,19,63882,0.2974233743464512,2,350000000,0.4,18.0,74.94646680942184,,89.50777202072538,,13.492063492063492,91.91542288557214,36.77248677248677,63.934426229508205,,90.71159745314876,42.661467878321176,67.79232544146954,낮음,높음,0,,,,,비아파트 건물 비중 14.3% | 중구 공식 피해·보증사고 배경지표 상위 | 20년 이상 주거건물 비중 0.0%,seoul-dong-v1.0,서울 법정동 시장·건물구조 상대위험,"전세사기 발생확률이 아니며, 공식 동별 피해집계가 없는 지역의 피해 건수를 추정하지 않습니다.",2026-06,2026-07
1123010600,11230,장안동,동대문구,8405.0,4977.0,32.0,1219.0,76.2988239317446,30.106644790812144,28.794093519278096,8405.0,5271.0,62.71267102914931,16.0,352.0,2.0401179915688026,0.0,1029.0,638.0,61.285266457680244,0.0,202607,202607,909.0,142.0,3134.0,1847.0,2230.0,1539.0,2132.0,1449.0,3719.0,2846.0,1116.0,766.0,2078.0,1796.0,27194.0,42329.0,39.212930428671825,73.0147575544624,63.106113843991565,26.91496837666901,0.6424437147109546,표제부,3721,880,23.649556570814298,28661.0,28661.0,1959.0,341000000.0,2137488.2555590356,1959.0,27,275,201,503,180852,2.781279720434388,9,2033690000,1.0,66.0,91.64882226980728,81.30081300813008,43.39378238341969,34.41558441558442,67.1957671957672,45.77114427860697,66.93121693121694,34.15300546448087,85.09485094850947,68.44197395997665,67.02414384506216,67.72122033725152,높음,높음,0,,,,,최근 36개월 추정 전세가율 76.3% | 80% 이상 매칭 비중 30.1% | 20년 이상 주거건물 비중 73.0%,seoul-dong-v1.0,서울 법정동 시장·건물구조 상대위험,"전세사기 발생확률이 아니며, 공식 동별 피해집계가 없는 지역의 피해 건수를 추정하지 않습니다.",2026-07,2026-07
1162010200,11620,신림동,관악구,26268.0,10131.0,48.0,1642.0,67.30004666061218,24.482338611449453,16.07795371498173,26268.0,20986.0,79.89188366072788,32.0,668.0,12.718460121748352,0.0,1920.0,1040.0,84.61538461538463,0.0,202607,202607,11195.0,898.0,5282.0,2502.0,8358.0,5915.0,1433.0,816.0,17797.0,14945.0,4849.0,2234.0,11790.0,9617.0,84395.0,56406.0,32.445633991301435,78.8892606222817,64.34928069588491,14.948143191702911,1.496206077367656,표제부,17792,2772,15.580035971223023,62061.0,62061.0,12260.0,488000000.0,2408359.1111547593,12260.0,383,1108,801,2292,291311,7.867880031993299,16,4199500000,2.7,96.0,67.6659528907923,75.06775067750678,43.39378238341969,34.41558441558442,76.98412698412699,60.94527363184079,56.08465608465608,75.95628415300546,65.58265582655827,60.59624326386371,66.60652738100346,67.4093778035691,높음,높음,0,,,,,관악구 공식 피해·보증사고 배경지표 상위 | 20년 이상 주거건물 비중 78.9% | 80% 이상 매칭 비중 24.5%,seoul-dong-v1.0,서울 법정동 시장·건물구조 상대위험,"전세사기 발생확률이 아니며, 공식 동별 피해집계가 없는 지역의 피해 건수를 추정하지 않습니다.",2026-07,2026-07
1156011700,11560,당산동,영등포구,2145.0,519.0,16.0,199.0,76.07314404062721,48.24120603015075,44.72361809045226,2145.0,1534.0,71.51515151515152,3.0,19.0,-8.800673160867378,8.800673160867378,108.0,31.0,248.38709677419354,0.0,202607,202607,22.0,1.0,611.0,310.0,365.0,59.0,1147.0,149.0,58.0,53.0,2.0,2.0,0.0,0.0,1608.0,1426.0,3.7735849056603774,0.0,0.0,3.7735849056603774,1.1276297335203367,총괄표제부_보완,617,60,9.724473257698541,5144.0,5144.0,21.0,489000000.0,2237064.8245573905,21.0,84,213,201,498,193619,2.572061626183381,30,7456770000,1.8,79.0,41.54175588865097,87.53387533875339,43.39378238341969,92.85714285714286,13.492063492063492,53.233830845771145,25.132275132275133,62.841530054644814,84.5528455284553,79.29593979756098,31.16050661185284,67.2176905314998,보통,높음,0,,,,,최근 매매 단가 하락 신호 8.8% | 80% 이상 매칭 비중 48.2% | 최근 36개월 추정 전세가율 76.1%,seoul-dong-v1.0,서울 법정동 시장·건물구조 상대위험,"전세사기 발생확률이 아니며, 공식 동별 피해집계가 없는 지역의 피해 건수를 추정하지 않습니다.",2026-07,2026-07
1114013700,11140,필동1가,중구,36.0,15.0,2.0,7.0,93.19021515450261,100.0,57.14285714285714,36.0,33.0,91.66666666666666,,,,,3.0,3.0,0.0,-0.0,202603,202602,6.0,2.0,3.0,1.0,0.0,0.0,27.0,12.0,,,,,,,,,,,,,,,122,13,10.655737704918032,820.0,820.0,13.0,202000000.0,2498064.879318837,13.0,2,10,7,19,63882,0.2974233743464512,2,350000000,0.4,18.0,45.610278372591004,98.78048780487805,43.39378238341969,,,69.40298507462687,,,97.5609756097561,88.2343399305019,45.610278372591004,67.04317355144889,낮음,높음,0,,,,,80% 이상 매칭 비중 100.0% | 최근 36개월 추정 전세가율 93.2% | 중구 공식 피해·보증사고 배경지표 상위,seoul-dong-v1.0,서울 법정동 시장·건물구조 상대위험,"전세사기 발생확률이 아니며, 공식 동별 피해집계가 없는 지역의 피해 건수를 추정하지 않습니다.",2026-02,2026-03
1111014100,11110,안국동,종로구,15.0,14.0,,,,,,15.0,15.0,100.0,,,,,2.0,4.0,-50.0,50.0,202506,202601,7.0,14.0,0.0,0.0,8.0,0.0,0.0,0.0,2.0,1.0,0.0,0.0,0.0,0.0,1.0,0.0,0.0,0.0,0.0,0.0,,총괄표제부_보완,165,17,10.303030303030303,20.0,20.0,61.0,625000000.0,8700387.221684415,61.0,5,14,15,34,72503,0.46894611257465213,3,527000000,1.0,40.0,43.897216274089935,,94.81865284974094,,13.492063492063492,91.91542288557214,11.772486772486772,,,93.36703786765653,19.837004513915964,66.97947384907292,낮음,높음,0,,,,,종로구 공식 피해·보증사고 배경지표 상위 | 20년 이상 주거건물 비중 0.0% | 비아파트 건물 비중 0.0%,seoul-dong-v1.0,서울 법정동 시장·건물구조 상대위험,"전세사기 발생확률이 아니며, 공식 동별 피해집계가 없는 지역의 피해 건수를 추정하지 않습니다.",2026-01,2025-06
1156010300,11560,영등포동2가,영등포구,2832.0,556.0,13.0,255.0,91.30863948137367,84.31372549019608,47.84313725490196,2832.0,2571.0,90.78389830508475,7.0,50.0,44.19465537560426,0.0,152.0,55.0,176.36363636363637,0.0,202607,202607,16.0,7.0,261.0,66.0,595.0,72.0,1960.0,411.0,53.0,36.0,2.0,17.0,0.0,0.0,165.0,213.0,5.555555555555555,0.0,0.0,47.22222222222222,0.7746478873239436,총괄표제부_보완,517,67,12.959381044487428,4412.0,4412.0,47.0,397000000.0,5738705.738705738,47.0,84,213,201,498,193619,2.572061626183381,30,7456770000,1.8,79.0,55.24625267665952,96.4769647696477,43.39378238341969,34.41558441558442,13.492063492063492,68.65671641791045,26.455026455026452,39.89071038251366,96.2059620596206,78.96901355873084,30.98788354773541,66.97837902217235,보통,높음,0,,,,,80% 이상 매칭 비중 84.3% | 최근 36개월 추정 전세가율 91.3% | 영등포구 공식 피해·보증사고 배경지표 상위,seoul-dong-v1.0,서울 법정동 시장·건물구조 상대위험,"전세사기 발생확률이 아니며, 공식 동별 피해집계가 없는 지역의 피해 건수를 추정하지 않습니다.",2026-07,2026-07
1111015500,11110,관수동,종로구,86.0,42.0,3.0,25.0,102.2348626348165,100.0,92.0,86.0,86.0,100.0,1.0,4.0,-4.564685380808742,4.564685380808742,5.0,9.0,-44.44444444444444,44.44444444444444,202510,202606,0.0,3.0,0.0,0.0,17.0,4.0,69.0,35.0,1.0,1.0,0.0,1.0,0.0,0.0,0.0,0.0,0.0,0.0,0.0,100.0,,총괄표제부_보완,164,8,4.878048780487805,1075.0,1075.0,4.0,498000000.0,5512658.528927583,4.0,5,14,15,34,72503,0.46894611257465213,3,527000000,1.0,40.0,17.77301927194861,98.78048780487805,93.52331606217616,86.36363636363636,13.492063492063492,91.91542288557214,11.772486772486772,,99.1869918699187,95.86833804850728,13.69013463105918,66.94353648686916,낮음,높음,0,,,,,최근 36개월 추정 전세가율 102.2% | 80% 이상 매칭 비중 100.0% | 최근 매매 단가 하락 신호 4.6%,seoul-dong-v1.0,서울 법정동 시장·건물구조 상대위험,"전세사기 발생확률이 아니며, 공식 동별 피해집계가 없는 지역의 피해 건수를 추정하지 않습니다.",2026-06,2025-10
1114016900,11140,의주로1가,중구,60.0,93.0,5.0,15.0,81.98155565880613,66.66666666666666,13.333333333333334,60.0,60.0,100.0,1.0,6.0,2.2052341590568236,0.0,10.0,19.0,-47.36842105263158,47.36842105263158,202505,202607,0.0,0.0,0.0,0.0,0.0,0.0,60.0,93.0,2.0,0.0,0.0,0.0,0.0,0.0,1.0,0.0,,,,,,총괄표제부_보완,15,2,13.333333333333334,442.0,442.0,,,,,2,10,7,19,63882,0.2974233743464512,2,350000000,0.4,18.0,57.38758029978587,92.00542005420054,93.78238341968913,34.41558441558442,,91.91542288557214,,,91.05691056910568,83.1562375340562,57.387580299785874,66.9406375953802,낮음,높음,0,,,,,80% 이상 매칭 비중 66.7% | 최근 36개월 추정 전세가율 82.0% | 최근 매매 단가 하락 신호 0.0%,seoul-dong-v1.0,서울 법정동 시장·건물구조 상대위험,"전세사기 발생확률이 아니며, 공식 동별 피해집계가 없는 지역의 피해 건수를 추정하지 않습니다.",2026-07,2025-05
1130510300,11305,수유동,강북구,8657.0,7923.0,46.0,1113.0,70.78635729988211,14.645103324348607,12.668463611859837,8657.0,7664.0,88.5295136883447,21.0,573.0,-2.5005817655953755,2.5005817655953755,1119.0,877.0,27.594070695553018,0.0,202607,202607,2469.0,624.0,993.0,733.0,4858.0,6241.0,337.0,325.0,10306.0,8816.0,2602.0,1163.0,7110.0,6000.0,44717.0,42525.0,29.514519056261346,80.64882032667876,68.05807622504537,13.191923774954628,1.051546149323927,표제부,10305,1882,18.26297913634158,33305.0,33305.0,6493.0,297000000.0,1938103.7346951333,6491.0,63,67,57,187,142815,1.30938626894934,6,1365000000,1.5,64.0,77.94432548179871,62.87262872628726,43.39378238341969,82.14285714285714,81.21693121693121,67.16417910447761,50.52910052910053,59.2896174863388,73.44173441734418,68.4720756687278,64.99818073518358,66.93279058503256,높음,높음,0,,,,,최근 매매 단가 하락 신호 2.5% | 20년 이상 주거건물 비중 80.6% | 최근 36개월 추정 전세가율 70.8%,seoul-dong-v1.0,서울 법정동 시장·건물구조 상대위험,"전세사기 발생확률이 아니며, 공식 동별 피해집계가 없는 지역의 피해 건수를 추정하지 않습니다.",2026-07,2026-07
1156012800,11560,양평동4가,영등포구,1857.0,692.0,15.0,284.0,82.61088900073008,64.43661971830986,9.507042253521126,1857.0,1501.0,80.8292945611201,5.0,48.0,1.751633390525571,0.0,176.0,57.0,208.7719298245614,0.0,202607,202607,100.0,14.0,356.0,123.0,870.0,365.0,531.0,190.0,20.0,10.0,1.0,4.0,0.0,0.0,835.0,1450.0,10.0,0.0,0.0,40.0,0.5758620689655173,총괄표제부_보완,537,147,27.37430167597765,3201.0,3201.0,207.0,486000000.0,3076134.3245321712,207.0,84,213,201,498,193619,2.572061626183381,30,7456770000,1.8,79.0,95.28907922912205,91.59891598915989,43.39378238341969,34.41558441558442,13.492063492063492,61.69154228855721,30.952380952380953,30.601092896174865,91.869918699187,75.31856660650011,39.4019480342189,66.89162697245479,낮음,높음,0,,,,,최근 36개월 추정 전세가율 82.6% | 80% 이상 매칭 비중 64.4% | 영등포구 공식 피해·보증사고 배경지표 상위,seoul-dong-v1.0,서울 법정동 시장·건물구조 상대위험,"전세사기 발생확률이 아니며, 공식 동별 피해집계가 없는 지역의 피해 건수를 추정하지 않습니다.",2026-07,2026-07
1156011600,11560,당산동6가,영등포구,1085.0,264.0,11.0,120.0,73.09656079986499,21.666666666666668,21.666666666666668,1085.0,1058.0,97.51152073732719,5.0,15.0,44.070928159927156,0.0,59.0,36.0,63.888888888888886,0.0,202607,202607,138.0,7.0,27.0,14.0,497.0,123.0,423.0,120.0,12.0,9.0,4.0,4.0,0.0,0.0,122.0,192.0,44.44444444444444,0.0,0.0,44.44444444444444,0.6354166666666666,총괄표제부_보완,392,94,23.97959183673469,2150.0,2150.0,187.0,475000000.0,3018748.01398157,187.0,84,213,201,498,193619,2.572061626183381,30,7456770000,1.8,79.0,91.86295503211991,71.81571815718158,43.39378238341969,34.41558441558442,13.492063492063492,77.363184079602,78.3068783068783,33.60655737704918,79.94579945799458,67.17028363113306,58.10934180874855,66.67950563086697,낮음,높음,0,,,,,최근 36개월 추정 전세가율 73.1% | 영등포구 공식 피해·보증사고 배경지표 상위 | 비아파트 건물 비중 44.4%,seoul-dong-v1.0,서울 법정동 시장·건물구조 상대위험,"전세사기 발생확률이 아니며, 공식 동별 피해집계가 없는 지역의 피해 건수를 추정하지 않습니다.",2026-07,2026-07
1129012000,11290,동선동5가,성북구,278.0,85.0,7.0,33.0,74.998133411837,24.242424242424242,24.242424242424242,278.0,273.0,98.20143884892086,1.0,3.0,10.765704449726135,0.0,12.0,9.0,33.33333333333333,0.0,202607,202607,120.0,11.0,5.0,1.0,153.0,73.0,0.0,0.0,279.0,242.0,85.0,48.0,179.0,144.0,828.0,490.0,35.12396694214876,73.96694214876032,59.50413223140496,19.834710743801654,1.689795918367347,표제부,279,68,24.372759856630825,456.0,456.0,144.0,398000000.0,2486376.397637372,144.0,92,123,56,271,199807,1.3563088380286978,5,1445500000,0.8,48.0,92.71948608137045,74.52574525745257,43.39378238341969,34.41558441558442,69.04761904761905,78.85572139303483,60.05291005291006,80.05464480874316,82.38482384823848,68.97265389364165,71.83516272065435,66.54238301634858,보통,높음,0,,,,,최근 36개월 추정 전세가율 75.0% | 80% 이상 매칭 비중 24.2% | 20년 이상 주거건물 비중 74.0%,seoul-dong-v1.0,서울 법정동 시장·건물구조 상대위험,"전세사기 발생확률이 아니며, 공식 동별 피해집계가 없는 지역의 피해 건수를 추정하지 않습니다.",2026-07,2026-07
1156010600,11560,영등포동5가,영등포구,414.0,114.0,6.0,32.0,73.04651996630551,40.625,34.375,414.0,354.0,85.5072463768116,1.0,2.0,-4.4639197735752205,4.4639197735752205,22.0,8.0,175.0,0.0,202607,202607,17.0,6.0,60.0,25.0,128.0,16.0,209.0,67.0,35.0,26.0,2.0,18.0,0.0,0.0,97.0,124.0,7.6923076923076925,0.0,0.0,69.23076923076923,0.782258064516129,총괄표제부_보완,366,54,14.754098360655737,1015.0,1015.0,69.0,478000000.0,2893890.675241158,69.0,84,213,201,498,193619,2.572061626183381,30,7456770000,1.8,79.0,63.38329764453962,85.63685636856368,43.39378238341969,85.71428571428571,13.492063492063492,66.16915422885572,28.835978835978835,40.7103825136612,79.67479674796748,77.0925693096983,33.69062431336451,66.5281976641601,낮음,높음,0,,,,,최근 매매 단가 하락 신호 4.5% | 80% 이상 매칭 비중 40.6% | 최근 36개월 추정 전세가율 73.0%,seoul-dong-v1.0,서울 법정동 시장·건물구조 상대위험,"전세사기 발생확률이 아니며, 공식 동별 피해집계가 없는 지역의 피해 건수를 추정하지 않습니다.",2026-07,2026-07
1114012300,11140,회현동3가,중구,16.0,0.0,,,,,,16.0,16.0,100.0,,,,,,,,,202605,,7.0,0.0,0.0,0.0,9.0,0.0,0.0,0.0,,,,,,,,,,,,,,,58,5,8.620689655172415,19.0,19.0,7.0,440000000.0,3125301.4372528214,7.0,2,10,7,19,63882,0.2974233743464512,2,350000000,0.4,18.0,33.61884368308351,,,,,91.91542288557214,,,,91.91542288557213,33.61884368308351,66.25396465211415,낮음,높음,0,,,,,중구 공식 피해·보증사고 배경지표 상위,seoul-dong-v1.0,서울 법정동 시장·건물구조 상대위험,"전세사기 발생확률이 아니며, 공식 동별 피해집계가 없는 지역의 피해 건수를 추정하지 않습니다.",,2026-05
1156010500,11560,영등포동4가,영등포구,423.0,356.0,6.0,98.0,89.26316193295304,51.02040816326531,24.489795918367346,423.0,406.0,95.98108747044918,2.0,28.0,35.11621396942282,0.0,109.0,30.0,263.3333333333333,0.0,202607,202607,10.0,0.0,17.0,44.0,80.0,17.0,316.0,295.0,33.0,22.0,0.0,11.0,0.0,0.0,43.0,7.0,0.0,0.0,0.0,50.0,6.142857142857143,총괄표제부_보완,295,30,10.16949152542373,1163.0,1163.0,27.0,636000000.0,5367100.371747212,27.0,84,213,201,498,193619,2.572061626183381,30,7456770000,1.8,79.0,43.683083511777305,88.34688346883469,43.39378238341969,34.41558441558442,13.492063492063492,75.12437810945273,11.772486772486772,98.08743169398907,95.39295392953929,77.2580561506493,31.531742038464404,66.08776920000568,낮음,높음,0,,,,,최근 36개월 추정 전세가율 89.3% | 80% 이상 매칭 비중 51.0% | 영등포구 공식 피해·보증사고 배경지표 상위,seoul-dong-v1.0,서울 법정동 시장·건물구조 상대위험,"전세사기 발생확률이 아니며, 공식 동별 피해집계가 없는 지역의 피해 건수를 추정하지 않습니다.",2026-07,2026-07
1156012900,11560,양평동5가,영등포구,1854.0,420.0,9.0,184.0,62.2818863700225,29.891304347826086,14.673913043478262,1854.0,1236.0,66.66666666666666,3.0,15.0,-0.507032555536046,0.507032555536046,95.0,25.0,280.0,0.0,202607,202607,17.0,5.0,618.0,231.0,368.0,71.0,851.0,113.0,15.0,10.0,5.0,4.0,2.0,0.0,1437.0,685.0,50.0,20.0,0.0,40.0,2.0978102189781023,총괄표제부_보완,198,34,17.17171717171717,3855.0,3855.0,37.0,470000000.0,2749168.761657611,37.0,84,213,201,498,193619,2.572061626183381,30,7456770000,1.8,79.0,73.66167023554604,80.48780487804879,43.39378238341969,72.07792207792207,38.492063492063494,49.875621890547265,83.994708994709,85.51912568306011,51.490514905149055,60.85678592065683,70.7811023704677,66.05934714501102,낮음,높음,0,,,,,비아파트 건물 비중 50.0% | 80% 이상 매칭 비중 29.9% | 영등포구 공식 피해·보증사고 배경지표 상위,seoul-dong-v1.0,서울 법정동 시장·건물구조 상대위험,"전세사기 발생확률이 아니며, 공식 동별 피해집계가 없는 지역의 피해 건수를 추정하지 않습니다.",2026-07,2026-07
1117013400,11170,주성동,용산구,175.0,36.0,,,,,,175.0,175.0,100.0,,,,,1.0,11.0,-90.9090909090909,90.9090909090909,202607,202605,80.0,15.0,0.0,0.0,95.0,21.0,0.0,0.0,2.0,2.0,0.0,1.0,0.0,0.0,6.0,1.0,0.0,0.0,0.0,50.0,6.0,총괄표제부_보완,124,5,4.032258064516129,183.0,183.0,89.0,1310000000.0,8686234.160077982,89.0,1,1,2,4,101982,0.03922260791120002,5,1290000000,0.7,18.0,13.704496788008566,,97.40932642487047,,13.492063492063492,91.91542288557214,11.772486772486772,97.6775956284153,,94.6623746552213,25.474549283874588,65.86606211410142,낮음,높음,0,,,,,용산구 공식 피해·보증사고 배경지표 상위 | 20년 이상 주거건물 비중 0.0% | 비아파트 건물 비중 0.0%,seoul-dong-v1.0,서울 법정동 시장·건물구조 상대위험,"전세사기 발생확률이 아니며, 공식 동별 피해집계가 없는 지역의 피해 건수를 추정하지 않습니다.",2026-05,2026-07
1111016400,11110,종로6가,종로구,27.0,10.0,,,,,,27.0,27.0,100.0,,,,,2.0,0.0,,,202607,202603,13.0,10.0,0.0,0.0,14.0,0.0,0.0,0.0,11.0,4.0,0.0,0.0,0.0,0.0,11.0,113.0,0.0,0.0,0.0,0.0,0.09734513274336283,총괄표제부_보완,358,37,10.335195530726256,2729.0,2729.0,95.0,270000000.0,3229560.6633692174,95.0,5,14,15,34,72503,0.46894611257465213,3,527000000,1.0,40.0,44.3254817987152,,,,13.492063492063492,91.91542288557214,11.772486772486772,11.475409836065573,,91.91542288557213,18.66841841716346,65.81635833563413,낮음,높음,0,,,,,종로구 공식 피해·보증사고 배경지표 상위 | 20년 이상 주거건물 비중 0.0% | 비아파트 건물 비중 0.0%,seoul-dong-v1.0,서울 법정동 시장·건물구조 상대위험,"전세사기 발생확률이 아니며, 공식 동별 피해집계가 없는 지역의 피해 건수를 추정하지 않습니다.",2026-03,2026-07
1150011000,11500,개화동,강서구,88.0,44.0,,,,,,88.0,88.0,100.0,,,,,7.0,2.0,250.0,0.0,202607,202605,84.0,37.0,0.0,0.0,4.0,7.0,0.0,0.0,488.0,385.0,40.0,27.0,326.0,306.0,496.0,1008.0,10.38961038961039,84.67532467532467,79.48051948051949,7.012987012987012,0.49206349206349204,표제부,487,33,6.7761806981519515,37.0,37.0,367.0,595000000.0,4224197.717672277,367.0,614,585,428,1627,274577,5.925478099039614,84,18031270000,2.9,94.0,25.481798715203425,,43.39378238341969,,88.09523809523809,91.91542288557214,31.746031746031743,26.229508196721312,,67.65460263449592,43.753008194771105,65.63101362939032,낮음,높음,0,,,,,강서구 공식 피해·보증사고 배경지표 상위 | 20년 이상 주거건물 비중 84.7% | 비아파트 건물 비중 10.4%,seoul-dong-v1.0,서울 법정동 시장·건물구조 상대위험,"전세사기 발생확률이 아니며, 공식 동별 피해집계가 없는 지역의 피해 건수를 추정하지 않습니다.",2026-05,2026-07
1129011400,11290,삼선동4가,성북구,322.0,90.0,6.0,32.0,71.2527556517378,31.25,0.0,322.0,249.0,77.32919254658384,1.0,2.0,18.16795682219958,0.0,21.0,21.0,0.0,-0.0,202606,202607,77.0,10.0,73.0,38.0,116.0,42.0,56.0,0.0,268.0,206.0,86.0,74.0,133.0,100.0,1091.0,655.0,41.74757281553398,64.56310679611651,48.54368932038835,35.92233009708738,1.665648854961832,표제부,268,83,30.970149253731343,917.0,917.0,149.0,367000000.0,2352593.0309980027,149.0,92,123,56,271,199807,1.3563088380286978,5,1445500000,0.8,48.0,98.50107066381156,82.11382113821138,43.39378238341969,34.41558441558442,54.232804232804234,58.70646766169154,73.54497354497354,79.78142076502732,75.88075880758808,66.25312147443687,74.64361772370688,65.61277731558884,보통,높음,0,,,,,80% 이상 매칭 비중 31.2% | 최근 36개월 추정 전세가율 71.3% | 비아파트 건물 비중 41.7%,seoul-dong-v1.0,서울 법정동 시장·건물구조 상대위험,"전세사기 발생확률이 아니며, 공식 동별 피해집계가 없는 지역의 피해 건수를 추정하지 않습니다.",2026-07,2026-06
1153010700,11530,개봉동,구로구,9213.0,5823.0,23.0,1030.0,66.97618930737008,11.553398058252426,1.8446601941747571,9213.0,5475.0,59.42689677629437,9.0,329.0,5.609169702678582,0.0,1474.0,345.0,327.2463768115942,0.0,202607,202607,1238.0,165.0,3738.0,2377.0,4136.0,3174.0,101.0,107.0,4490.0,4056.0,2032.0,824.0,3153.0,2387.0,34423.0,14717.0,50.09861932938856,77.73668639053254,58.85108481262328,20.315581854043394,2.3389957192362574,표제부,4493,831,18.495437346984197,30686.0,30686.0,2278.0,379000000.0,2038805.216019048,2278.0,183,209,135,527,185143,2.8464484209502925,21,4129400000,2.1,86.0,79.22912205567452,57.18157181571816,43.39378238341969,34.41558441558442,75.13227513227513,42.53731343283582,84.65608465608466,87.70491803278688,64.22764227642277,53.74189710846187,81.64706476155558,65.55690445546603,높음,높음,0,,,,,구로구 공식 피해·보증사고 배경지표 상위 | 비아파트 건물 비중 50.1% | 20년 이상 주거건물 비중 77.7%,seoul-dong-v1.0,서울 법정동 시장·건물구조 상대위험,"전세사기 발생확률이 아니며, 공식 동별 피해집계가 없는 지역의 피해 건수를 추정하지 않습니다.",2026-07,2026-07
1150010600,11500,내발산동,강서구,6502.0,2264.0,19.0,710.0,69.77933902634078,20.281690140845072,20.281690140845072,6502.0,2298.0,35.34297139341741,8.0,137.0,3.411961372643689,0.0,533.0,173.0,208.09248554913293,0.0,202607,202607,259.0,23.0,4204.0,1266.0,2017.0,967.0,22.0,8.0,1364.0,1145.0,512.0,215.0,747.0,375.0,16882.0,17249.0,44.71615720524017,65.24017467248908,32.751091703056765,18.777292576419214,0.9787234042553191,표제부,1362,207,15.198237885462554,17103.0,17103.0,406.0,584000000.0,2372433.920947893,406.0,614,585,428,1627,274577,5.925478099039614,84,18031270000,2.9,94.0,65.31049250535332,69.64769647696477,43.39378238341969,34.41558441558442,55.29100529100529,23.88059701492537,78.83597883597884,54.91803278688525,71.00271002710026,57.70278373225347,66.65694627624632,65.38590680841367,높음,높음,0,,,,,강서구 공식 피해·보증사고 배경지표 상위 | 비아파트 건물 비중 44.7% | 최근 36개월 추정 전세가율 69.8%,seoul-dong-v1.0,서울 법정동 시장·건물구조 상대위험,"전세사기 발생확률이 아니며, 공식 동별 피해집계가 없는 지역의 피해 건수를 추정하지 않습니다.",2026-07,2026-07
1120010400,11200,도선동,성동구,1199.0,362.0,7.0,125.0,96.26223365328454,73.6,69.6,1199.0,1086.0,90.57547956630525,6.0,39.0,9.494551186109485,0.0,64.0,51.0,25.49019607843137,0.0,202607,202607,191.0,20.0,113.0,39.0,140.0,69.0,755.0,234.0,450.0,332.0,101.0,125.0,292.0,266.0,1559.0,1844.0,30.42168674698795,87.95180722891565,80.12048192771084,37.65060240963856,0.8454446854663774,표제부,450,80,17.77777777777778,2477.0,2477.0,279.0,408000000.0,2967271.872612962,279.0,4,9,12,25,133771,0.1868865449163122,1,300000000,0.2,10.0,76.23126338329764,92.95392953929539,43.39378238341969,34.41558441558442,92.06349206349206,68.40796019900498,52.116402116402114,44.53551912568306,98.6449864498645,79.03898888534977,65.78901440794584,65.37064693319633,높음,높음,0,,,,,최근 36개월 추정 전세가율 96.3% | 80% 이상 매칭 비중 73.6% | 20년 이상 주거건물 비중 88.0%,seoul-dong-v1.0,서울 법정동 시장·건물구조 상대위험,"전세사기 발생확률이 아니며, 공식 동별 피해집계가 없는 지역의 피해 건수를 추정하지 않습니다.",2026-07,2026-07
1114012800,11140,남산동1가,중구,6.0,2.0,,,,,,6.0,6.0,100.0,,,,,,,,,202504,202309,6.0,2.0,0.0,0.0,0.0,0.0,0.0,0.0,1.0,1.0,0.0,1.0,0.0,0.0,2.0,4.0,0.0,0.0,0.0,100.0,0.5,총괄표제부_보완,65,14,21.53846153846154,2.0,2.0,26.0,332500000.0,3050603.074639717,26.0,2,10,7,19,63882,0.2974233743464512,2,350000000,0.4,18.0,88.0085653104925,,,,13.492063492063492,91.91542288557214,11.772486772486772,26.775956284153008,,91.91542288557213,29.700117086732035,65.27428300302628,낮음,높음,0,,,,,중구 공식 피해·보증사고 배경지표 상위 | 20년 이상 주거건물 비중 0.0% | 비아파트 건물 비중 0.0%,seoul-dong-v1.0,서울 법정동 시장·건물구조 상대위험,"전세사기 발생확률이 아니며, 공식 동별 피해집계가 없는 지역의 피해 건수를 추정하지 않습니다.",2023-09,2025-04
1129010700,11290,동소문동4가,성북구,314.0,132.0,7.0,37.0,68.67280434856558,13.513513513513514,13.513513513513514,314.0,185.0,58.917197452229296,1.0,3.0,-15.665419544665392,15.665419544665392,27.0,15.0,80.0,0.0,202607,202607,68.0,11.0,129.0,51.0,84.0,53.0,33.0,17.0,200.0,144.0,68.0,39.0,92.0,35.0,973.0,940.0,47.22222222222222,63.888888888888886,24.305555555555554,27.083333333333332,1.0351063829787235,표제부,200,60,30.0,1097.0,1097.0,104.0,337500000.0,2841142.224308839,104.0,92,123,56,271,199807,1.3563088380286978,5,1445500000,0.8,48.0,98.07280513918629,60.43360433604336,43.39378238341969,96.42857142857143,53.43915343915344,41.7910447761194,81.48148148148148,57.650273224043715,68.83468834688347,65.62504485300386,74.21448296382478,65.12864765275852,높음,높음,0,,,,,최근 매매 단가 하락 신호 15.7% | 비아파트 건물 비중 47.2% | 최근 36개월 추정 전세가율 68.7%,seoul-dong-v1.0,서울 법정동 시장·건물구조 상대위험,"전세사기 발생확률이 아니며, 공식 동별 피해집계가 없는 지역의 피해 건수를 추정하지 않습니다.",2026-07,2026-07
1121510200,11215,능동,광진구,2524.0,482.0,16.0,281.0,71.77640791023813,17.08185053380783,2.491103202846975,2524.0,2500.0,99.04912836767036,6.0,47.0,17.53883661695054,0.0,248.0,65.0,281.53846153846155,0.0,202607,202607,1197.0,81.0,24.0,3.0,1214.0,383.0,89.0,15.0,1217.0,1030.0,622.0,200.0,670.0,431.0,5191.0,7998.0,60.38834951456311,65.0485436893204,41.84466019417476,19.41747572815534,0.6490372593148287,표제부,1215,223,18.353909465020575,2265.0,2265.0,782.0,754500000.0,2859821.707406725,782.0,26,44,64,134,172165,0.7783231202625389,10,2350000000,1.4,54.0,78.37259100642399,65.58265582655827,43.39378238341969,34.41558441558442,54.761904761904766,80.84577114427861,92.5925925925926,34.69945355191257,77.23577235772358,64.8762659148365,71.60694946158492,64.92749691429812,높음,높음,0,,,,,비아파트 건물 비중 60.4% | 최근 36개월 추정 전세가율 71.8% | 80% 이상 매칭 비중 17.1%,seoul-dong-v1.0,서울 법정동 시장·건물구조 상대위험,"전세사기 발생확률이 아니며, 공식 동별 피해집계가 없는 지역의 피해 건수를 추정하지 않습니다.",2026-07,2026-07
1153010300,11530,가리봉동,구로구,1610.0,566.0,14.0,165.0,67.29570043910788,1.8181818181818181,1.8181818181818181,1610.0,1580.0,98.13664596273291,7.0,33.0,14.494463319858761,0.0,86.0,48.0,79.16666666666667,0.0,202607,202607,669.0,78.0,30.0,23.0,764.0,361.0,147.0,104.0,1445.0,1282.0,590.0,279.0,1042.0,916.0,4599.0,2451.0,46.02184087363494,81.2792511700468,71.45085803432137,21.76287051482059,1.8763769889840882,표제부,1445,283,19.58477508650519,2407.0,2407.0,970.0,380500000.0,2241134.7517730496,970.0,183,209,135,527,185143,2.8464484209502925,21,4129400000,2.1,86.0,83.08351177730194,36.449864498644985,43.39378238341969,34.41558441558442,82.8042328042328,78.60696517412936,80.68783068783068,82.5136612021858,65.04065040650406,52.49113870535544,81.96994201197873,64.88716872620795,높음,높음,0,,,,,구로구 공식 피해·보증사고 배경지표 상위 | 20년 이상 주거건물 비중 81.3% | 비아파트 건물 비중 46.0%,seoul-dong-v1.0,서울 법정동 시장·건물구조 상대위험,"전세사기 발생확률이 아니며, 공식 동별 피해집계가 없는 지역의 피해 건수를 추정하지 않습니다.",2026-07,2026-07
1129012700,11290,보문동5가,성북구,163.0,103.0,4.0,24.0,70.1521022720578,0.0,0.0,163.0,163.0,100.0,2.0,5.0,-5.635824237783981,5.635824237783981,19.0,11.0,72.72727272727273,0.0,202606,202607,77.0,17.0,0.0,0.0,85.0,86.0,1.0,0.0,267.0,231.0,132.0,62.0,192.0,164.0,809.0,663.0,57.14285714285714,83.11688311688312,70.995670995671,26.83982683982684,1.220211161387632,표제부,267,82,30.711610486891384,254.0,254.0,201.0,332000000.0,2215486.7575954394,201.0,92,123,56,271,199807,1.3563088380286978,5,1445500000,0.8,48.0,98.28693790149893,15.853658536585366,43.39378238341969,88.31168831168831,84.39153439153439,91.91542288557214,90.87301587301587,67.75956284153006,71.81571815718158,59.46737567067141,87.26841195361924,64.69752839080766,보통,높음,0,,,,,비아파트 건물 비중 57.1% | 최근 매매 단가 하락 신호 5.6% | 20년 이상 주거건물 비중 83.1%,seoul-dong-v1.0,서울 법정동 시장·건물구조 상대위험,"전세사기 발생확률이 아니며, 공식 동별 피해집계가 없는 지역의 피해 건수를 추정하지 않습니다.",2026-07,2026-06
1141011700,11410,연희동,서대문구,3735.0,1888.0,36.0,734.0,68.21744556732646,8.85558583106267,8.85558583106267,3735.0,3024.0,80.96385542168674,12.0,150.0,-1.3556399406439243,1.3556399406439243,374.0,210.0,78.09523809523809,0.0,202607,202607,1218.0,194.0,711.0,491.0,1558.0,979.0,248.0,224.0,3773.0,3149.0,999.0,546.0,2656.0,2169.0,14566.0,10565.0,31.724356938710702,84.34423626548111,68.8790092092728,17.338837726262305,1.3787032654992901,표제부,3798,832,21.90626645602949,10813.0,10813.0,2174.0,642000000.0,3248904.166574384,2173.0,31,109,60,200,147178,1.3588987484542527,7,1682000000,1.2,62.0,89.29336188436831,52.03252032520326,43.39378238341969,76.2987012987013,87.3015873015873,61.940298507462686,54.761904761904766,72.95081967213115,67.75067750677508,62.086614367904275,72.53145405785207,64.68483213520558,높음,높음,0,,,,,20년 이상 주거건물 비중 84.3% | 최근 매매 단가 하락 신호 1.4% | 최근 36개월 추정 전세가율 68.2%,seoul-dong-v1.0,서울 법정동 시장·건물구조 상대위험,"전세사기 발생확률이 아니며, 공식 동별 피해집계가 없는 지역의 피해 건수를 추정하지 않습니다.",2026-07,2026-07
1144012100,11440,동교동,마포구,427.0,362.0,4.0,36.0,73.72367193633691,75.0,0.0,427.0,425.0,99.53161592505855,3.0,40.0,2.2705222727021104,0.0,64.0,46.0,39.13043478260869,0.0,202606,202607,186.0,33.0,2.0,3.0,161.0,56.0,78.0,270.0,937.0,484.0,180.0,217.0,422.0,329.0,2781.0,4833.0,37.1900826446281,87.19008264462809,67.97520661157024,44.83471074380165,0.5754189944134078,표제부,937,160,17.075773745997864,3001.0,3001.0,369.0,898000000.0,5095628.415300547,369.0,44,86,34,164,180580,0.908184738066231,4,760000000,0.3,24.0,72.80513918629549,93.63143631436314,43.39378238341969,34.41558441558442,91.7989417989418,83.33333333333334,63.227513227513235,30.327868852459016,80.48780487804879,73.43803026382326,67.35094890586869,64.50055538476113,보통,높음,0,,,,,80% 이상 매칭 비중 75.0% | 20년 이상 주거건물 비중 87.2% | 최근 36개월 추정 전세가율 73.7%,seoul-dong-v1.0,서울 법정동 시장·건물구조 상대위험,"전세사기 발생확률이 아니며, 공식 동별 피해집계가 없는 지역의 피해 건수를 추정하지 않습니다.",2026-07,2026-06
1130510200,11305,번동,강북구,4263.0,2639.0,21.0,759.0,65.89671509824302,14.492753623188406,14.09749670619236,4263.0,2571.0,60.309641097818435,8.0,96.0,-14.150502357399729,14.150502357399729,391.0,144.0,171.52777777777777,0.0,202607,202607,930.0,133.0,1692.0,905.0,1537.0,1439.0,104.0,162.0,3040.0,2591.0,506.0,315.0,2295.0,1963.0,21926.0,11686.0,19.529139328444618,88.57583944423003,75.76225395600154,12.157468159011966,1.8762621940783843,표제부,3041,536,17.625780993094377,18691.0,18691.0,1801.0,275000000.0,1764112.9032258065,1801.0,63,67,57,187,142815,1.30938626894934,6,1365000000,1.5,64.0,75.37473233404711,62.601626016260155,43.39378238341969,95.77922077922078,93.38624338624338,43.53233830845771,40.74074074074074,82.24043715846994,61.517615176151764,63.316947760596605,67.05386918343706,64.35363595221722,높음,높음,0,,,,,최근 매매 단가 하락 신호 14.2% | 20년 이상 주거건물 비중 88.6% | 강북구 공식 피해·보증사고 배경지표 상위,seoul-dong-v1.0,서울 법정동 시장·건물구조 상대위험,"전세사기 발생확률이 아니며, 공식 동별 피해집계가 없는 지역의 피해 건수를 추정하지 않습니다.",2026-07,2026-07
1156010400,11560,영등포동3가,영등포구,1030.0,419.0,5.0,118.0,92.02567437716148,86.4406779661017,45.76271186440678,1030.0,1012.0,98.25242718446601,3.0,12.0,43.39445957621061,0.0,82.0,14.0,485.71428571428567,0.0,202606,202607,0.0,0.0,18.0,32.0,73.0,2.0,939.0,385.0,23.0,9.0,0.0,7.0,0.0,0.0,18.0,0.0,0.0,0.0,0.0,77.77777777777779,,총괄표제부_보완,319,25,7.836990595611286,4137.0,4137.0,2.0,397000000.0,2437851.363802133,2.0,84,213,201,498,193619,2.572061626183381,30,7456770000,1.8,79.0,30.406852248394006,96.7479674796748,43.39378238341969,34.41558441558442,13.492063492063492,79.1044776119403,11.772486772486772,,96.7479674796748,80.29834252366228,16.662801213752214,64.19470581763542,낮음,높음,0,,,,,최근 36개월 추정 전세가율 92.0% | 80% 이상 매칭 비중 86.4% | 영등포구 공식 피해·보증사고 배경지표 상위,seoul-dong-v1.0,서울 법정동 시장·건물구조 상대위험,"전세사기 발생확률이 아니며, 공식 동별 피해집계가 없는 지역의 피해 건수를 추정하지 않습니다.",2026-07,2026-06
1123010300,11230,제기동,동대문구,2708.0,1130.0,26.0,463.0,62.09879271629956,22.67818574514039,9.503239740820735,2708.0,2077.0,76.69867060561299,11.0,69.0,-5.683423660315451,5.683423660315451,302.0,101.0,199.009900990099,0.0,202607,202607,918.0,217.0,631.0,395.0,1016.0,435.0,143.0,83.0,3952.0,2825.0,737.0,619.0,2355.0,2042.0,12645.0,5267.0,26.088495575221238,83.36283185840708,72.28318584070796,21.911504424778762,2.400797417884944,표제부,3924,660,16.819571865443425,8666.0,8666.0,2026.0,302000000.0,2619360.200530067,2026.0,27,275,201,503,180852,2.781279720434388,9,2033690000,1.0,66.0,72.37687366167023,73.17073170731707,43.39378238341969,88.63636363636364,84.92063492063492,58.2089552238806,47.08994708994709,88.25136612021858,50.94850948509485,62.127815027051795,67.7792172165044,64.12149332035717,높음,높음,0,,,,,최근 매매 단가 하락 신호 5.7% | 20년 이상 주거건물 비중 83.4% | 80% 이상 매칭 비중 22.7%,seoul-dong-v1.0,서울 법정동 시장·건물구조 상대위험,"전세사기 발생확률이 아니며, 공식 동별 피해집계가 없는 지역의 피해 건수를 추정하지 않습니다.",2026-07,2026-07
1162010300,11620,남현동,관악구,2449.0,998.0,22.0,400.0,74.79988987831575,13.750000000000002,2.25,2449.0,1994.0,81.42098815843201,9.0,73.0,5.374545321533578,0.0,253.0,86.0,194.1860465116279,0.0,202607,202607,703.0,21.0,455.0,280.0,1098.0,551.0,193.0,146.0,1017.0,821.0,129.0,21.0,541.0,347.0,6104.0,6565.0,15.712545676004872,65.89524969549329,42.265529841656516,2.5578562728380025,0.9297791317593298,표제부,1018,97,9.528487229862476,5611.0,5611.0,500.0,767500000.0,2813882.768064619,500.0,383,1108,801,2292,291311,7.867880031993299,16,4199500000,2.7,96.0,40.68522483940043,60.70460704607046,43.39378238341969,34.41558441558442,56.08465608465608,62.68656716417911,39.15343915343915,53.00546448087432,82.11382113821138,63.79205283389972,45.77040432255092,64.11783278097755,높음,높음,0,,,,,관악구 공식 피해·보증사고 배경지표 상위 | 최근 36개월 추정 전세가율 74.8% | 80% 이상 매칭 비중 13.8%,seoul-dong-v1.0,서울 법정동 시장·건물구조 상대위험,"전세사기 발생확률이 아니며, 공식 동별 피해집계가 없는 지역의 피해 건수를 추정하지 않습니다.",2026-07,2026-07
1154510300,11545,시흥동,금천구,11706.0,5947.0,39.0,1188.0,63.961778753092965,15.488215488215488,7.07070707070707,11706.0,8191.0,69.9726635913207,14.0,340.0,-2.1837741561665096,2.1837741561665096,933.0,381.0,144.88188976377953,0.0,202607,202607,2376.0,384.0,3515.0,1805.0,4599.0,3419.0,1216.0,339.0,6644.0,5743.0,2245.0,1082.0,4727.0,3987.0,43348.0,61636.0,39.09106738638342,82.30889778861223,69.42364617795576,18.84032735504092,0.7032902848984359,표제부,6662,1038,15.58090663464425,39761.0,39761.0,3889.0,352000000.0,1888449.714536671,3887.0,216,271,288,775,122059,6.34938841052278,9,1556000000,1.0,74.0,67.88008565310493,64.49864498644986,43.39378238341969,79.87012987012987,83.5978835978836,52.23880597014925,66.66666666666666,37.15846994535519,57.18157181571816,60.54106828877611,66.71592518856183,64.10362227040612,높음,높음,1,전세사기피해자등 결정신청 접수,34,B_특정임대인사건,시흥동 전체 합계가 아니라 특정 임대인 관련 사건군 수치.,20년 이상 주거건물 비중 82.3% | 최근 매매 단가 하락 신호 2.2% | 금천구 공식 피해·보증사고 배경지표 상위 | 공식 동 단위 확인자료 존재(정의·기준일 별도 표시),seoul-dong-v1.0,서울 법정동 시장·건물구조 상대위험,"전세사기 발생확률이 아니며, 공식 동별 피해집계가 없는 지역의 피해 건수를 추정하지 않습니다.",2026-07,2026-07
1123010500,11230,답십리동,동대문구,7969.0,3977.0,32.0,1003.0,70.7307955915174,25.02492522432702,25.02492522432702,7969.0,2785.0,34.947923202409335,11.0,134.0,3.48888263173323,0.0,1256.0,162.0,675.3086419753087,0.0,202607,202607,993.0,179.0,5184.0,2658.0,898.0,348.0,894.0,792.0,2987.0,2404.0,684.0,560.0,2027.0,1775.0,25284.0,11221.0,28.452579034941767,84.31780366056573,73.83527454242929,23.294509151414307,2.2532751091703056,표제부,2981,621,20.83193559208319,23561.0,23561.0,1798.0,302000000.0,2176105.3740761587,1798.0,27,275,201,503,180852,2.781279720434388,9,2033690000,1.0,66.0,86.50963597430406,76.96476964769647,43.39378238341969,34.41558441558442,87.03703703703704,23.383084577114428,48.41269841269841,87.1584699453552,73.17073170731707,60.34950945324202,71.50003631100272,63.98471474969589,높음,높음,0,,,,,20년 이상 주거건물 비중 84.3% | 80% 이상 매칭 비중 25.0% | 최근 36개월 추정 전세가율 70.7%,seoul-dong-v1.0,서울 법정동 시장·건물구조 상대위험,"전세사기 발생확률이 아니며, 공식 동별 피해집계가 없는 지역의 피해 건수를 추정하지 않습니다.",2026-07,2026-07
1114015000,11140,을지로4가,중구,64.0,4.0,1.0,2.0,87.7463899454275,100.0,0.0,64.0,64.0,100.0,,,,,1.0,0.0,,,202507,202602,0.0,1.0,0.0,0.0,0.0,0.0,64.0,3.0,,,,,,,,,,,,,,,278,12,4.316546762589928,160.0,160.0,2.0,262000000.0,4969048.711495817,2.0,2,10,7,19,63882,0.2974233743464512,2,350000000,0.4,18.0,14.989293361884368,98.78048780487805,,,,91.91542288557214,,,94.579945799458,95.6248567460799,14.989293361884368,63.822237388119035,낮음,높음,0,,,,,80% 이상 매칭 비중 100.0% | 최근 36개월 추정 전세가율 87.7% | 중구 공식 피해·보증사고 배경지표 상위,seoul-dong-v1.0,서울 법정동 시장·건물구조 상대위험,"전세사기 발생확률이 아니며, 공식 동별 피해집계가 없는 지역의 피해 건수를 추정하지 않습니다.",2026-02,2025-07
1123010200,11230,용두동,동대문구,5340.0,2041.0,26.0,778.0,71.50542202438204,25.835475578406168,25.835475578406168,5340.0,2981.0,55.823970037453186,9.0,161.0,10.698171017618593,0.0,664.0,186.0,256.98924731182797,0.0,202607,202607,863.0,130.0,2359.0,914.0,1155.0,337.0,963.0,660.0,2937.0,2252.0,519.0,523.0,1767.0,1604.0,15017.0,9811.0,23.0461811722913,78.46358792184725,71.22557726465364,23.22380106571936,1.5306288859443482,표제부,2939,532,18.101395032323918,15715.0,15715.0,1624.0,400000000.0,2894323.3289764645,1624.0,27,275,201,503,180852,2.781279720434388,9,2033690000,1.0,66.0,77.30192719486081,77.77777777777779,43.39378238341969,34.41558441558442,75.92592592592592,39.800995024875625,43.12169312169312,76.775956284153,76.42276422764228,63.49536553866856,63.206937611753844,63.798953726139594,높음,높음,0,,,,,80% 이상 매칭 비중 25.8% | 최근 36개월 추정 전세가율 71.5% | 20년 이상 주거건물 비중 78.5%,seoul-dong-v1.0,서울 법정동 시장·건물구조 상대위험,"전세사기 발생확률이 아니며, 공식 동별 피해집계가 없는 지역의 피해 건수를 추정하지 않습니다.",2026-07,2026-07
1126010200,11260,상봉동,중랑구,8281.0,2940.0,33.0,1082.0,71.09234595229019,9.796672828096119,8.872458410351202,8281.0,6092.0,73.56599444511532,12.0,231.0,4.783603806853331,0.0,713.0,304.0,134.53947368421052,0.0,202607,202607,1112.0,157.0,2189.0,1209.0,3656.0,1186.0,1324.0,388.0,74.0,53.0,26.0,19.0,16.0,11.0,7505.0,8128.0,49.056603773584904,30.18867924528302,20.754716981132077,35.84905660377358,0.9233513779527559,총괄표제부_보완,2752,415,15.079941860465116,19491.0,19491.0,1576.0,371500000.0,2162540.892729639,1576.0,118,103,62,283,190348,1.486750583142455,24,4903750000,3.3,82.0,64.66809421841542,54.74254742547425,43.39378238341969,34.41558441558442,42.32804232804233,54.975124378109456,82.8042328042328,52.459016393442624,74.79674796747967,58.603564381851015,64.50617500640318,63.588682380711404,보통,높음,0,,,,,비아파트 건물 비중 49.1% | 중랑구 공식 피해·보증사고 배경지표 상위 | 최근 36개월 추정 전세가율 71.1%,seoul-dong-v1.0,서울 법정동 시장·건물구조 상대위험,"전세사기 발생확률이 아니며, 공식 동별 피해집계가 없는 지역의 피해 건수를 추정하지 않습니다.",2026-07,2026-07
1114014700,11140,쌍림동,중구,102.0,27.0,2.0,10.0,93.45435932743975,80.0,80.0,102.0,102.0,100.0,1.0,2.0,-17.208602150537644,17.208602150537644,9.0,3.0,200.0,0.0,202606,202606,28.0,11.0,0.0,0.0,36.0,2.0,38.0,14.0,1.0,0.0,0.0,0.0,0.0,0.0,0.0,3.0,,,,,0.0,총괄표제부_보완,354,34,9.6045197740113,271.0,271.0,101.0,255000000.0,4343388.52347471,101.0,2,10,7,19,63882,0.2974233743464512,2,350000000,0.4,18.0,41.113490364025694,94.71544715447155,43.39378238341969,97.07792207792207,,91.91542288557214,,1.912568306010929,97.8319783197832,90.90426195511866,24.31309519630508,63.32083097214747,낮음,높음,0,,,,,최근 36개월 추정 전세가율 93.5% | 최근 매매 단가 하락 신호 17.2% | 80% 이상 매칭 비중 80.0%,seoul-dong-v1.0,서울 법정동 시장·건물구조 상대위험,"전세사기 발생확률이 아니며, 공식 동별 피해집계가 없는 지역의 피해 건수를 추정하지 않습니다.",2026-06,2026-06
1121510100,11215,중곡동,광진구,11686.0,4415.0,30.0,930.0,68.22608521294885,8.064516129032258,6.021505376344086,11686.0,11411.0,97.64675680301215,19.0,438.0,9.829489956238103,0.0,1170.0,559.0,109.30232558139537,0.0,202607,202607,4586.0,442.0,275.0,261.0,6466.0,3510.0,359.0,202.0,7608.0,7021.0,3749.0,2012.0,5443.0,4228.0,30750.0,23358.0,53.39695200113944,77.52456914969378,60.219341974077764,28.656886483406925,1.3164654508091447,표제부,7606,2146,28.214567446752564,18146.0,18146.0,5230.0,460500000.0,2284520.0686006118,5230.0,26,44,64,134,172165,0.7783231202625389,10,2350000000,1.4,54.0,96.1456102783726,51.21951219512195,43.39378238341969,34.41558441558442,74.86772486772487,77.61194029850746,86.5079365079365,70.49180327868852,68.02168021680217,57.27646006603174,83.12299836758362,63.246625631514945,높음,높음,0,,,,,비아파트 건물 비중 53.4% | 20년 이상 주거건물 비중 77.5% | 최근 36개월 추정 전세가율 68.2%,seoul-dong-v1.0,서울 법정동 시장·건물구조 상대위험,"전세사기 발생확률이 아니며, 공식 동별 피해집계가 없는 지역의 피해 건수를 추정하지 않습니다.",2026-07,2026-07
1132010600,11320,방학동,도봉구,6744.0,4360.0,28.0,994.0,71.35558595638034,17.303822937625753,15.191146881287725,6744.0,3563.0,52.83214709371293,14.0,219.0,11.072430516167874,0.0,730.0,294.0,148.29931972789115,0.0,202607,202607,1199.0,204.0,3181.0,1721.0,2003.0,2282.0,361.0,153.0,3813.0,3362.0,1294.0,792.0,2883.0,2353.0,30240.0,28296.0,38.48899464604402,85.75252825698989,69.9881023200476,23.557406305770375,1.0687022900763359,표제부,3822,729,19.073783359497646,25123.0,25123.0,2282.0,309000000.0,1595714.5458087171,2282.0,60,60,38,158,139118,1.135726505556434,8,1600000000,1.3,58.0,80.72805139186295,65.85365853658537,43.39378238341969,34.41558441558442,89.94708994708994,36.56716417910448,65.60846560846561,59.56284153005464,76.15176151761518,60.082551559782495,73.81019523803951,63.20207974537938,높음,높음,0,,,,,20년 이상 주거건물 비중 85.8% | 최근 36개월 추정 전세가율 71.4% | 80% 이상 매칭 비중 17.3%,seoul-dong-v1.0,서울 법정동 시장·건물구조 상대위험,"전세사기 발생확률이 아니며, 공식 동별 피해집계가 없는 지역의 피해 건수를 추정하지 않습니다.",2026-07,2026-07
1153010600,11530,고척동,구로구,5090.0,2800.0,21.0,657.0,66.93843677122126,14.00304414003044,14.00304414003044,5090.0,2404.0,47.22986247544204,7.0,65.0,-0.8444611879689128,0.8444611879689128,668.0,82.0,714.6341463414634,0.0,202607,202607,979.0,85.0,2686.0,1322.0,1034.0,1116.0,391.0,277.0,2978.0,2582.0,881.0,427.0,2061.0,1778.0,19849.0,105520.0,34.12083656080558,79.82184353214562,68.86134779240899,16.53756777691712,0.188106520090978,표제부,2981,422,14.156323381415634,21262.0,21262.0,1705.0,333000000.0,1883337.6929113262,1705.0,183,209,135,527,185143,2.8464484209502925,21,4129400000,2.1,86.0,60.81370449678801,61.24661246612466,43.39378238341969,74.67532467532467,79.36507936507937,32.58706467661692,58.730158730158735,15.027322404371585,63.68563685636857,59.58529126638095,57.750172593346676,63.08871790816523,높음,높음,0,,,,,구로구 공식 피해·보증사고 배경지표 상위 | 20년 이상 주거건물 비중 79.8% | 최근 매매 단가 하락 신호 0.8%,seoul-dong-v1.0,서울 법정동 시장·건물구조 상대위험,"전세사기 발생확률이 아니며, 공식 동별 피해집계가 없는 지역의 피해 건수를 추정하지 않습니다.",2026-07,2026-07
1150010500,11500,마곡동,강서구,22056.0,5405.0,17.0,713.0,64.74721557044944,33.09957924263674,19.35483870967742,22056.0,11762.0,53.32789263692419,11.0,239.0,-2.356903934840199,2.356903934840199,931.0,457.0,103.71991247264769,0.0,202607,202607,47.0,9.0,10294.0,1512.0,739.0,221.0,10976.0,3663.0,1242.0,658.0,167.0,100.0,209.0,119.0,16695.0,66283.0,25.379939209726444,31.762917933130698,18.085106382978726,15.19756838905775,0.2518745379659943,표제부,1242,113,9.098228663446054,50356.0,50356.0,123.0,405000000.0,2097049.5001219215,123.0,614,585,428,1627,274577,5.925478099039614,84,18031270000,2.9,94.0,37.25910064239829,82.92682926829268,43.39378238341969,80.84415584415584,42.592592592592595,37.3134328358209,46.2962962962963,17.21311475409836,60.43360433604336,65.10249395003794,39.200454008261076,62.961609872088026,높음,높음,0,,,,,강서구 공식 피해·보증사고 배경지표 상위 | 80% 이상 매칭 비중 33.1% | 최근 매매 단가 하락 신호 2.4%,seoul-dong-v1.0,서울 법정동 시장·건물구조 상대위험,"전세사기 발생확률이 아니며, 공식 동별 피해집계가 없는 지역의 피해 건수를 추정하지 않습니다.",2026-07,2026-07
1126010300,11260,중화동,중랑구,5948.0,2535.0,24.0,716.0,64.21022116332101,3.212290502793296,3.212290502793296,5948.0,5081.0,85.42367182246133,9.0,274.0,-1.5347355420767557,1.5347355420767557,519.0,294.0,76.53061224489797,0.0,202607,202607,1949.0,222.0,867.0,481.0,3080.0,1797.0,52.0,35.0,77.0,66.0,42.0,9.0,18.0,15.0,4251.0,4053.0,63.63636363636363,27.27272727272727,22.727272727272727,13.636363636363635,1.0488527017024427,총괄표제부_보완,3755,503,13.395472703062584,11696.0,11696.0,2724.0,353000000.0,1923780.2062963652,2724.0,118,103,62,283,190348,1.486750583142455,24,4903750000,3.3,82.0,57.81584582441114,40.10840108401084,43.39378238341969,77.59740259740259,41.7989417989418,65.92039800995025,94.70899470899471,58.7431693989071,57.994579945799465,55.795960678269886,68.70797790805163,62.95457088397484,보통,높음,0,,,,,비아파트 건물 비중 63.6% | 중랑구 공식 피해·보증사고 배경지표 상위 | 최근 매매 단가 하락 신호 1.5%,seoul-dong-v1.0,서울 법정동 시장·건물구조 상대위험,"전세사기 발생확률이 아니며, 공식 동별 피해집계가 없는 지역의 피해 건수를 추정하지 않습니다.",2026-07,2026-07
1111017000,11110,명륜1가,종로구,355.0,144.0,7.0,46.0,78.14428364832037,54.347826086956516,30.434782608695656,355.0,325.0,91.54929577464789,2.0,4.0,28.12524485244846,0.0,29.0,12.0,141.66666666666666,0.0,202607,202607,114.0,21.0,30.0,17.0,211.0,106.0,0.0,0.0,13.0,9.0,3.0,0.0,1.0,0.0,83.0,194.0,33.33333333333333,11.11111111111111,0.0,0.0,0.42783505154639173,총괄표제부_보완,501,86,17.16566866267465,1146.0,1146.0,296.0,505500000.0,2703850.2729512905,296.0,5,14,15,34,72503,0.46894611257465213,3,527000000,1.0,40.0,73.44753747323341,89.70189701897019,43.39378238341969,34.41558441558442,33.2010582010582,69.15422885572139,57.01058201058201,24.043715846994534,88.34688346883469,74.1813664285282,49.40056222619322,62.858960413665216,낮음,높음,0,,,,,80% 이상 매칭 비중 54.3% | 최근 36개월 추정 전세가율 78.1% | 비아파트 건물 비중 33.3%,seoul-dong-v1.0,서울 법정동 시장·건물구조 상대위험,"전세사기 발생확률이 아니며, 공식 동별 피해집계가 없는 지역의 피해 건수를 추정하지 않습니다.",2026-07,2026-07
1147010300,11470,신월동,양천구,14218.0,8033.0,33.0,1126.0,63.09632140221004,14.298401420959147,14.298401420959147,14218.0,8824.0,62.062174708116466,10.0,421.0,0.9862720287829024,0.0,1442.0,642.0,124.61059190031153,0.0,202607,202607,1292.0,256.0,5394.0,2676.0,7237.0,4927.0,295.0,174.0,7249.0,6376.0,3472.0,1368.0,5322.0,4531.0,48568.0,29667.0,54.45420326223338,83.46925972396487,71.0633626097867,21.45545796737767,1.6371052010651566,표제부,7254,1156,15.936035290874,42000.0,42000.0,3435.0,285000000.0,1639344.262295082,3435.0,126,138,90,354,179105,1.9764942352251471,18,4477000000,1.8,77.0,69.37901498929337,62.05962059620597,43.39378238341969,34.41558441558442,85.18518518518519,45.27363184079602,88.09523809523809,79.23497267759562,54.20054200542005,51.22420103597875,82.29544043388954,62.858380730059636,높음,높음,0,,,,,비아파트 건물 비중 54.5% | 20년 이상 주거건물 비중 83.5% | 양천구 공식 피해·보증사고 배경지표 상위,seoul-dong-v1.0,서울 법정동 시장·건물구조 상대위험,"전세사기 발생확률이 아니며, 공식 동별 피해집계가 없는 지역의 피해 건수를 추정하지 않습니다.",2026-07,2026-07
1111012800,11110,관훈동,종로구,1.0,3.0,,,,,,1.0,1.0,100.0,,,,,1.0,0.0,,,202305,202603,1.0,3.0,0.0,0.0,0.0,0.0,0.0,0.0,1.0,0.0,0.0,0.0,0.0,0.0,0.0,4.0,,,,,0.0,총괄표제부_보완,254,7,2.7559055118110236,83.0,83.0,7.0,717000000.0,16682177.757096326,7.0,5,14,15,34,72503,0.46894611257465213,3,527000000,1.0,40.0,8.993576017130621,,,,,91.91542288557214,,1.912568306010929,,91.91542288557213,5.958858426650754,62.63896833800596,낮음,높음,0,,,,,종로구 공식 피해·보증사고 배경지표 상위,seoul-dong-v1.0,서울 법정동 시장·건물구조 상대위험,"전세사기 발생확률이 아니며, 공식 동별 피해집계가 없는 지역의 피해 건수를 추정하지 않습니다.",2026-03,2023-05
1138010400,11380,갈현동,은평구,5545.0,3683.0,26.0,771.0,68.35821358820398,19.32555123216602,0.9079118028534372,5545.0,4900.0,88.36789900811543,9.0,405.0,3.495023304287388,0.0,585.0,482.0,21.36929460580912,0.0,202607,202607,1002.0,186.0,645.0,413.0,3879.0,3061.0,19.0,23.0,81.0,66.0,51.0,18.0,12.0,5.0,2243.0,1452.0,77.27272727272727,18.181818181818183,7.575757575757576,27.27272727272727,1.5447658402203857,총괄표제부_보완,3466,791,22.821696480092328,13845.0,13845.0,1707.0,428000000.0,2247342.2150450815,1707.0,135,182,100,417,214777,1.9415486760686664,6,1752000000,0.6,45.0,90.5781584582441,68.02168021680217,43.39378238341969,34.41558441558442,37.301587301587304,66.91542288557214,97.08994708994709,77.3224043715847,68.56368563685636,60.62415249817994,77.8753680087622,62.59333350109851,보통,높음,0,,,,,비아파트 건물 비중 77.3% | 최근 36개월 추정 전세가율 68.4% | 80% 이상 매칭 비중 19.3%,seoul-dong-v1.0,서울 법정동 시장·건물구조 상대위험,"전세사기 발생확률이 아니며, 공식 동별 피해집계가 없는 지역의 피해 건수를 추정하지 않습니다.",2026-07,2026-07
1150010900,11500,방화동,강서구,9824.0,4376.0,33.0,1131.0,59.23454810505005,12.82051282051282,3.978779840848806,9824.0,4704.0,47.88273615635179,16.0,290.0,-3.333749614252211,3.333749614252211,1044.0,408.0,155.88235294117646,0.0,202607,202607,972.0,138.0,5120.0,2073.0,2714.0,1284.0,1018.0,881.0,3337.0,2742.0,1198.0,544.0,2323.0,1704.0,27167.0,60575.0,43.690736688548505,84.71918307804522,62.144420131291035,19.839533187454414,0.44848534874122986,표제부,3335,489,14.662668665667166,26987.0,26987.0,1765.0,451000000.0,2455943.007124109,1765.0,614,585,428,1627,274577,5.925478099039614,84,18031270000,2.9,94.0,62.95503211991434,59.62059620596206,43.39378238341969,84.4155844155844,88.35978835978835,33.08457711442786,75.92592592592592,24.863387978142075,42.27642276422765,52.12589176930399,68.78083208102164,62.570743081837804,높음,높음,0,,,,,강서구 공식 피해·보증사고 배경지표 상위 | 20년 이상 주거건물 비중 84.7% | 최근 매매 단가 하락 신호 3.3%,seoul-dong-v1.0,서울 법정동 시장·건물구조 상대위험,"전세사기 발생확률이 아니며, 공식 동별 피해집계가 없는 지역의 피해 건수를 추정하지 않습니다.",2026-07,2026-07
1123010900,11230,휘경동,동대문구,4579.0,1818.0,24.0,695.0,67.94320307225134,19.85611510791367,16.115107913669064,4579.0,2633.0,57.501637912207904,9.0,78.0,0.21511272414640736,0.0,466.0,128.0,264.0625,0.0,202607,202607,1400.0,114.0,1946.0,965.0,862.0,365.0,371.0,374.0,2309.0,1949.0,838.0,310.0,1474.0,1222.0,16119.0,8617.0,42.996408414571576,75.62852744997434,62.698819907644946,15.90559261159569,1.8706046187768366,표제부,2309,326,14.118666089216111,13259.0,13259.0,1439.0,456000000.0,2400960.3841536613,1439.0,27,275,201,503,180852,2.781279720434388,9,2033690000,1.0,66.0,60.38543897216274,68.83468834688347,43.39378238341969,34.41558441558442,72.4867724867725,41.29353233830846,74.86772486772487,81.9672131147541,66.66666666666666,57.506407887898014,72.44095283042874,62.51408294034599,높음,높음,0,,,,,비아파트 건물 비중 43.0% | 20년 이상 주거건물 비중 75.6% | 80% 이상 매칭 비중 19.9%,seoul-dong-v1.0,서울 법정동 시장·건물구조 상대위험,"전세사기 발생확률이 아니며, 공식 동별 피해집계가 없는 지역의 피해 건수를 추정하지 않습니다.",2026-07,2026-07
1132010800,11320,도봉동,도봉구,4315.0,3078.0,22.0,788.0,71.91563493569762,25.0,7.994923857868021,4315.0,2300.0,53.30243337195828,10.0,182.0,7.073668708754281,0.0,590.0,226.0,161.06194690265485,0.0,202607,202607,656.0,148.0,2015.0,1163.0,1125.0,1521.0,519.0,246.0,2817.0,2352.0,793.0,507.0,1973.0,1617.0,19092.0,75568.0,33.715986394557824,83.8860544217687,68.75,21.556122448979593,0.2526466229091679,표제부,2811,455,16.186410530060478,17589.0,17589.0,1560.0,284000000.0,1687064.0595207028,1560.0,60,60,38,158,139118,1.135726505556434,8,1600000000,1.3,58.0,70.66381156316916,76.42276422764228,43.39378238341969,34.41558441558442,85.97883597883597,37.06467661691542,57.67195767195767,17.48633879781421,77.77777777777779,63.42498573039286,61.31920519579803,62.084792737185225,높음,높음,0,,,,,20년 이상 주거건물 비중 83.9% | 최근 36개월 추정 전세가율 71.9% | 80% 이상 매칭 비중 25.0%,seoul-dong-v1.0,서울 법정동 시장·건물구조 상대위험,"전세사기 발생확률이 아니며, 공식 동별 피해집계가 없는 지역의 피해 건수를 추정하지 않습니다.",2026-07,2026-07
1144011000,11440,노고산동,마포구,1744.0,516.0,11.0,174.0,62.319137241703004,26.436781609195403,26.436781609195403,1744.0,1559.0,89.39220183486239,5.0,46.0,-15.125831728338673,15.125831728338673,100.0,105.0,-4.761904761904767,4.761904761904767,202607,202607,271.0,70.0,185.0,109.0,1060.0,141.0,228.0,196.0,828.0,628.0,216.0,217.0,507.0,448.0,3662.0,2846.0,34.394904458598724,80.73248407643312,71.3375796178344,34.554140127388536,1.286718200983837,표제부,825,98,11.878787878787879,4462.0,4462.0,493.0,458000000.0,3646317.5291808695,493.0,44,86,34,164,180580,0.908184738066231,4,760000000,0.3,24.0,51.17773019271949,78.31978319783198,86.78756476683938,96.1038961038961,81.48148148148148,67.41293532338308,58.994708994709,69.39890710382514,51.76151761517615,70.12018727013512,64.61363607237165,61.82552138017399,높음,높음,0,,,,,최근 매매 단가 하락 신호 15.1% | 20년 이상 주거건물 비중 80.7% | 80% 이상 매칭 비중 26.4%,seoul-dong-v1.0,서울 법정동 시장·건물구조 상대위험,"전세사기 발생확률이 아니며, 공식 동별 피해집계가 없는 지역의 피해 건수를 추정하지 않습니다.",2026-07,2026-07
1120012200,11200,용답동,성동구,2838.0,1612.0,15.0,356.0,70.4538773135273,42.69662921348314,30.337078651685395,2838.0,2705.0,95.31360112755462,8.0,124.0,10.328252546777165,0.0,190.0,319.0,-40.43887147335423,40.43887147335423,202607,202607,611.0,161.0,133.0,53.0,1080.0,341.0,1014.0,1057.0,1316.0,1117.0,439.0,238.0,994.0,906.0,5551.0,7042.0,39.301700984780666,88.98836168307967,81.11011638316921,21.307072515666963,0.7882703777335984,표제부,1317,162,12.300683371298406,6438.0,6438.0,973.0,394000000.0,2412645.590682196,973.0,4,9,12,25,133771,0.1868865449163122,1,300000000,0.2,10.0,51.82012847965739,86.44986449864498,92.74611398963731,34.41558441558442,93.91534391534393,73.13432835820896,67.1957671957672,41.53005464480874,72.89972899728997,72.52273962069953,66.95067674979565,61.75131295986863,높음,높음,0,,,,,20년 이상 주거건물 비중 89.0% | 80% 이상 매칭 비중 42.7% | 최근 36개월 추정 전세가율 70.5%,seoul-dong-v1.0,서울 법정동 시장·건물구조 상대위험,"전세사기 발생확률이 아니며, 공식 동별 피해집계가 없는 지역의 피해 건수를 추정하지 않습니다.",2026-07,2026-07
1150010100,11500,염창동,강서구,7261.0,2535.0,25.0,574.0,69.15184050453887,18.29268292682927,17.59581881533101,7261.0,2677.0,36.868199972455585,8.0,57.0,9.256792853146209,0.0,836.0,74.0,1029.7297297297296,0.0,202607,202607,72.0,6.0,4584.0,1860.0,813.0,288.0,1792.0,381.0,752.0,531.0,166.0,135.0,344.0,145.0,14435.0,24521.0,31.26177024482109,64.7834274952919,27.30696798493409,25.423728813559322,0.5886790913910526,표제부,751,129,17.177097203728362,17757.0,17757.0,108.0,507500000.0,2734324.444180874,108.0,614,585,428,1627,274577,5.925478099039614,84,18031270000,2.9,94.0,73.87580299785867,66.66666666666666,43.39378238341969,34.41558441558442,54.4973544973545,25.37313432835821,53.43915343915344,31.693989071038253,69.91869918699187,56.67317567497887,54.52925896022748,61.73622014504419,높음,높음,0,,,,,강서구 공식 피해·보증사고 배경지표 상위 | 최근 36개월 추정 전세가율 69.2% | 80% 이상 매칭 비중 18.3%,seoul-dong-v1.0,서울 법정동 시장·건물구조 상대위험,"전세사기 발생확률이 아니며, 공식 동별 피해집계가 없는 지역의 피해 건수를 추정하지 않습니다.",2026-07,2026-07
1156011300,11560,당산동3가,영등포구,1864.0,580.0,18.0,228.0,69.81194932242424,28.50877192982456,11.403508771929824,1864.0,929.0,49.83905579399141,4.0,15.0,2.574915663890726,0.0,132.0,22.0,500.0,0.0,202607,202607,192.0,20.0,935.0,290.0,236.0,45.0,501.0,225.0,40.0,22.0,3.0,2.0,4.0,2.0,2066.0,2296.0,13.636363636363635,18.181818181818183,9.090909090909092,9.090909090909092,0.8998257839721254,총괄표제부_보완,584,171,29.28082191780822,3925.0,3925.0,242.0,382000000.0,2590838.1521809734,242.0,84,213,201,498,193619,2.572061626183381,30,7456770000,1.8,79.0,97.00214132762312,79.67479674796748,43.39378238341969,34.41558441558442,37.301587301587304,34.82587064676617,35.714285714285715,49.72677595628415,71.27371273712737,61.41248724719907,50.47055577007836,61.315131290839034,낮음,높음,0,,,,,80% 이상 매칭 비중 28.5% | 영등포구 공식 피해·보증사고 배경지표 상위 | 최근 36개월 추정 전세가율 69.8%,seoul-dong-v1.0,서울 법정동 시장·건물구조 상대위험,"전세사기 발생확률이 아니며, 공식 동별 피해집계가 없는 지역의 피해 건수를 추정하지 않습니다.",2026-07,2026-07
1111010400,11110,효자동,종로구,57.0,21.0,,,,,,57.0,57.0,100.0,,,,,5.0,2.0,150.0,0.0,202604,202607,30.0,9.0,0.0,0.0,27.0,12.0,0.0,0.0,1.0,1.0,1.0,0.0,0.0,0.0,10.0,8.0,100.0,0.0,0.0,0.0,1.25,총괄표제부_보완,204,15,7.352941176470589,83.0,83.0,90.0,483500000.0,4694187.670305245,90.0,5,14,15,34,72503,0.46894611257465213,3,527000000,1.0,40.0,28.051391862955033,,43.39378238341969,,13.492063492063492,91.91542288557214,98.80952380952381,68.30601092896174,,67.65460263449592,58.753005408760664,61.28101293288771,낮음,높음,0,,,,,비아파트 건물 비중 100.0% | 종로구 공식 피해·보증사고 배경지표 상위 | 20년 이상 주거건물 비중 0.0%,seoul-dong-v1.0,서울 법정동 시장·건물구조 상대위험,"전세사기 발생확률이 아니며, 공식 동별 피해집계가 없는 지역의 피해 건수를 추정하지 않습니다.",2026-07,2026-04
1111018600,11110,신영동,종로구,459.0,184.0,8.0,62.0,77.17014341543032,50.0,22.58064516129032,459.0,428.0,93.24618736383442,5.0,15.0,1.6454504453439946,0.0,40.0,28.0,42.85714285714286,0.0,202607,202606,33.0,28.0,31.0,8.0,395.0,148.0,0.0,0.0,30.0,26.0,6.0,2.0,0.0,0.0,377.0,107.0,23.076923076923077,0.0,0.0,7.6923076923076925,3.5233644859813085,총괄표제부_보완,399,47,11.779448621553884,1039.0,1039.0,210.0,500500000.0,3617061.3135144087,210.0,5,14,15,34,72503,0.46894611257465213,3,527000000,1.0,40.0,50.53533190578159,87.8048780487805,43.39378238341969,34.41558441558442,13.492063492063492,70.8955223880597,43.386243386243386,92.34972677595628,87.26287262872629,73.44763670317124,44.68703862506299,61.24034167816849,낮음,높음,0,,,,,80% 이상 매칭 비중 50.0% | 최근 36개월 추정 전세가율 77.2% | 비아파트 건물 비중 23.1%,seoul-dong-v1.0,서울 법정동 시장·건물구조 상대위험,"전세사기 발생확률이 아니며, 공식 동별 피해집계가 없는 지역의 피해 건수를 추정하지 않습니다.",2026-06,2026-07
1111011300,11110,필운동,종로구,119.0,58.0,2.0,11.0,82.88750536852314,100.0,0.0,119.0,99.0,83.19327731092437,1.0,2.0,0.9471608528228259,0.0,18.0,6.0,200.0,0.0,202606,202606,40.0,14.0,20.0,5.0,41.0,19.0,18.0,20.0,3.0,0.0,0.0,0.0,0.0,0.0,0.0,199.0,,,,,0.0,총괄표제부_보완,270,38,14.074074074074074,255.0,255.0,122.0,405000000.0,5129242.482882051,122.0,5,14,15,34,72503,0.46894611257465213,3,527000000,1.0,40.0,59.95717344753747,98.78048780487805,43.39378238341969,34.41558441558442,,63.93034825870647,,1.912568306010929,92.14092140921409,77.44624124145543,35.08091410116895,61.23797327016549,낮음,높음,0,,,,,80% 이상 매칭 비중 100.0% | 최근 36개월 추정 전세가율 82.9% | 종로구 공식 피해·보증사고 배경지표 상위,seoul-dong-v1.0,서울 법정동 시장·건물구조 상대위험,"전세사기 발생확률이 아니며, 공식 동별 피해집계가 없는 지역의 피해 건수를 추정하지 않습니다.",2026-06,2026-06
1171011100,11710,방이동,송파구,13500.0,3658.0,32.0,1294.0,67.38876585004358,25.579598145285935,25.42503863987635,13500.0,9953.0,73.72592592592594,14.0,389.0,1.0868310814674667,0.0,768.0,412.0,86.40776699029126,0.0,202607,202607,544.0,40.0,3547.0,889.0,5628.0,1595.0,3781.0,1134.0,2472.0,1746.0,1073.0,325.0,1207.0,690.0,21105.0,24640.0,61.45475372279496,69.12943871706759,39.51890034364261,18.61397479954181,0.8565340909090909,표제부,2472,527,21.318770226537218,27732.0,27732.0,555.0,1073000000.0,3378900.6875788276,555.0,23,69,106,198,289693,0.6834821690548271,16,3253500000,0.8,36.0,87.79443254817987,77.50677506775068,43.39378238341969,34.41558441558442,60.84656084656085,55.472636815920396,93.91534391534393,46.44808743169399,65.85365853658537,60.767136763843496,77.30387740216786,61.18625140884806,높음,높음,0,,,,,비아파트 건물 비중 61.5% | 80% 이상 매칭 비중 25.6% | 최근 36개월 추정 전세가율 67.4%,seoul-dong-v1.0,서울 법정동 시장·건물구조 상대위험,"전세사기 발생확률이 아니며, 공식 동별 피해집계가 없는 지역의 피해 건수를 추정하지 않습니다.",2026-07,2026-07
1150010700,11500,외발산동,강서구,142.0,90.0,4.0,22.0,71.03361399959894,0.0,0.0,142.0,142.0,100.0,3.0,8.0,40.6023018105345,0.0,16.0,9.0,77.77777777777777,0.0,202607,202607,4.0,3.0,0.0,0.0,138.0,87.0,0.0,0.0,213.0,58.0,37.0,10.0,46.0,27.0,387.0,4686.0,63.793103448275865,79.3103448275862,46.55172413793103,17.24137931034483,0.08258642765685019,표제부,219,10,4.5662100456621,354.0,354.0,21.0,738000000.0,5389638.659120592,21.0,614,585,428,1627,274577,5.925478099039614,84,18031270000,2.9,94.0,16.059957173447536,15.853658536585366,43.39378238341969,34.41558441558442,78.04232804232805,91.91542288557214,94.97354497354497,10.382513661202186,74.52574525745257,52.46697092636422,62.26936848386984,61.14752467678599,보통,높음,0,,,,,비아파트 건물 비중 63.8% | 강서구 공식 피해·보증사고 배경지표 상위 | 20년 이상 주거건물 비중 79.3%,seoul-dong-v1.0,서울 법정동 시장·건물구조 상대위험,"전세사기 발생확률이 아니며, 공식 동별 피해집계가 없는 지역의 피해 건수를 추정하지 않습니다.",2026-07,2026-07
1174010800,11740,성내동,강동구,10929.0,3347.0,30.0,1073.0,63.56228021252591,23.76514445479963,5.498602050326188,10929.0,8016.0,73.3461432884985,10.0,233.0,30.627089060848657,0.0,888.0,271.0,227.67527675276753,0.0,202607,202607,2400.0,174.0,2913.0,1254.0,5310.0,1815.0,306.0,104.0,4137.0,3564.0,1940.0,1139.0,2726.0,1830.0,27509.0,32096.0,54.43322109988776,76.48709315375982,51.34680134680135,31.958473625140293,0.8570849950149552,표제부,4135,1192,28.827085852478838,23218.0,23218.0,2158.0,627000000.0,2740697.8768729707,2158.0,61,79,101,241,223649,1.0775813886938908,13,2727500000,1.1,52.0,96.57387580299786,73.44173441734418,43.39378238341969,34.41558441558442,73.54497354497354,54.47761194029851,87.83068783068782,46.72131147540984,55.82655826558266,55.640534005278596,79.84149040042958,61.144693003274554,높음,높음,0,,,,,비아파트 건물 비중 54.4% | 20년 이상 주거건물 비중 76.5% | 80% 이상 매칭 비중 23.8%,seoul-dong-v1.0,서울 법정동 시장·건물구조 상대위험,"전세사기 발생확률이 아니며, 공식 동별 피해집계가 없는 지역의 피해 건수를 추정하지 않습니다.",2026-07,2026-07
1111016800,11110,동숭동,종로구,493.0,174.0,9.0,68.0,81.21293338037738,69.11764705882352,41.17647058823529,493.0,490.0,99.39148073022312,3.0,11.0,17.379524028424083,0.0,22.0,27.0,-18.518518518518523,18.518518518518523,202607,202607,193.0,27.0,3.0,4.0,297.0,143.0,0.0,0.0,15.0,8.0,0.0,0.0,0.0,0.0,76.0,120.0,0.0,0.0,0.0,0.0,0.6333333333333333,총괄표제부_보완,650,81,12.461538461538462,1209.0,1209.0,273.0,342000000.0,2707625.8104353193,272.0,5,14,15,34,72503,0.46894611257465213,3,527000000,1.0,40.0,52.67665952890792,92.41192411924119,88.08290155440415,34.41558441558442,13.492063492063492,82.33830845771143,11.772486772486772,33.060109289617486,90.5149051490515,81.51340175298012,23.57635888123479,60.80213077209677,낮음,높음,0,,,,,80% 이상 매칭 비중 69.1% | 최근 36개월 추정 전세가율 81.2% | 종로구 공식 피해·보증사고 배경지표 상위,seoul-dong-v1.0,서울 법정동 시장·건물구조 상대위험,"전세사기 발생확률이 아니며, 공식 동별 피해집계가 없는 지역의 피해 건수를 추정하지 않습니다.",2026-07,2026-07
1129012300,11290,안암동3가,성북구,370.0,151.0,11.0,54.0,62.650525315217756,18.51851851851852,18.51851851851852,370.0,223.0,60.27027027027027,1.0,5.0,-8.334035839670362,8.334035839670362,51.0,10.0,409.99999999999994,0.0,202607,202607,132.0,14.0,147.0,77.0,91.0,60.0,0.0,0.0,326.0,293.0,111.0,44.0,203.0,168.0,1770.0,620.0,37.883959044368595,69.28327645051195,57.33788395904437,15.017064846416384,2.8548387096774195,표제부,324,54,16.666666666666664,1195.0,1195.0,213.0,310000000.0,2193041.8302423176,213.0,92,123,56,271,199807,1.3563088380286978,5,1445500000,0.8,48.0,71.73447537473233,66.93766937669376,43.39378238341969,91.55844155844156,61.64021164021164,43.28358208955223,65.07936507936508,90.7103825136612,52.574525745257446,60.16573032333985,69.3952513937946,60.64825104245256,높음,높음,0,,,,,최근 매매 단가 하락 신호 8.3% | 80% 이상 매칭 비중 18.5% | 비아파트 건물 비중 37.9%,seoul-dong-v1.0,서울 법정동 시장·건물구조 상대위험,"전세사기 발생확률이 아니며, 공식 동별 피해집계가 없는 지역의 피해 건수를 추정하지 않습니다.",2026-07,2026-07
1111013500,11110,관철동,종로구,6.0,90.0,,,,,,6.0,6.0,100.0,1.0,4.0,-2.1203654997787535,2.1203654997787535,5.0,7.0,-28.57142857142857,28.57142857142857,202501,202606,0.0,0.0,0.0,0.0,0.0,0.0,6.0,90.0,6.0,1.0,0.0,1.0,0.0,0.0,1.0,0.0,0.0,0.0,0.0,100.0,,총괄표제부_보완,216,6,2.7777777777777777,285.0,285.0,,,,,5,14,15,34,72503,0.46894611257465213,3,527000000,1.0,40.0,9.207708779443255,,90.41450777202073,79.54545454545455,13.492063492063492,91.91542288557214,11.772486772486772,,,86.18517499307849,11.674767456352038,60.629796859935105,낮음,높음,0,,,,,최근 매매 단가 하락 신호 2.1% | 종로구 공식 피해·보증사고 배경지표 상위 | 20년 이상 주거건물 비중 0.0%,seoul-dong-v1.0,서울 법정동 시장·건물구조 상대위험,"전세사기 발생확률이 아니며, 공식 동별 피해집계가 없는 지역의 피해 건수를 추정하지 않습니다.",2026-06,2025-01
1138010900,11380,신사동,은평구,5590.0,3198.0,24.0,869.0,68.89438439515683,0.805523590333717,0.5753739930955121,5590.0,3920.0,70.12522361359571,7.0,292.0,-5.029387776963792,5.029387776963792,607.0,327.0,85.6269113149847,0.0,202607,202607,642.0,151.0,1670.0,776.0,3066.0,2174.0,212.0,97.0,117.0,107.0,57.0,16.0,20.0,15.0,5502.0,3074.0,53.271028037383175,18.69158878504673,14.018691588785046,14.953271028037381,1.789850357839948,총괄표제부_보완,3105,602,19.388083735909824,15928.0,15928.0,1516.0,323000000.0,2144521.529326436,1516.0,135,182,100,417,214777,1.9415486760686664,6,1752000000,0.6,45.0,82.01284796573876,33.87533875338754,43.39378238341969,87.33766233766234,37.83068783068783,52.48756218905473,86.24338624338624,81.14754098360656,69.37669376693766,58.90829600301875,72.5297271957152,60.227409400740044,높음,높음,0,,,,,최근 매매 단가 하락 신호 5.0% | 비아파트 건물 비중 53.3% | 최근 36개월 추정 전세가율 68.9%,seoul-dong-v1.0,서울 법정동 시장·건물구조 상대위험,"전세사기 발생확률이 아니며, 공식 동별 피해집계가 없는 지역의 피해 건수를 추정하지 않습니다.",2026-07,2026-07
1156011100,11560,당산동1가,영등포구,1849.0,569.0,12.0,252.0,70.85915207045558,18.253968253968253,1.984126984126984,1849.0,1536.0,83.07193077339102,4.0,39.0,4.40788118184249,0.0,272.0,46.0,491.30434782608694,0.0,202607,202607,303.0,55.0,313.0,94.0,855.0,312.0,378.0,108.0,43.0,24.0,3.0,4.0,0.0,0.0,827.0,845.0,12.5,0.0,0.0,16.666666666666664,0.978698224852071,총괄표제부_보완,816,197,24.142156862745097,3077.0,3077.0,417.0,382000000.0,2461863.7668025983,417.0,84,213,201,498,193619,2.572061626183381,30,7456770000,1.8,79.0,92.29122055674517,66.39566395663957,43.39378238341969,34.41558441558442,13.492063492063492,63.681592039801,34.523809523809526,54.644808743169406,74.25474254742548,62.17068811278982,43.83750510536413,60.11178914401492,낮음,높음,0,,,,,영등포구 공식 피해·보증사고 배경지표 상위 | 최근 36개월 추정 전세가율 70.9% | 80% 이상 매칭 비중 18.3%,seoul-dong-v1.0,서울 법정동 시장·건물구조 상대위험,"전세사기 발생확률이 아니며, 공식 동별 피해집계가 없는 지역의 피해 건수를 추정하지 않습니다.",2026-07,2026-07
1144012700,11440,상암동,마포구,5381.0,1616.0,17.0,509.0,75.73993061463281,37.13163064833006,35.952848722986246,5381.0,1774.0,32.96784984203679,7.0,114.0,-5.984765351639151,5.984765351639151,381.0,127.0,200.0,0.0,202607,202607,296.0,34.0,3607.0,696.0,458.0,81.0,1020.0,805.0,1065.0,700.0,211.0,193.0,373.0,154.0,11367.0,41877.0,30.142857142857142,53.28571428571428,22.0,27.57142857142857,0.27143778207607994,표제부,1066,145,13.602251407129456,14564.0,14564.0,296.0,629500000.0,4037161.4771346403,295.0,44,86,34,164,180580,0.908184738066231,4,760000000,0.3,24.0,58.45824411134903,83.73983739837398,43.39378238341969,89.28571428571429,48.94179894179894,21.641791044776117,51.85185185185185,18.30601092896175,83.73983739837398,74.3273087946198,47.41374093780454,60.04982051122301,높음,높음,0,,,,,최근 매매 단가 하락 신호 6.0% | 최근 36개월 추정 전세가율 75.7% | 80% 이상 매칭 비중 37.1%,seoul-dong-v1.0,서울 법정동 시장·건물구조 상대위험,"전세사기 발생확률이 아니며, 공식 동별 피해집계가 없는 지역의 피해 건수를 추정하지 않습니다.",2026-07,2026-07
1171010800,11710,문정동,송파구,15517.0,6890.0,28.0,1522.0,63.28699179329165,23.78449408672799,17.21419185282523,15517.0,10829.0,69.78797447960302,12.0,424.0,-2.3590605316838658,2.3590605316838658,1235.0,589.0,109.6774193548387,0.0,202607,202607,374.0,35.0,4688.0,1562.0,3777.0,1222.0,6678.0,4071.0,1713.0,1281.0,578.0,300.0,800.0,553.0,21829.0,34637.0,45.120999219359874,62.451209992193604,43.169398907103826,23.4192037470726,0.6302220169183244,표제부,1716,471,27.447552447552447,48568.0,48568.0,484.0,719000000.0,2942062.7016276503,484.0,23,69,106,198,289693,0.6834821690548271,16,3253500000,0.8,36.0,95.50321199143468,73.71273712737127,43.39378238341969,81.16883116883116,52.64550264550265,51.99004975124378,79.36507936507937,32.78688524590164,54.74254742547425,62.038911140823544,68.9260825925796,59.854867332639024,높음,높음,0,,,,,최근 매매 단가 하락 신호 2.4% | 비아파트 건물 비중 45.1% | 80% 이상 매칭 비중 23.8%,seoul-dong-v1.0,서울 법정동 시장·건물구조 상대위험,"전세사기 발생확률이 아니며, 공식 동별 피해집계가 없는 지역의 피해 건수를 추정하지 않습니다.",2026-07,2026-07
1144012500,11440,성산동,마포구,10272.0,3929.0,26.0,1062.0,70.33636511921355,20.527306967984934,19.868173258003765,10272.0,6940.0,67.56230529595015,14.0,423.0,7.55979635807399,0.0,820.0,473.0,73.3615221987315,0.0,202607,202607,750.0,73.0,3332.0,770.0,3691.0,2067.0,2499.0,1019.0,2606.0,2159.0,1267.0,483.0,1632.0,1240.0,19796.0,12704.0,58.68457619268179,75.59055118110236,57.433997220935616,22.37146827234831,1.558249370277078,표제부,2606,335,12.854950115118957,22313.0,22313.0,1106.0,622000000.0,2958659.2333046193,1105.0,44,86,34,164,180580,0.908184738066231,4,760000000,0.3,24.0,55.0321199143469,70.18970189701898,43.39378238341969,34.41558441558442,72.22222222222221,50.74626865671642,92.06349206349206,77.59562841530054,72.62872628726286,61.175258755511166,77.52672062611684,59.686835409835915,높음,높음,0,,,,,비아파트 건물 비중 58.7% | 최근 36개월 추정 전세가율 70.3% | 20년 이상 주거건물 비중 75.6%,seoul-dong-v1.0,서울 법정동 시장·건물구조 상대위험,"전세사기 발생확률이 아니며, 공식 동별 피해집계가 없는 지역의 피해 건수를 추정하지 않습니다.",2026-07,2026-07
1114013300,11140,충무로5가,중구,186.0,134.0,6.0,39.0,88.89546537577476,89.74358974358975,38.46153846153847,186.0,78.0,41.935483870967744,1.0,6.0,-2.19876868953387,2.19876868953387,28.0,8.0,250.0,0.0,202607,202606,0.0,3.0,108.0,79.0,0.0,0.0,78.0,52.0,,,,,,,,,,,,,,,173,14,8.092485549132949,942.0,942.0,3.0,897000000.0,6079854.809437386,3.0,2,10,7,19,63882,0.2974233743464512,2,350000000,0.4,18.0,32.11991434689507,97.01897018970189,43.39378238341969,80.1948051948052,,28.35820895522388,,,94.85094850948511,81.39954186430465,32.11991434689507,59.569703705306566,낮음,높음,0,,,,,80% 이상 매칭 비중 89.7% | 최근 36개월 추정 전세가율 88.9% | 최근 매매 단가 하락 신호 2.2%,seoul-dong-v1.0,서울 법정동 시장·건물구조 상대위험,"전세사기 발생확률이 아니며, 공식 동별 피해집계가 없는 지역의 피해 건수를 추정하지 않습니다.",2026-06,2026-07
1114016500,11140,황학동,중구,3834.0,1461.0,24.0,683.0,77.49916556860326,55.19765739385066,43.63103953147877,3834.0,2554.0,66.61450182576944,7.0,171.0,-9.998223789350536,9.998223789350536,513.0,210.0,144.2857142857143,0.0,202607,202607,146.0,53.0,1280.0,549.0,403.0,88.0,2005.0,771.0,59.0,17.0,0.0,2.0,0.0,0.0,1951.0,2902.0,0.0,0.0,0.0,11.76470588235294,0.6722949689869056,총괄표제부_보완,1342,421,31.37108792846498,7667.0,7667.0,593.0,271000000.0,2638395.500296033,593.0,2,10,7,19,63882,0.2974233743464512,2,350000000,0.4,18.0,98.7152034261242,89.97289972899729,43.39378238341969,93.5064935064935,13.492063492063492,49.50248756218906,11.772486772486772,35.51912568306011,87.8048780487805,80.93077717229642,33.15292011969444,59.54669633330146,낮음,높음,0,,,,,최근 매매 단가 하락 신호 10.0% | 80% 이상 매칭 비중 55.2% | 최근 36개월 추정 전세가율 77.5%,seoul-dong-v1.0,서울 법정동 시장·건물구조 상대위험,"전세사기 발생확률이 아니며, 공식 동별 피해집계가 없는 지역의 피해 건수를 추정하지 않습니다.",2026-07,2026-07
1165011100,11650,신원동,서초구,1879.0,300.0,8.0,136.0,77.33492793372598,59.55882352941176,57.35294117647059,1879.0,427.0,22.72485364555615,1.0,18.0,-0.21094499732605687,0.21094499732605687,55.0,38.0,44.736842105263165,0.0,202607,202607,117.0,17.0,1452.0,121.0,27.0,4.0,283.0,158.0,399.0,293.0,45.0,34.0,116.0,102.0,2612.0,1761.0,15.358361774744028,39.59044368600683,34.8122866894198,11.604095563139932,1.4832481544576945,표제부,400,35,8.75,3308.0,3308.0,192.0,1451000000.0,6512102.935126083,192.0,3,10,16,29,173895,0.16676730210759366,5,1573500000,0.8,26.0,34.68950749464668,90.78590785907859,43.39378238341969,70.12987012987013,44.70899470899471,14.427860696517413,38.095238095238095,75.68306010928961,87.53387533875339,74.01167192774524,44.70570443066669,59.48342926431381,높음,높음,0,,,,,80% 이상 매칭 비중 59.6% | 최근 36개월 추정 전세가율 77.3% | 최근 매매 단가 하락 신호 0.2%,seoul-dong-v1.0,서울 법정동 시장·건물구조 상대위험,"전세사기 발생확률이 아니며, 공식 동별 피해집계가 없는 지역의 피해 건수를 추정하지 않습니다.",2026-07,2026-07
1111017500,11110,숭인동,종로구,2562.0,1595.0,22.0,519.0,85.96133727410928,52.98651252408478,51.83044315992292,2562.0,1949.0,76.07338017174082,10.0,110.0,11.84817541151076,0.0,290.0,129.0,124.8062015503876,0.0,202607,202607,333.0,95.0,613.0,331.0,424.0,374.0,1192.0,795.0,74.0,44.0,2.0,0.0,0.0,0.0,1013.0,944.0,4.545454545454546,0.0,0.0,0.0,1.0730932203389831,총괄표제부_보완,1915,238,12.428198433420365,10215.0,10215.0,956.0,291000000.0,3092345.789937473,956.0,5,14,15,34,72503,0.46894611257465213,3,527000000,1.0,40.0,52.46252676659529,88.88888888888889,43.39378238341969,34.41558441558442,13.492063492063492,57.711442786069654,25.793650793650798,59.83606557377049,94.3089430894309,75.21865963728118,33.158391379860824,59.420793627333914,보통,높음,0,,,,,최근 36개월 추정 전세가율 86.0% | 80% 이상 매칭 비중 53.0% | 종로구 공식 피해·보증사고 배경지표 상위,seoul-dong-v1.0,서울 법정동 시장·건물구조 상대위험,"전세사기 발생확률이 아니며, 공식 동별 피해집계가 없는 지역의 피해 건수를 추정하지 않습니다.",2026-07,2026-07
1141011400,11410,신촌동,서대문구,43.0,18.0,1.0,3.0,72.69905557555387,0.0,0.0,43.0,43.0,100.0,,,,,2.0,4.0,-50.0,50.0,202607,202604,18.0,4.0,0.0,0.0,25.0,14.0,0.0,0.0,216.0,109.0,34.0,9.0,86.0,72.0,360.0,14205.0,31.19266055045872,78.89908256880734,66.05504587155964,8.256880733944955,0.025343189017951427,표제부,216,17,7.87037037037037,110.0,110.0,67.0,810000000.0,2919942.24290069,67.0,31,109,60,200,147178,1.3588987484542527,7,1682000000,1.2,62.0,30.83511777301927,15.853658536585366,94.81865284974094,,77.24867724867724,91.91542288557214,53.17460317460318,6.830601092896176,78.31978319783198,63.48792410212993,47.77362430054887,59.33616053641517,낮음,높음,0,,,,,최근 36개월 추정 전세가율 72.7% | 20년 이상 주거건물 비중 78.9% | 서대문구 공식 피해·보증사고 배경지표 상위,seoul-dong-v1.0,서울 법정동 시장·건물구조 상대위험,"전세사기 발생확률이 아니며, 공식 동별 피해집계가 없는 지역의 피해 건수를 추정하지 않습니다.",2026-04,2026-07
1153010900,11530,궁동,구로구,1734.0,1328.0,11.0,313.0,59.442684073943326,6.7092651757188495,0.0,1734.0,1651.0,95.21337946943483,6.0,76.0,3.9506952319770536,0.0,111.0,79.0,40.506329113924046,0.0,202607,202607,117.0,26.0,83.0,138.0,1534.0,1164.0,0.0,0.0,830.0,702.0,527.0,125.0,481.0,349.0,6236.0,6038.0,75.07122507122507,68.51851851851852,49.71509971509971,17.806267806267805,1.032792315336204,표제부,827,128,15.4776299879081,5662.0,5662.0,236.0,325500000.0,1857626.6715329355,236.0,183,209,135,527,185143,2.8464484209502925,21,4129400000,2.1,86.0,67.02355460385438,47.96747967479675,43.39378238341969,34.41558441558442,59.25925925925925,72.636815920398,96.29629629629629,57.103825136612016,43.08943089430895,45.99303976914221,75.303618024596,59.32172836763433,높음,높음,0,,,,,비아파트 건물 비중 75.1% | 구로구 공식 피해·보증사고 배경지표 상위 | 20년 이상 주거건물 비중 68.5%,seoul-dong-v1.0,서울 법정동 시장·건물구조 상대위험,"전세사기 발생확률이 아니며, 공식 동별 피해집계가 없는 지역의 피해 건수를 추정하지 않습니다.",2026-07,2026-07
1111016700,11110,충신동,종로구,295.0,111.0,5.0,19.0,72.91978271969329,15.789473684210526,15.789473684210526,295.0,187.0,63.389830508474574,1.0,2.0,-33.381572831366334,33.381572831366334,15.0,24.0,-37.5,37.5,202607,202606,150.0,53.0,108.0,24.0,24.0,5.0,13.0,29.0,27.0,22.0,0.0,2.0,1.0,0.0,47.0,0.0,0.0,4.545454545454546,0.0,9.090909090909092,,총괄표제부_보완,808,119,14.727722772277227,430.0,430.0,559.0,196000000.0,2259758.046108194,559.0,5,14,15,34,72503,0.46894611257465213,3,527000000,1.0,40.0,63.16916488222698,64.76964769647697,91.45077720207254,99.02597402597402,28.57142857142857,46.517412935323385,11.772486772486772,,79.40379403794037,76.60464465693109,28.80668803329088,59.16445880248137,낮음,높음,0,,,,,최근 매매 단가 하락 신호 33.4% | 최근 36개월 추정 전세가율 72.9% | 80% 이상 매칭 비중 15.8%,seoul-dong-v1.0,서울 법정동 시장·건물구조 상대위험,"전세사기 발생확률이 아니며, 공식 동별 피해집계가 없는 지역의 피해 건수를 추정하지 않습니다.",2026-06,2026-07
1111016000,11110,연지동,종로구,198.0,402.0,4.0,32.0,77.0177877636342,53.125,53.125,198.0,197.0,99.4949494949495,2.0,6.0,2.7673371899888495,0.0,10.0,218.0,-95.41284403669725,95.41284403669725,202607,202606,2.0,3.0,1.0,37.0,50.0,6.0,145.0,356.0,8.0,2.0,0.0,0.0,0.0,0.0,12.0,408.0,0.0,0.0,0.0,0.0,0.029411764705882353,총괄표제부_보완,221,28,12.669683257918551,1039.0,1039.0,41.0,235000000.0,2622299.818561501,41.0,5,14,15,34,72503,0.46894611257465213,3,527000000,1.0,40.0,53.319057815845824,89.15989159891599,97.66839378238342,34.41558441558442,13.492063492063492,82.83582089552239,11.772486772486772,7.377049180327869,86.72086720867209,80.19107891332608,19.85237952222893,59.07774222855288,낮음,높음,0,,,,,80% 이상 매칭 비중 53.1% | 최근 36개월 추정 전세가율 77.0% | 종로구 공식 피해·보증사고 배경지표 상위,seoul-dong-v1.0,서울 법정동 시장·건물구조 상대위험,"전세사기 발생확률이 아니며, 공식 동별 피해집계가 없는 지역의 피해 건수를 추정하지 않습니다.",2026-06,2026-07
1111015700,11110,인의동,종로구,124.0,91.0,3.0,22.0,84.62537078763893,59.09090909090909,59.09090909090909,124.0,53.0,42.74193548387097,1.0,4.0,-10.011947431302293,10.011947431302293,10.0,6.0,66.66666666666667,0.0,202604,202605,1.0,1.0,71.0,26.0,0.0,0.0,52.0,64.0,11.0,4.0,0.0,0.0,0.0,0.0,12.0,131.0,0.0,0.0,0.0,0.0,0.0916030534351145,총괄표제부_보완,129,11,8.527131782945736,1354.0,1354.0,13.0,305000000.0,3992773.261065944,13.0,5,14,15,34,72503,0.46894611257465213,3,527000000,1.0,40.0,33.190578158458244,90.5149051490515,43.39378238341969,93.83116883116884,13.492063492063492,29.35323383084577,11.772486772486772,10.92896174863388,93.76693766937669,81.48487830111542,16.359470475997313,58.98079459966858,낮음,높음,0,,,,,최근 매매 단가 하락 신호 10.0% | 최근 36개월 추정 전세가율 84.6% | 80% 이상 매칭 비중 59.1%,seoul-dong-v1.0,서울 법정동 시장·건물구조 상대위험,"전세사기 발생확률이 아니며, 공식 동별 피해집계가 없는 지역의 피해 건수를 추정하지 않습니다.",2026-05,2026-04
1129013900,11290,석관동,성북구,4594.0,1780.0,19.0,574.0,66.96825271965078,4.355400696864112,4.355400696864112,4594.0,3104.0,67.56639094471049,8.0,92.0,4.322550147377388,0.0,417.0,130.0,220.76923076923077,0.0,202607,202607,1145.0,205.0,1490.0,758.0,1889.0,770.0,70.0,47.0,3395.0,3097.0,1490.0,549.0,2635.0,2296.0,14838.0,5838.0,48.11107523409751,85.08233774620601,74.13626089764288,17.72683241846949,2.541623843782117,표제부,3397,656,19.311156903149836,8996.0,8996.0,2562.0,294000000.0,2153286.631532457,2560.0,92,123,56,271,199807,1.3563088380286978,5,1445500000,0.8,48.0,81.5845824411135,42.81842818428184,43.39378238341969,34.41558441558442,89.41798941798942,50.99502487562189,82.27513227513228,89.34426229508196,63.956639566395665,50.888481260870556,84.98310609703526,58.97886528078115,높음,높음,0,,,,,20년 이상 주거건물 비중 85.1% | 비아파트 건물 비중 48.1% | 최근 36개월 추정 전세가율 67.0%,seoul-dong-v1.0,서울 법정동 시장·건물구조 상대위험,"전세사기 발생확률이 아니며, 공식 동별 피해집계가 없는 지역의 피해 건수를 추정하지 않습니다.",2026-07,2026-07
1174010700,11740,암사동,강동구,10411.0,3661.0,20.0,902.0,60.50863665706224,11.751662971175167,0.0,10411.0,5815.0,55.85438478532322,9.0,229.0,-3.2628543857278003,3.2628543857278003,841.0,260.0,223.46153846153845,0.0,202607,202607,1298.0,120.0,4596.0,1655.0,4377.0,1842.0,140.0,44.0,3047.0,2721.0,1251.0,543.0,1750.0,1304.0,24086.0,14001.0,45.97574421168688,64.31459022418228,47.92355751561926,19.955898566703418,1.7203056924505393,표제부,3049,612,20.07215480485405,21894.0,21894.0,1530.0,607500000.0,2560277.294162569,1530.0,61,79,101,241,223649,1.0775813886938908,13,2727500000,1.1,52.0,84.58244111349036,57.994579945799465,43.39378238341969,83.76623376623377,53.96825396825397,40.049751243781095,80.42328042328042,80.60109289617486,46.070460704607044,53.836117695947834,74.66802781849997,58.76867757219368,높음,높음,0,,,,,최근 매매 단가 하락 신호 3.3% | 비아파트 건물 비중 46.0% | 80% 이상 매칭 비중 11.8%,seoul-dong-v1.0,서울 법정동 시장·건물구조 상대위험,"전세사기 발생확률이 아니며, 공식 동별 피해집계가 없는 지역의 피해 건수를 추정하지 않습니다.",2026-07,2026-07
1121510300,11215,구의동,광진구,12114.0,4443.0,37.0,1205.0,65.92704908483617,8.38174273858921,8.38174273858921,12114.0,8873.0,73.2458312696054,18.0,444.0,20.80901978919857,0.0,1320.0,461.0,186.33405639913235,0.0,202607,202607,2703.0,244.0,3241.0,1030.0,5613.0,2709.0,557.0,460.0,4609.0,4111.0,2367.0,1067.0,3063.0,2164.0,29636.0,79094.0,57.57723181707613,74.50741911943565,52.63926052055461,25.954755533933348,0.37469340278655777,표제부,4602,1192,25.901781833985222,29447.0,29447.0,2535.0,628000000.0,2581032.4129651864,2534.0,26,44,64,134,172165,0.7783231202625389,10,2350000000,1.4,54.0,94.00428265524626,51.76151761517615,43.39378238341969,34.41558441558442,69.57671957671958,54.22885572139303,91.26984126984127,21.584699453551913,61.78861788617886,52.58042803108452,75.94067785119844,58.633426281450326,높음,높음,0,,,,,비아파트 건물 비중 57.6% | 20년 이상 주거건물 비중 74.5% | 최근 36개월 추정 전세가율 65.9%,seoul-dong-v1.0,서울 법정동 시장·건물구조 상대위험,"전세사기 발생확률이 아니며, 공식 동별 피해집계가 없는 지역의 피해 건수를 추정하지 않습니다.",2026-07,2026-07
1117012200,11170,문배동,용산구,2211.0,548.0,19.0,179.0,66.01378506117267,30.726256983240223,18.994413407821227,2211.0,1041.0,47.08276797829037,5.0,18.0,-4.04767179174215,4.04767179174215,107.0,22.0,386.3636363636363,0.0,202607,202607,1.0,1.0,1170.0,249.0,18.0,7.0,1022.0,291.0,3.0,2.0,2.0,2.0,0.0,0.0,700.0,1031.0,100.0,0.0,0.0,100.0,0.6789524733268671,총괄표제부_보완,80,17,21.25,3165.0,3165.0,3.0,159000000.0,3214718.9648200567,3.0,1,1,2,4,101982,0.03922260791120002,5,1290000000,0.7,18.0,87.58029978586723,81.84281842818429,43.39378238341969,85.06493506493507,13.492063492063492,32.33830845771145,98.80952380952381,36.0655737704918,62.05962059620597,65.61750218938184,65.82272141957262,58.526181668522256,낮음,높음,0,,,,,비아파트 건물 비중 100.0% | 최근 매매 단가 하락 신호 4.0% | 80% 이상 매칭 비중 30.7%,seoul-dong-v1.0,서울 법정동 시장·건물구조 상대위험,"전세사기 발생확률이 아니며, 공식 동별 피해집계가 없는 지역의 피해 건수를 추정하지 않습니다.",2026-07,2026-07
1129011300,11290,삼선동3가,성북구,363.0,182.0,10.0,73.0,65.67354043375089,16.43835616438356,4.10958904109589,363.0,204.0,56.19834710743802,3.0,9.0,3.017172667000754,0.0,47.0,17.0,176.47058823529412,0.0,202607,202606,73.0,7.0,159.0,81.0,131.0,94.0,0.0,0.0,196.0,167.0,90.0,32.0,120.0,78.0,1482.0,1798.0,53.89221556886228,71.8562874251497,46.706586826347305,19.16167664670659,0.8242491657397107,표제부,196,41,20.918367346938776,1304.0,1304.0,76.0,440500000.0,2193198.627450705,76.0,92,123,56,271,199807,1.3563088380286978,5,1445500000,0.8,48.0,86.7237687366167,65.04065040650406,43.39378238341969,34.41558441558442,64.28571428571429,40.298507462686565,87.03703703703704,43.44262295081967,61.24661246612466,54.290374235024174,74.74739057618969,58.46107218506192,높음,높음,0,,,,,비아파트 건물 비중 53.9% | 80% 이상 매칭 비중 16.4% | 20년 이상 주거건물 비중 71.9%,seoul-dong-v1.0,서울 법정동 시장·건물구조 상대위험,"전세사기 발생확률이 아니며, 공식 동별 피해집계가 없는 지역의 피해 건수를 추정하지 않습니다.",2026-06,2026-07
1114014000,11140,남학동,중구,0.0,1.0,,,,,,,,,,,,,1.0,0.0,,,,202603,0.0,1.0,0.0,0.0,0.0,0.0,0.0,0.0,,,,,,,,,,,,,,,41,8,19.51219512195122,,,9.0,229000000.0,3420383.63762422,9.0,2,10,7,19,63882,0.2974233743464512,2,350000000,0.4,18.0,82.65524625267666,,,,,,,,,,82.65524625267666,58.40952890792291,낮음,높음,0,,,,,중구 공식 피해·보증사고 배경지표 상위,seoul-dong-v1.0,서울 법정동 시장·건물구조 상대위험,"전세사기 발생확률이 아니며, 공식 동별 피해집계가 없는 지역의 피해 건수를 추정하지 않습니다.",2026-03,
1114016300,11140,흥인동,중구,324.0,313.0,11.0,75.0,92.16626866114235,73.33333333333333,68.0,324.0,146.0,45.06172839506173,2.0,17.0,-5.95066522155748,5.95066522155748,58.0,23.0,152.17391304347828,0.0,202606,202607,1.0,2.0,178.0,107.0,0.0,0.0,145.0,204.0,13.0,3.0,0.0,1.0,0.0,0.0,299.0,997.0,0.0,0.0,0.0,33.33333333333333,0.29989969909729186,총괄표제부_보완,194,29,14.948453608247423,2933.0,2933.0,20.0,190000000.0,2734670.646717971,20.0,2,10,7,19,63882,0.2974233743464512,2,350000000,0.4,18.0,64.02569593147751,92.6829268292683,43.39378238341969,88.96103896103897,13.492063492063492,31.094527363184078,11.772486772486772,19.398907103825135,97.01897018970189,82.77130660201405,23.79698583387986,58.31203041967839,낮음,높음,0,,,,,최근 36개월 추정 전세가율 92.2% | 80% 이상 매칭 비중 73.3% | 최근 매매 단가 하락 신호 6.0%,seoul-dong-v1.0,서울 법정동 시장·건물구조 상대위험,"전세사기 발생확률이 아니며, 공식 동별 피해집계가 없는 지역의 피해 건수를 추정하지 않습니다.",2026-07,2026-06
1114015100,11140,을지로5가,중구,73.0,100.0,4.0,21.0,83.95439862638504,80.95238095238095,0.0,73.0,59.0,80.82191780821918,2.0,13.0,-2.968330096874919,2.968330096874919,20.0,14.0,42.85714285714286,0.0,202604,202607,0.0,2.0,14.0,7.0,0.0,0.0,59.0,91.0,20.0,9.0,0.0,0.0,0.0,0.0,14.0,33.0,0.0,0.0,0.0,0.0,0.42424242424242425,총괄표제부_보완,209,21,10.047846889952153,894.0,894.0,6.0,360000000.0,5255896.818644589,6.0,2,10,7,19,63882,0.2974233743464512,2,350000000,0.4,18.0,42.82655246252677,95.1219512195122,43.39378238341969,82.79220779220779,13.492063492063492,61.442786069651746,11.772486772486772,23.770491803278688,93.22493224932249,83.97294871874536,20.21289484500774,58.13699294249915,낮음,높음,0,,,,,80% 이상 매칭 비중 81.0% | 최근 36개월 추정 전세가율 84.0% | 최근 매매 단가 하락 신호 3.0%,seoul-dong-v1.0,서울 법정동 시장·건물구조 상대위험,"전세사기 발생확률이 아니며, 공식 동별 피해집계가 없는 지역의 피해 건수를 추정하지 않습니다.",2026-07,2026-04
1114014800,11140,을지로6가,중구,42.0,56.0,1.0,7.0,92.2782045803659,100.0,100.0,42.0,42.0,100.0,3.0,8.0,11.992090074110124,0.0,8.0,14.0,-42.85714285714286,42.85714285714286,202507,202606,2.0,2.0,0.0,0.0,18.0,2.0,22.0,52.0,15.0,4.0,0.0,0.0,0.0,0.0,8.0,349.0,0.0,0.0,0.0,0.0,0.022922636103151862,총괄표제부_보완,192,8,4.166666666666666,11802.0,11802.0,3.0,266000000.0,3777898.7479586285,3.0,2,10,7,19,63882,0.2974233743464512,2,350000000,0.4,18.0,14.775160599571734,98.78048780487805,93.13471502590673,34.41558441558442,13.492063492063492,91.91542288557214,11.772486772486772,6.284153005464481,97.289972899729,87.27846256459667,11.9796656527446,58.061993951944146,낮음,높음,0,,,,,80% 이상 매칭 비중 100.0% | 최근 36개월 추정 전세가율 92.3% | 최근 매매 단가 하락 신호 0.0%,seoul-dong-v1.0,서울 법정동 시장·건물구조 상대위험,"전세사기 발생확률이 아니며, 공식 동별 피해집계가 없는 지역의 피해 건수를 추정하지 않습니다.",2026-06,2025-07
1120010300,11200,홍익동,성동구,452.0,142.0,8.0,53.0,72.84881399446361,18.867924528301888,7.547169811320755,452.0,415.0,91.8141592920354,1.0,5.0,18.21734406237163,0.0,43.0,21.0,104.76190476190474,0.0,202607,202606,153.0,12.0,37.0,15.0,168.0,93.0,94.0,22.0,444.0,341.0,108.0,174.0,307.0,275.0,1358.0,1299.0,31.671554252199414,90.02932551319648,80.64516129032258,51.02639296187683,1.0454195535026944,표제부,444,82,18.46846846846847,864.0,864.0,285.0,366000000.0,2683583.237216455,285.0,4,9,12,25,133771,0.1868865449163122,1,300000000,0.2,10.0,79.01498929336188,67.47967479674797,43.39378238341969,34.41558441558442,95.76719576719577,69.65174129353234,54.232804232804234,58.46994535519126,79.13279132791328,64.98992526038518,70.2084102968717,58.04605773044903,높음,높음,0,,,,,20년 이상 주거건물 비중 90.0% | 최근 36개월 추정 전세가율 72.8% | 80% 이상 매칭 비중 18.9%,seoul-dong-v1.0,서울 법정동 시장·건물구조 상대위험,"전세사기 발생확률이 아니며, 공식 동별 피해집계가 없는 지역의 피해 건수를 추정하지 않습니다.",2026-06,2026-07
1132010500,11320,쌍문동,도봉구,6637.0,4923.0,28.0,1029.0,66.59809950386042,9.523809523809524,0.0,6637.0,3508.0,52.85520566521018,7.0,298.0,4.918475787382514,0.0,818.0,335.0,144.17910447761196,0.0,202607,202607,963.0,245.0,3129.0,1646.0,2502.0,3015.0,43.0,17.0,4349.0,3881.0,1600.0,654.0,3093.0,2523.0,30842.0,18575.0,41.22648801855192,79.69595465086317,65.00901829425406,16.8513269775831,1.6604037685060564,표제부,4352,636,14.613970588235295,26329.0,26329.0,2452.0,292500000.0,1796505.5580777992,2451.0,60,60,38,158,139118,1.135726505556434,8,1600000000,1.3,58.0,62.74089935760171,54.0650406504065,43.39378238341969,34.41558441558442,79.1005291005291,36.81592039800995,70.8994708994709,79.50819672131148,63.143631436314365,51.957020677608,72.6093300146377,58.02654491022423,높음,높음,0,,,,,20년 이상 주거건물 비중 79.7% | 비아파트 건물 비중 41.2% | 최근 36개월 추정 전세가율 66.6%,seoul-dong-v1.0,서울 법정동 시장·건물구조 상대위험,"전세사기 발생확률이 아니며, 공식 동별 피해집계가 없는 지역의 피해 건수를 추정하지 않습니다.",2026-07,2026-07
1147010200,11470,목동,양천구,25288.0,8910.0,41.0,2034.0,60.16450592671883,9.43952802359882,6.391347099311701,25288.0,13822.0,54.65833596962987,19.0,711.0,14.733445194462723,0.0,2375.0,978.0,142.84253578732105,0.0,202607,202607,1427.0,152.0,11466.0,2805.0,10699.0,4909.0,1696.0,1044.0,5124.0,4436.0,2293.0,990.0,3302.0,2363.0,51727.0,42806.0,51.69071235347159,74.43642921550946,53.268710550045085,22.31740306582507,1.208405363734056,표제부,5118,1041,20.33997655334115,54268.0,54268.0,1993.0,515000000.0,2356803.164849964,1993.0,126,138,90,354,179105,1.9764942352251471,18,4477000000,1.8,77.0,85.65310492505354,53.65853658536586,43.39378238341969,34.41558441558442,69.31216931216932,38.55721393034826,85.44973544973546,66.66666666666666,44.71544715447154,44.65825030184455,78.63855749294723,58.00458955434353,높음,높음,0,,,,,비아파트 건물 비중 51.7% | 양천구 공식 피해·보증사고 배경지표 상위 | 20년 이상 주거건물 비중 74.4%,seoul-dong-v1.0,서울 법정동 시장·건물구조 상대위험,"전세사기 발생확률이 아니며, 공식 동별 피해집계가 없는 지역의 피해 건수를 추정하지 않습니다.",2026-07,2026-07
1126010500,11260,망우동,중랑구,6428.0,2297.0,28.0,696.0,68.84761294543281,5.603448275862069,1.1494252873563218,6428.0,4673.0,72.69757311761046,10.0,202.0,2.2380408693624276,0.0,450.0,239.0,88.28451882845188,0.0,202607,202607,2159.0,329.0,1755.0,519.0,1521.0,1231.0,993.0,218.0,99.0,80.0,28.0,9.0,17.0,14.0,6620.0,7807.0,35.0,21.25,17.5,11.25,0.8479569617010375,총괄표제부_보완,4571,699,15.292058630496609,15476.0,15476.0,3228.0,335000000.0,1807022.8739703111,3228.0,118,103,62,283,190348,1.486750583142455,24,4903750000,3.3,82.0,65.73875802997858,44.986449864498645,43.39378238341969,34.41558441558442,39.682539682539684,53.73134328358209,59.78835978835979,44.80874316939891,69.10569105691057,53.76373911792674,53.705041917384385,57.98450395010214,보통,높음,0,,,,,중랑구 공식 피해·보증사고 배경지표 상위 | 최근 36개월 추정 전세가율 68.8% | 비아파트 건물 비중 35.0%,seoul-dong-v1.0,서울 법정동 시장·건물구조 상대위험,"전세사기 발생확률이 아니며, 공식 동별 피해집계가 없는 지역의 피해 건수를 추정하지 않습니다.",2026-07,2026-07
1114013900,11140,필동3가,중구,138.0,54.0,2.0,12.0,80.20984792910413,83.33333333333334,0.0,138.0,133.0,96.37681159420289,1.0,4.0,1.5887249959212868,0.0,7.0,9.0,-22.22222222222222,22.22222222222222,202606,202605,41.0,6.0,5.0,2.0,92.0,46.0,0.0,0.0,21.0,17.0,0.0,1.0,0.0,0.0,16.0,0.0,0.0,0.0,0.0,5.88235294117647,,총괄표제부_보완,324,50,15.432098765432098,171.0,171.0,95.0,395000000.0,3453634.4031460104,95.0,2,10,7,19,63882,0.2974233743464512,2,350000000,0.4,18.0,66.59528907922912,96.07046070460704,88.60103626943005,34.41558441558442,13.492063492063492,75.62189054726367,11.772486772486772,,89.43089430894308,81.37460324373603,25.177727526889885,57.81919382796409,낮음,높음,0,,,,,80% 이상 매칭 비중 83.3% | 최근 36개월 추정 전세가율 80.2% | 최근 매매 단가 하락 신호 0.0%,seoul-dong-v1.0,서울 법정동 시장·건물구조 상대위험,"전세사기 발생확률이 아니며, 공식 동별 피해집계가 없는 지역의 피해 건수를 추정하지 않습니다.",2026-05,2026-06
1132010700,11320,창동,도봉구,15009.0,7664.0,40.0,1527.0,62.7503587305465,20.6286836935167,8.316961362148003,15009.0,6082.0,40.52235325471384,12.0,362.0,2.9356741397379267,0.0,1867.0,396.0,371.4646464646465,0.0,202607,202607,1078.0,204.0,8927.0,3485.0,3526.0,2953.0,1478.0,1022.0,4512.0,3902.0,1765.0,981.0,3261.0,2574.0,48562.0,129577.0,45.233213736545366,83.57252690927729,65.96617119425935,25.140953357252695,0.37477330081727467,표제부,4518,911,20.163789287295263,48026.0,48026.0,2359.0,280000000.0,1648516.0363810435,2359.0,60,60,38,158,139118,1.135726505556434,8,1600000000,1.3,58.0,85.01070663811564,70.46070460704607,43.39378238341969,34.41558441558442,85.44973544973546,27.611940298507463,79.62962962962963,21.85792349726776,52.84552845528455,51.016297464405724,73.49511556649901,57.68355737026819,높음,높음,0,,,,,20년 이상 주거건물 비중 83.6% | 비아파트 건물 비중 45.2% | 80% 이상 매칭 비중 20.6%,seoul-dong-v1.0,서울 법정동 시장·건물구조 상대위험,"전세사기 발생확률이 아니며, 공식 동별 피해집계가 없는 지역의 피해 건수를 추정하지 않습니다.",2026-07,2026-07
1168010100,11680,역삼동,강남구,14617.0,5636.0,34.0,1221.0,69.9448468619145,36.28173628173628,29.72972972972973,14617.0,9703.0,66.38161045358144,15.0,428.0,0.36495323543721925,0.0,974.0,534.0,82.39700374531836,0.0,202607,202607,1752.0,95.0,4914.0,1345.0,4867.0,1415.0,3084.0,2781.0,85.0,62.0,35.0,11.0,13.0,0.0,8134.0,13967.0,56.451612903225815,20.967741935483872,0.0,17.741935483870968,0.5823727357342307,총괄표제부_보완,4964,826,16.639806607574535,43879.0,43879.0,1460.0,2159500000.0,4779098.807227022,1460.0,11,30,27,68,244779,0.27780160879814036,5,1585000000,0.6,21.0,71.30620985010707,83.46883468834689,43.39378238341969,34.41558441558442,38.88888888888889,49.004975124378106,90.21164021164022,31.147540983606557,71.54471544715447,63.88730826406596,64.74025142444071,57.66744781454975,보통,높음,0,,,,,비아파트 건물 비중 56.5% | 80% 이상 매칭 비중 36.3% | 최근 36개월 추정 전세가율 69.9%,seoul-dong-v1.0,서울 법정동 시장·건물구조 상대위험,"전세사기 발생확률이 아니며, 공식 동별 피해집계가 없는 지역의 피해 건수를 추정하지 않습니다.",2026-07,2026-07
1144010200,11440,공덕동,마포구,4797.0,1719.0,28.0,548.0,68.21083035594896,45.07299270072993,11.678832116788321,4797.0,2350.0,48.98895142797582,8.0,121.0,-0.35464440000975517,0.35464440000975517,315.0,188.0,67.5531914893617,0.0,202607,202607,541.0,72.0,2447.0,748.0,450.0,84.0,1359.0,815.0,1766.0,1454.0,546.0,430.0,980.0,734.0,11175.0,15687.0,37.551581843191194,67.4002751031637,50.481430536451164,29.573590096286107,0.7123733027347485,표제부,1766,179,10.13590033975085,11529.0,11529.0,992.0,351500000.0,3227326.1663777987,992.0,44,86,34,164,180580,0.908184738066231,4,760000000,0.3,24.0,43.25481798715203,86.99186991869918,43.39378238341969,71.1038961038961,58.46560846560847,34.07960199004975,64.28571428571429,37.43169398907104,67.47967479674797,67.15276025130535,54.5964055264789,57.540757532402935,높음,높음,0,,,,,80% 이상 매칭 비중 45.1% | 최근 매매 단가 하락 신호 0.4% | 최근 36개월 추정 전세가율 68.2%,seoul-dong-v1.0,서울 법정동 시장·건물구조 상대위험,"전세사기 발생확률이 아니며, 공식 동별 피해집계가 없는 지역의 피해 건수를 추정하지 않습니다.",2026-07,2026-07
1126010100,11260,면목동,중랑구,16925.0,7299.0,43.0,1216.0,62.48739372387116,2.302631578947368,1.9736842105263157,16925.0,13621.0,80.47858197932052,23.0,503.0,6.747975582842477,0.0,1535.0,771.0,99.09208819714657,0.0,202607,202607,5877.0,847.0,3304.0,1929.0,7354.0,4341.0,390.0,182.0,259.0,227.0,132.0,39.0,76.0,62.0,15455.0,12270.0,58.14977973568281,33.480176211453745,27.312775330396477,17.180616740088105,1.2595762021189894,총괄표제부_보완,11831,1720,14.538077930859606,33800.0,33800.0,8880.0,323000000.0,1911982.6119516022,8880.0,118,103,62,283,190348,1.486750583142455,24,4903750000,3.3,82.0,62.31263383297645,37.94037940379404,43.39378238341969,34.41558441558442,43.91534391534391,61.19402985074627,91.7989417989418,68.85245901639344,52.30352303523035,46.027622950794914,70.488808317467,57.538775849843695,높음,높음,0,,,,,비아파트 건물 비중 58.1% | 중랑구 공식 피해·보증사고 배경지표 상위 | 최근 36개월 추정 전세가율 62.5%,seoul-dong-v1.0,서울 법정동 시장·건물구조 상대위험,"전세사기 발생확률이 아니며, 공식 동별 피해집계가 없는 지역의 피해 건수를 추정하지 않습니다.",2026-07,2026-07
1129013300,11290,정릉동,성북구,7624.0,4964.0,35.0,1096.0,66.32250383461997,9.306569343065693,0.18248175182481752,7624.0,4245.0,55.67943336831059,12.0,312.0,-2.973261826872081,2.973261826872081,1193.0,378.0,215.60846560846562,0.0,202607,202607,1263.0,327.0,3379.0,2195.0,2939.0,2400.0,43.0,42.0,6028.0,5204.0,1713.0,584.0,4217.0,3524.0,31639.0,49891.0,32.91698693312836,81.03382013835511,67.71714066102997,11.222136817832437,0.6341624741937424,표제부,6025,806,13.377593360995851,25743.0,25743.0,3393.0,298000000.0,2780657.931944575,3392.0,92,123,56,271,199807,1.3563088380286978,5,1445500000,0.8,48.0,57.601713062098504,53.116531165311656,43.39378238341969,83.11688311688312,82.53968253968253,39.30348258706468,56.34920634920635,33.33333333333333,62.33062330623306,58.94864107840204,59.69494578702288,57.49292109379694,높음,높음,0,,,,,최근 매매 단가 하락 신호 3.0% | 20년 이상 주거건물 비중 81.0% | 최근 36개월 추정 전세가율 66.3%,seoul-dong-v1.0,서울 법정동 시장·건물구조 상대위험,"전세사기 발생확률이 아니며, 공식 동별 피해집계가 없는 지역의 피해 건수를 추정하지 않습니다.",2026-07,2026-07
1150011100,11500,과해동,강서구,,,,,,,,,,,,,,,,,,,,,,,,,,,,,2.0,1.0,0.0,0.0,1.0,1.0,1.0,0.0,0.0,100.0,100.0,0.0,,표제부,2,0,0.0,,,,,,,614,585,428,1627,274577,5.925478099039614,84,18031270000,2.9,94.0,3.1049250535331905,,,,99.07407407407408,,11.772486772486772,,,,35.409997927317484,57.38124870457342,낮음,높음,0,,,,,20년 이상 주거건물 비중 100.0% | 강서구 공식 피해·보증사고 배경지표 상위 | 비아파트 건물 비중 0.0%,seoul-dong-v1.0,서울 법정동 시장·건물구조 상대위험,"전세사기 발생확률이 아니며, 공식 동별 피해집계가 없는 지역의 피해 건수를 추정하지 않습니다.",,
1138010600,11380,대조동,은평구,4718.0,2603.0,22.0,747.0,68.29419829232384,16.46586345381526,15.796519410977242,4718.0,3855.0,81.70835099618482,8.0,204.0,2.810898550850578,0.0,451.0,221.0,104.07239819004523,0.0,202607,202607,613.0,93.0,863.0,765.0,2602.0,1457.0,640.0,288.0,43.0,22.0,7.0,9.0,2.0,2.0,1553.0,1166.0,31.818181818181817,9.090909090909092,9.090909090909092,40.909090909090914,1.3319039451114922,총괄표제부_보완,2419,585,24.183546920214965,15048.0,15048.0,1205.0,438000000.0,2320928.3713485394,1205.0,135,182,100,417,214777,1.9415486760686664,6,1752000000,0.6,45.0,92.50535331905782,65.31165311653116,43.39378238341969,34.41558441558442,32.407407407407405,63.18407960199005,55.026455026455025,71.85792349726776,68.29268292682927,59.46511031074314,59.392193050835594,57.27711444915479,낮음,높음,0,,,,,최근 36개월 추정 전세가율 68.3% | 80% 이상 매칭 비중 16.5% | 비아파트 건물 비중 31.8%,seoul-dong-v1.0,서울 법정동 시장·건물구조 상대위험,"전세사기 발생확률이 아니며, 공식 동별 피해집계가 없는 지역의 피해 건수를 추정하지 않습니다.",2026-07,2026-07
1114015400,11140,오장동,중구,371.0,107.0,4.0,28.0,106.34789559397409,82.14285714285714,71.42857142857143,371.0,234.0,63.07277628032345,1.0,3.0,4.874883364774729,0.0,11.0,11.0,0.0,-0.0,202606,202606,0.0,1.0,137.0,76.0,0.0,0.0,234.0,30.0,1.0,0.0,0.0,0.0,0.0,0.0,0.0,0.0,,,,,,총괄표제부_보완,354,28,7.909604519774012,1614.0,1614.0,8.0,374500000.0,4922986.7662631925,8.0,2,10,7,19,63882,0.2974233743464512,2,350000000,0.4,18.0,31.263383297644538,95.6639566395664,43.39378238341969,34.41558441558442,,46.01990049751244,,,99.7289972899729,77.91129402631162,31.263383297644538,57.26262224019811,낮음,높음,0,,,,,최근 36개월 추정 전세가율 106.3% | 80% 이상 매칭 비중 82.1% | 최근 매매 단가 하락 신호 0.0%,seoul-dong-v1.0,서울 법정동 시장·건물구조 상대위험,"전세사기 발생확률이 아니며, 공식 동별 피해집계가 없는 지역의 피해 건수를 추정하지 않습니다.",2026-06,2026-06
1111016600,11110,연건동,종로구,160.0,99.0,3.0,16.0,75.66610754775988,56.25,18.75,160.0,160.0,100.0,1.0,2.0,6.142857142857139,0.0,15.0,11.0,36.36363636363635,0.0,202607,202607,39.0,7.0,0.0,31.0,114.0,43.0,7.0,18.0,11.0,5.0,0.0,0.0,0.0,0.0,12.0,2352.0,0.0,0.0,0.0,0.0,0.00510204081632653,총괄표제부_보완,340,69,20.294117647058822,931.0,931.0,107.0,271000000.0,2310668.8778330567,106.0,5,14,15,34,72503,0.46894611257465213,3,527000000,1.0,40.0,85.22483940042827,90.2439024390244,43.39378238341969,34.41558441558442,13.492063492063492,91.91542288557214,11.772486772486772,3.825136612021858,83.46883468834689,74.6417676743317,25.700748953899513,57.210247843073894,낮음,높음,0,,,,,80% 이상 매칭 비중 56.2% | 최근 36개월 추정 전세가율 75.7% | 종로구 공식 피해·보증사고 배경지표 상위,seoul-dong-v1.0,서울 법정동 시장·건물구조 상대위험,"전세사기 발생확률이 아니며, 공식 동별 피해집계가 없는 지역의 피해 건수를 추정하지 않습니다.",2026-07,2026-07
1114012500,11140,충무로2가,중구,126.0,120.0,3.0,20.0,84.40447107620614,80.0,30.0,126.0,126.0,100.0,1.0,2.0,3.074216250799733,0.0,5.0,7.0,-28.57142857142857,28.57142857142857,202507,202603,0.0,2.0,0.0,0.0,0.0,0.0,126.0,118.0,1.0,0.0,0.0,0.0,0.0,0.0,0.0,0.0,,,,,,총괄표제부_보완,172,7,4.069767441860465,1563.0,1563.0,2.0,174950000.0,3026173.877925297,2.0,2,10,7,19,63882,0.2974233743464512,2,350000000,0.4,18.0,14.23982869379015,94.71544715447155,90.41450777202073,34.41558441558442,,91.91542288557214,,,93.4959349593496,84.47256650045468,14.23982869379015,56.943497073720344,낮음,높음,0,,,,,80% 이상 매칭 비중 80.0% | 최근 36개월 추정 전세가율 84.4% | 최근 매매 단가 하락 신호 0.0%,seoul-dong-v1.0,서울 법정동 시장·건물구조 상대위험,"전세사기 발생확률이 아니며, 공식 동별 피해집계가 없는 지역의 피해 건수를 추정하지 않습니다.",2026-03,2025-07
1168010800,11680,논현동,강남구,7103.0,2248.0,38.0,766.0,63.605910451208814,12.402088772845952,11.74934725848564,7103.0,5183.0,72.9691679572012,15.0,209.0,-6.982006763080466,6.982006763080466,503.0,232.0,116.8103448275862,0.0,202607,202607,1397.0,104.0,1920.0,617.0,3556.0,1154.0,230.0,373.0,73.0,51.0,29.0,13.0,12.0,3.0,3460.0,3844.0,56.86274509803921,23.52941176470588,5.88235294117647,25.49019607843137,0.9001040582726326,총괄표제부_보완,4505,799,17.735849056603772,19231.0,19231.0,1539.0,1900000000.0,4599723.151459223,1539.0,11,30,27,68,244779,0.27780160879814036,5,1585000000,0.6,21.0,76.017130620985,59.34959349593496,43.39378238341969,89.93506493506493,41.00529100529101,53.98009950248757,90.47619047619048,50.0,56.09756097560976,60.50407069307811,69.14522506599596,56.73874868234586,보통,높음,0,,,,,비아파트 건물 비중 56.9% | 최근 매매 단가 하락 신호 7.0% | 80% 이상 매칭 비중 12.4%,seoul-dong-v1.0,서울 법정동 시장·건물구조 상대위험,"전세사기 발생확률이 아니며, 공식 동별 피해집계가 없는 지역의 피해 건수를 추정하지 않습니다.",2026-07,2026-07
1171010500,11710,석촌동,송파구,7333.0,2149.0,21.0,743.0,64.43927846405451,7.94078061911171,1.0767160161507403,7333.0,6881.0,93.83608345833902,12.0,250.0,17.827392632036627,0.0,550.0,272.0,102.20588235294117,0.0,202607,202607,559.0,40.0,452.0,177.0,6189.0,1838.0,133.0,94.0,2139.0,1748.0,980.0,273.0,1264.0,506.0,14558.0,13525.0,56.06407322654462,72.31121281464532,28.947368421052634,15.617848970251716,1.0763770794824399,표제부,2138,419,19.597754911131897,13267.0,13267.0,542.0,1267500000.0,3537611.036167464,542.0,23,69,106,198,289693,0.6834821690548271,16,3253500000,0.8,36.0,83.29764453961455,50.67750677506775,43.39378238341969,34.41558441558442,65.34391534391534,71.39303482587064,89.94708994708994,60.10928961748634,58.536585365853654,52.7250302233751,77.99073716536068,56.53270242536523,높음,높음,0,,,,,비아파트 건물 비중 56.1% | 20년 이상 주거건물 비중 72.3% | 최근 36개월 추정 전세가율 64.4%,seoul-dong-v1.0,서울 법정동 시장·건물구조 상대위험,"전세사기 발생확률이 아니며, 공식 동별 피해집계가 없는 지역의 피해 건수를 추정하지 않습니다.",2026-07,2026-07
1141010700,11410,옥천동,서대문구,104.0,40.0,3.0,7.0,60.7951613063182,0.0,0.0,104.0,104.0,100.0,,,,,7.0,7.0,0.0,-0.0,202606,202604,72.0,15.0,0.0,0.0,32.0,25.0,0.0,0.0,198.0,185.0,79.0,39.0,160.0,143.0,474.0,85.0,42.7027027027027,86.48648648648648,77.29729729729729,21.08108108108108,5.576470588235294,표제부,199,48,24.120603015075375,94.0,94.0,142.0,323500000.0,2136312.355583867,142.0,31,109,60,200,147178,1.3588987484542527,7,1682000000,1.2,62.0,92.07708779443254,15.853658536585366,43.39378238341969,,91.26984126984127,91.91542288557214,74.60317460317461,96.99453551912568,47.696476964769644,43.0269717022981,85.62332804548554,56.52201503275024,보통,높음,0,,,,,20년 이상 주거건물 비중 86.5% | 비아파트 건물 비중 42.7% | 서대문구 공식 피해·보증사고 배경지표 상위,seoul-dong-v1.0,서울 법정동 시장·건물구조 상대위험,"전세사기 발생확률이 아니며, 공식 동별 피해집계가 없는 지역의 피해 건수를 추정하지 않습니다.",2026-04,2026-06
1129012400,11290,안암동4가,성북구,69.0,50.0,1.0,2.0,69.15916292494279,0.0,0.0,69.0,65.0,94.20289855072464,1.0,2.0,1.56542557099697,0.0,14.0,12.0,16.666666666666675,0.0,202607,202607,49.0,3.0,4.0,16.0,16.0,31.0,0.0,0.0,114.0,84.0,50.0,21.0,59.0,37.0,426.0,352.0,59.523809523809526,70.23809523809523,44.047619047619044,25.0,1.2102272727272727,표제부,114,24,21.052631578947366,224.0,224.0,59.0,402000000.0,2066613.16211878,59.0,92,123,56,271,199807,1.3563088380286978,5,1445500000,0.8,48.0,86.93790149892934,15.853658536585366,43.39378238341969,34.41558441558442,62.698412698412696,71.8905472636816,92.32804232804233,66.93989071038251,70.18970189701898,48.73006602000173,80.03438401216334,56.44663561504187,낮음,높음,0,,,,,비아파트 건물 비중 59.5% | 최근 36개월 추정 전세가율 69.2% | 20년 이상 주거건물 비중 70.2%,seoul-dong-v1.0,서울 법정동 시장·건물구조 상대위험,"전세사기 발생확률이 아니며, 공식 동별 피해집계가 없는 지역의 피해 건수를 추정하지 않습니다.",2026-07,2026-07
1111010100,11110,청운동,종로구,154.0,97.0,7.0,21.0,71.14667065708937,9.523809523809524,9.523809523809524,154.0,149.0,96.75324675324676,1.0,2.0,-11.197399178054635,11.197399178054635,17.0,14.0,21.42857142857142,0.0,202607,202607,41.0,17.0,5.0,6.0,108.0,74.0,0.0,0.0,13.0,9.0,1.0,0.0,0.0,0.0,231.0,249.0,11.11111111111111,0.0,0.0,0.0,0.927710843373494,총괄표제부_보완,358,35,9.776536312849162,527.0,527.0,186.0,861500000.0,4797242.127413217,186.0,5,14,15,34,72503,0.46894611257465213,3,527000000,1.0,40.0,41.97002141327623,54.0650406504065,43.39378238341969,95.12987012987013,13.492063492063492,76.11940298507463,33.33333333333333,52.732240437158474,75.33875338753387,69.87256057394512,33.01018955457822,56.17608373301162,낮음,높음,0,,,,,최근 매매 단가 하락 신호 11.2% | 최근 36개월 추정 전세가율 71.1% | 80% 이상 매칭 비중 9.5%,seoul-dong-v1.0,서울 법정동 시장·건물구조 상대위험,"전세사기 발생확률이 아니며, 공식 동별 피해집계가 없는 지역의 피해 건수를 추정하지 않습니다.",2026-07,2026-07
1114015800,11140,충무로3가,중구,79.0,42.0,2.0,13.0,90.94115950234813,100.0,69.23076923076923,79.0,79.0,100.0,2.0,4.0,12.916556297557314,0.0,6.0,5.0,19.999999999999996,0.0,202506,202603,0.0,1.0,0.0,0.0,0.0,0.0,79.0,41.0,7.0,1.0,0.0,0.0,0.0,0.0,4.0,0.0,0.0,0.0,0.0,0.0,,총괄표제부_보완,172,15,8.720930232558139,362.0,362.0,2.0,333500000.0,4192871.7113104807,2.0,2,10,7,19,63882,0.2974233743464512,2,350000000,0.4,18.0,34.475374732334046,98.78048780487805,43.39378238341969,34.41558441558442,13.492063492063492,91.91542288557214,11.772486772486772,,95.9349593495935,81.76236388029376,17.620100621738107,56.16244348361079,낮음,높음,0,,,,,80% 이상 매칭 비중 100.0% | 최근 36개월 추정 전세가율 90.9% | 최근 매매 단가 하락 신호 0.0%,seoul-dong-v1.0,서울 법정동 시장·건물구조 상대위험,"전세사기 발생확률이 아니며, 공식 동별 피해집계가 없는 지역의 피해 건수를 추정하지 않습니다.",2026-03,2025-06
1117010700,11170,동자동,용산구,490.0,717.0,5.0,78.0,81.1071891203368,79.48717948717949,0.0,490.0,374.0,76.32653061224491,1.0,18.0,-2.2299909290995346,2.2299909290995346,37.0,23.0,60.86956521739131,0.0,202607,202607,111.0,5.0,116.0,37.0,97.0,11.0,166.0,664.0,1.0,1.0,0.0,1.0,0.0,0.0,278.0,1341.0,0.0,0.0,0.0,100.0,0.20730797912005966,총괄표제부_보완,441,37,8.390022675736962,1398.0,1398.0,177.0,535000000.0,4446511.627906977,177.0,1,1,2,4,101982,0.03922260791120002,5,1290000000,0.7,18.0,32.97644539614561,94.3089430894309,43.39378238341969,80.51948051948052,13.492063492063492,57.960199004975124,11.772486772486772,15.846994535519126,90.2439024390244,81.88811696472904,17.054348841567574,56.096457389229315,낮음,높음,0,,,,,80% 이상 매칭 비중 79.5% | 최근 36개월 추정 전세가율 81.1% | 최근 매매 단가 하락 신호 2.2%,seoul-dong-v1.0,서울 법정동 시장·건물구조 상대위험,"전세사기 발생확률이 아니며, 공식 동별 피해집계가 없는 지역의 피해 건수를 추정하지 않습니다.",2026-07,2026-07
1129012100,11290,안암동1가,성북구,378.0,101.0,4.0,51.0,60.50365456430953,0.0,0.0,378.0,211.0,55.82010582010582,1.0,2.0,-10.093688695743964,10.093688695743964,46.0,4.0,1050.0,0.0,202607,202606,177.0,16.0,167.0,68.0,34.0,17.0,0.0,0.0,367.0,338.0,207.0,76.0,253.0,208.0,2231.0,418.0,61.24260355029586,74.85207100591717,61.53846153846154,22.485207100591715,5.337320574162679,표제부,367,96,26.158038147138964,768.0,768.0,298.0,360500000.0,2278957.901285803,298.0,92,123,56,271,199807,1.3563088380286978,5,1445500000,0.8,48.0,94.43254817987152,15.853658536585366,43.39378238341969,94.15584415584416,70.37037037037037,39.55223880597015,93.38624338624338,96.44808743169399,45.799457994579946,44.70117657429393,88.30081269781836,56.09590911903095,보통,높음,0,,,,,최근 매매 단가 하락 신호 10.1% | 비아파트 건물 비중 61.2% | 20년 이상 주거건물 비중 74.9%,seoul-dong-v1.0,서울 법정동 시장·건물구조 상대위험,"전세사기 발생확률이 아니며, 공식 동별 피해집계가 없는 지역의 피해 건수를 추정하지 않습니다.",2026-06,2026-07
1156011500,11560,당산동5가,영등포구,1974.0,1051.0,14.0,376.0,63.86589928359431,30.0531914893617,30.0531914893617,1974.0,649.0,32.87740628166161,2.0,69.0,-2.074942139566959,2.074942139566959,190.0,81.0,134.56790123456793,0.0,202607,202607,31.0,6.0,1325.0,469.0,2.0,2.0,616.0,574.0,16.0,9.0,0.0,0.0,1.0,0.0,4435.0,5028.0,0.0,11.11111111111111,0.0,0.0,0.88206046141607,총괄표제부_보완,191,21,10.99476439790576,7323.0,7323.0,33.0,300000000.0,3428761.6511318246,33.0,84,213,201,498,193619,2.572061626183381,30,7456770000,1.8,79.0,46.895074946466806,81.02981029810297,43.39378238341969,79.22077922077922,33.2010582010582,21.144278606965177,11.772486772486772,47.81420765027322,56.91056910569105,61.35860319895754,29.5604053960936,56.05526326839793,낮음,높음,0,,,,,80% 이상 매칭 비중 30.1% | 최근 매매 단가 하락 신호 2.1% | 영등포구 공식 피해·보증사고 배경지표 상위,seoul-dong-v1.0,서울 법정동 시장·건물구조 상대위험,"전세사기 발생확률이 아니며, 공식 동별 피해집계가 없는 지역의 피해 건수를 추정하지 않습니다.",2026-07,2026-07
1153010100,11530,신도림동,구로구,4509.0,1856.0,25.0,637.0,59.746670739363104,12.244897959183673,10.989010989010989,4509.0,1162.0,25.770680860501223,10.0,54.0,4.925547017102098,0.0,626.0,80.0,682.5,0.0,202607,202607,104.0,19.0,3347.0,1509.0,101.0,30.0,957.0,298.0,998.0,619.0,169.0,172.0,551.0,402.0,12847.0,9386.0,27.30210016155089,89.01453957996769,64.94345718901454,27.78675282714055,1.3687406776049436,표제부,999,160,16.016016016016017,16018.0,16018.0,300.0,345000000.0,2733215.703569675,300.0,183,209,135,527,185143,2.8464484209502925,21,4129400000,2.1,86.0,70.02141327623126,59.078590785907856,43.39378238341969,34.41558441558442,94.44444444444444,16.91542288557214,47.61904761904761,72.6775956284153,43.63143631436314,43.41548041145907,67.5646521582387,55.84045128643512,높음,높음,0,,,,,20년 이상 주거건물 비중 89.0% | 구로구 공식 피해·보증사고 배경지표 상위 | 80% 이상 매칭 비중 12.2%,seoul-dong-v1.0,서울 법정동 시장·건물구조 상대위험,"전세사기 발생확률이 아니며, 공식 동별 피해집계가 없는 지역의 피해 건수를 추정하지 않습니다.",2026-07,2026-07
1111013900,11110,팔판동,종로구,9.0,6.0,,,,,,9.0,9.0,100.0,,,,,1.0,1.0,0.0,-0.0,202606,202509,9.0,6.0,0.0,0.0,0.0,0.0,0.0,0.0,2.0,1.0,0.0,1.0,1.0,0.0,1.0,15.0,0.0,100.0,0.0,100.0,0.06666666666666667,총괄표제부_보완,189,14,7.4074074074074066,6.0,6.0,92.0,543000000.0,7307863.200521288,92.0,5,14,15,34,72503,0.46894611257465213,3,527000000,1.0,40.0,28.586723768736615,,43.39378238341969,,99.07407407407408,91.91542288557214,11.772486772486772,9.562841530054644,,67.65460263449592,36.62928421076875,55.75008263338974,낮음,높음,0,,,,,20년 이상 주거건물 비중 100.0% | 종로구 공식 피해·보증사고 배경지표 상위 | 비아파트 건물 비중 0.0%,seoul-dong-v1.0,서울 법정동 시장·건물구조 상대위험,"전세사기 발생확률이 아니며, 공식 동별 피해집계가 없는 지역의 피해 건수를 추정하지 않습니다.",2025-09,2026-06
1156010800,11560,영등포동7가,영등포구,3100.0,755.0,11.0,273.0,62.2523125045373,21.245421245421245,15.018315018315018,3100.0,2019.0,65.12903225806451,5.0,24.0,-2.424713007548444,2.424713007548444,139.0,34.0,308.8235294117647,0.0,202607,202607,81.0,13.0,1081.0,403.0,425.0,75.0,1513.0,264.0,41.0,35.0,1.0,13.0,0.0,0.0,2151.0,2899.0,2.857142857142857,0.0,0.0,37.142857142857146,0.7419799931010693,총괄표제부_보완,491,74,15.071283095723015,5732.0,5732.0,107.0,421000000.0,2584324.1931570005,107.0,84,213,201,498,193619,2.572061626183381,30,7456770000,1.8,79.0,64.45396145610277,71.54471544715447,43.39378238341969,81.4935064935065,13.492063492063492,48.00995024875622,24.867724867724867,38.25136612021858,51.21951219512195,59.738382977080974,31.948603029359166,55.68018054358838,보통,높음,0,,,,,최근 매매 단가 하락 신호 2.4% | 영등포구 공식 피해·보증사고 배경지표 상위 | 80% 이상 매칭 비중 21.2%,seoul-dong-v1.0,서울 법정동 시장·건물구조 상대위험,"전세사기 발생확률이 아니며, 공식 동별 피해집계가 없는 지역의 피해 건수를 추정하지 않습니다.",2026-07,2026-07
1114016100,11140,저동2가,중구,92.0,26.0,2.0,16.0,91.67621156124571,100.0,62.5,92.0,92.0,100.0,2.0,6.0,3.1677881658630134,0.0,6.0,6.0,0.0,-0.0,202507,202604,0.0,0.0,0.0,0.0,0.0,0.0,92.0,26.0,13.0,1.0,0.0,0.0,0.0,0.0,5.0,54.0,0.0,0.0,0.0,0.0,0.09259259259259259,총괄표제부_보완,143,9,6.293706293706294,452.0,452.0,,,,,2,10,7,19,63882,0.2974233743464512,2,350000000,0.4,18.0,23.554603854389722,98.78048780487805,43.39378238341969,34.41558441558442,13.492063492063492,91.91542288557214,11.772486772486772,11.202185792349727,96.4769647696477,81.97916604831543,14.473259221740985,55.50581443442451,낮음,높음,0,,,,,80% 이상 매칭 비중 100.0% | 최근 36개월 추정 전세가율 91.7% | 최근 매매 단가 하락 신호 0.0%,seoul-dong-v1.0,서울 법정동 시장·건물구조 상대위험,"전세사기 발생확률이 아니며, 공식 동별 피해집계가 없는 지역의 피해 건수를 추정하지 않습니다.",2026-04,2025-07
1126010400,11260,묵동,중랑구,5738.0,2955.0,24.0,977.0,64.61228497305585,0.2047082906857728,0.2047082906857728,5738.0,3585.0,62.47821540606483,7.0,162.0,10.46120810247523,0.0,921.0,176.0,423.29545454545456,0.0,202607,202607,1491.0,146.0,2153.0,1341.0,2071.0,1450.0,23.0,18.0,74.0,65.0,27.0,9.0,15.0,10.0,9145.0,6290.0,41.53846153846154,23.076923076923077,15.384615384615385,13.846153846153847,1.4538950715421304,총괄표제부_보완,3047,437,14.341975713816868,17503.0,17503.0,1897.0,378000000.0,1911157.0247933883,1897.0,118,103,62,283,190348,1.486750583142455,24,4903750000,3.3,82.0,61.67023554603854,31.70731707317073,43.39378238341969,34.41558441558442,40.74074074074074,45.52238805970149,71.42857142857143,74.86338797814209,59.62059620596206,45.82902245732729,62.32016906254278,55.37745574003207,보통,높음,0,,,,,중랑구 공식 피해·보증사고 배경지표 상위 | 비아파트 건물 비중 41.5% | 최근 36개월 추정 전세가율 64.6%,seoul-dong-v1.0,서울 법정동 시장·건물구조 상대위험,"전세사기 발생확률이 아니며, 공식 동별 피해집계가 없는 지역의 피해 건수를 추정하지 않습니다.",2026-07,2026-07
1129010800,11290,동소문동5가,성북구,59.0,52.0,4.0,27.0,70.79311099516418,14.814814814814813,0.0,59.0,1.0,1.694915254237288,,,,,17.0,1.0,1600.0,0.0,202602,202606,1.0,6.0,58.0,46.0,0.0,0.0,0.0,0.0,129.0,63.0,5.0,25.0,35.0,32.0,531.0,625.0,7.936507936507936,55.55555555555556,50.79365079365079,39.682539682539684,0.8496,표제부,129,50,38.759689922480625,511.0,511.0,57.0,309000000.0,2926798.6964151417,57.0,92,123,56,271,199807,1.3563088380286978,5,1445500000,0.8,48.0,100.0,63.55013550135501,43.39378238341969,,50.52910052910053,3.9800995024875623,29.100529100529098,45.62841530054645,73.71273712737127,58.95296107632705,51.11674906756874,55.350963912688414,보통,높음,0,,,,,최근 36개월 추정 전세가율 70.8% | 80% 이상 매칭 비중 14.8% | 20년 이상 주거건물 비중 55.6%,seoul-dong-v1.0,서울 법정동 시장·건물구조 상대위험,"전세사기 발생확률이 아니며, 공식 동별 피해집계가 없는 지역의 피해 건수를 추정하지 않습니다.",2026-06,2026-02
1141011800,11410,홍은동,서대문구,5288.0,2799.0,32.0,835.0,64.60236353863984,10.059880239520957,1.0778443113772456,5288.0,2727.0,51.5695915279879,9.0,138.0,5.256285129837373,0.0,684.0,178.0,284.2696629213483,0.0,202607,202607,833.0,219.0,2561.0,1283.0,1775.0,1268.0,119.0,29.0,3746.0,3288.0,1159.0,472.0,2645.0,2253.0,20248.0,33015.0,35.249391727493915,80.44403892944038,68.52189781021897,14.355231143552311,0.6132969862183856,표제부,3751,570,15.195947747267397,17005.0,17005.0,1811.0,304000000.0,2012891.883973044,1810.0,31,109,60,200,147178,1.3588987484542527,7,1682000000,1.2,62.0,65.0963597430407,55.28455284552846,43.39378238341969,34.41558441558442,79.8941798941799,36.069651741293534,60.84656084656085,32.51366120218579,59.34959349593496,50.66965668456508,62.20849044110532,55.25391662101538,높음,높음,0,,,,,20년 이상 주거건물 비중 80.4% | 서대문구 공식 피해·보증사고 배경지표 상위 | 비아파트 건물 비중 35.2%,seoul-dong-v1.0,서울 법정동 시장·건물구조 상대위험,"전세사기 발생확률이 아니며, 공식 동별 피해집계가 없는 지역의 피해 건수를 추정하지 않습니다.",2026-07,2026-07
1135010300,11350,공릉동,노원구,7601.0,3979.0,28.0,983.0,64.15986073586504,14.343845371312309,0.3051881993896236,7601.0,2962.0,38.9685567688462,10.0,109.0,-12.969071242174032,12.969071242174032,1171.0,160.0,631.875,0.0,202607,202607,1589.0,101.0,4639.0,2855.0,1312.0,895.0,61.0,128.0,3130.0,2397.0,1012.0,567.0,1705.0,1039.0,30302.0,64805.0,42.219440967876515,71.13057989153107,43.34584897788903,23.654568210262827,0.4675873775171669,표제부,3129,768,24.544582933844676,27982.0,27982.0,1425.0,452000000.0,2133057.695921819,1425.0,2,11,9,22,217498,0.10115035540556695,6,1396750000,0.6,15.0,92.93361884368309,62.33062330623306,43.39378238341969,95.45454545454545,63.49206349206349,26.865671641791046,74.07407407407408,25.136612021857925,57.72357723577236,60.01621394157011,67.85986107466081,55.22469363360727,높음,높음,0,,,,,최근 매매 단가 하락 신호 13.0% | 비아파트 건물 비중 42.2% | 20년 이상 주거건물 비중 71.1%,seoul-dong-v1.0,서울 법정동 시장·건물구조 상대위험,"전세사기 발생확률이 아니며, 공식 동별 피해집계가 없는 지역의 피해 건수를 추정하지 않습니다.",2026-07,2026-07
1114014200,11140,예장동,중구,190.0,20.0,1.0,5.0,76.55106007297297,0.0,0.0,190.0,181.0,95.26315789473684,,,,,4.0,3.0,33.33333333333333,0.0,202607,202604,40.0,4.0,9.0,3.0,141.0,13.0,0.0,0.0,3.0,1.0,1.0,0.0,0.0,0.0,14.0,11.0,100.0,0.0,0.0,0.0,1.2727272727272727,총괄표제부_보완,198,36,18.181818181818183,180.0,180.0,81.0,497000000.0,2951212.211912601,81.0,2,10,7,19,63882,0.2974233743464512,2,350000000,0.4,18.0,77.73019271948608,15.853658536585366,43.39378238341969,,13.492063492063492,72.88557213930348,98.80952380952381,69.12568306010928,85.90785907859079,58.76999260924114,68.81171639973901,55.16492466547945,낮음,높음,0,,,,,비아파트 건물 비중 100.0% | 최근 36개월 추정 전세가율 76.6% | 중구 공식 피해·보증사고 배경지표 상위,seoul-dong-v1.0,서울 법정동 시장·건물구조 상대위험,"전세사기 발생확률이 아니며, 공식 동별 피해집계가 없는 지역의 피해 건수를 추정하지 않습니다.",2026-04,2026-07
1141011900,11410,북가좌동,서대문구,5329.0,2908.0,27.0,925.0,56.656335135243,11.567567567567567,0.7567567567567568,5329.0,3546.0,66.54156502158003,8.0,258.0,19.408077840796686,0.0,704.0,277.0,154.15162454873646,0.0,202607,202607,807.0,110.0,1783.0,853.0,2726.0,1923.0,13.0,22.0,3003.0,2799.0,1230.0,421.0,2256.0,1742.0,18986.0,14394.0,43.944265809217576,80.60021436227224,62.23651304037156,15.04108610217935,1.319021814644991,표제부,3015,527,17.47927031509121,16350.0,16350.0,1524.0,460000000.0,2666560.358986947,1524.0,31,109,60,200,147178,1.3588987484542527,7,1682000000,1.2,62.0,74.7323340471092,57.45257452574526,43.39378238341969,34.41558441558442,80.95238095238095,49.25373134328358,76.98412698412699,71.03825136612022,39.02439024390244,44.399988764005286,76.63395054608591,55.09848089492465,높음,높음,0,,,,,20년 이상 주거건물 비중 80.6% | 비아파트 건물 비중 43.9% | 서대문구 공식 피해·보증사고 배경지표 상위,seoul-dong-v1.0,서울 법정동 시장·건물구조 상대위험,"전세사기 발생확률이 아니며, 공식 동별 피해집계가 없는 지역의 피해 건수를 추정하지 않습니다.",2026-07,2026-07
1111012600,11110,종로1가,종로구,6.0,134.0,,,,,,6.0,6.0,100.0,4.0,17.0,-0.7355665768492254,0.7355665768492254,26.0,19.0,36.8421052631579,0.0,202403,202607,0.0,0.0,0.0,0.0,0.0,0.0,6.0,134.0,,,,,,,,,,,,,,,14,1,7.142857142857142,886.0,886.0,,,,,5,14,15,34,72503,0.46894611257465213,3,527000000,1.0,40.0,26.76659528907923,,43.39378238341969,73.7012987012987,,91.91542288557214,,,,70.24604380598284,26.76659528907923,54.83927510585951,낮음,주의,0,,,,,최근 매매 단가 하락 신호 0.7% | 종로구 공식 피해·보증사고 배경지표 상위,seoul-dong-v1.0,서울 법정동 시장·건물구조 상대위험,"전세사기 발생확률이 아니며, 공식 동별 피해집계가 없는 지역의 피해 건수를 추정하지 않습니다.",2026-07,2024-03
1156012700,11560,양평동3가,영등포구,2036.0,762.0,12.0,315.0,62.33069364823471,15.238095238095239,15.238095238095239,2036.0,1086.0,53.33988212180747,6.0,22.0,4.438533889598772,0.0,237.0,27.0,777.7777777777778,0.0,202607,202607,89.0,5.0,950.0,444.0,132.0,31.0,865.0,282.0,22.0,15.0,4.0,6.0,5.0,0.0,2505.0,3618.0,26.666666666666668,33.33333333333333,0.0,40.0,0.6923714759535655,총괄표제부_보완,265,48,18.11320754716981,5657.0,5657.0,73.0,366000000.0,2316217.3562909844,73.0,84,213,201,498,193619,2.572061626183381,30,7456770000,1.8,79.0,77.51605995717344,63.956639566395665,43.39378238341969,34.41558441558442,43.386243386243386,37.56218905472637,47.354497354497354,36.6120218579235,52.03252032520326,50.06010282783249,50.783375058483,54.58190546132024,낮음,주의,0,,,,,영등포구 공식 피해·보증사고 배경지표 상위 | 80% 이상 매칭 비중 15.2% | 최근 36개월 추정 전세가율 62.3%,seoul-dong-v1.0,서울 법정동 시장·건물구조 상대위험,"전세사기 발생확률이 아니며, 공식 동별 피해집계가 없는 지역의 피해 건수를 추정하지 않습니다.",2026-07,2026-07
1156012500,11560,양평동1가,영등포구,1205.0,298.0,11.0,156.0,61.765919933565584,37.17948717948718,0.0,1205.0,558.0,46.30705394190871,4.0,20.0,1.1386301930717926,0.0,84.0,30.0,179.99999999999997,0.0,202607,202607,95.0,15.0,647.0,136.0,214.0,48.0,249.0,99.0,36.0,25.0,0.0,1.0,2.0,1.0,1245.0,669.0,0.0,8.0,4.0,4.0,1.8609865470852018,총괄표제부_보완,614,122,19.86970684039088,3070.0,3070.0,218.0,302500000.0,2739164.565096014,218.0,84,213,201,498,193619,2.572061626183381,30,7456770000,1.8,79.0,84.1541755888651,84.01084010840108,43.39378238341969,34.41558441558442,31.216931216931215,31.8407960199005,11.772486772486772,81.69398907103826,49.86449864498645,53.63430498776454,41.59816099165627,54.43012324057279,낮음,주의,0,,,,,80% 이상 매칭 비중 37.2% | 영등포구 공식 피해·보증사고 배경지표 상위 | 최근 36개월 추정 전세가율 61.8%,seoul-dong-v1.0,서울 법정동 시장·건물구조 상대위험,"전세사기 발생확률이 아니며, 공식 동별 피해집계가 없는 지역의 피해 건수를 추정하지 않습니다.",2026-07,2026-07
1144010300,11440,신공덕동,마포구,2401.0,991.0,20.0,393.0,64.02504036808587,25.44529262086514,21.882951653944023,2401.0,866.0,36.0683048729696,6.0,50.0,-0.015293713980781404,0.015293713980781404,218.0,63.0,246.03174603174605,0.0,202607,202607,147.0,26.0,1535.0,536.0,262.0,54.0,457.0,375.0,498.0,446.0,144.0,99.0,299.0,247.0,4868.0,2175.0,32.28699551569507,67.04035874439462,55.381165919282516,22.19730941704036,2.23816091954023,표제부,498,61,12.248995983935743,5887.0,5887.0,270.0,378000000.0,3127340.262108068,269.0,44,86,34,164,180580,0.908184738066231,4,760000000,0.3,24.0,51.39186295503212,77.23577235772358,43.39378238341969,68.83116883116884,58.201058201058196,24.62686567164179,55.82010582010582,86.88524590163934,57.45257452574526,59.416713029910476,60.1894663545592,54.297394406586086,높음,주의,0,,,,,80% 이상 매칭 비중 25.4% | 최근 매매 단가 하락 신호 0.0% | 20년 이상 주거건물 비중 67.0%,seoul-dong-v1.0,서울 법정동 시장·건물구조 상대위험,"전세사기 발생확률이 아니며, 공식 동별 피해집계가 없는 지역의 피해 건수를 추정하지 않습니다.",2026-07,2026-07
1129012600,11290,보문동4가,성북구,80.0,23.0,2.0,5.0,69.13244505225225,0.0,0.0,80.0,45.0,56.25,,,,,3.0,1.0,200.0,0.0,202607,202512,35.0,5.0,35.0,13.0,2.0,5.0,8.0,0.0,116.0,79.0,32.0,24.0,68.0,62.0,383.0,595.0,40.50632911392405,86.07594936708861,78.48101265822784,30.37974683544304,0.6436974789915967,표제부,116,29,25.0,286.0,286.0,66.0,377000000.0,2429655.1537367236,66.0,92,123,56,271,199807,1.3563088380286978,5,1445500000,0.8,48.0,93.25481798715204,15.853658536585366,43.39378238341969,,90.74074074074075,40.547263681592035,68.78306878306879,34.42622950819672,69.64769647696477,47.31364450756874,74.01331072207262,54.0915143850594,낮음,주의,0,,,,,20년 이상 주거건물 비중 86.1% | 최근 36개월 추정 전세가율 69.1% | 비아파트 건물 비중 40.5%,seoul-dong-v1.0,서울 법정동 시장·건물구조 상대위험,"전세사기 발생확률이 아니며, 공식 동별 피해집계가 없는 지역의 피해 건수를 추정하지 않습니다.",2025-12,2026-07
1129011800,11290,동선동3가,성북구,341.0,113.0,4.0,24.0,62.98860475868694,0.0,0.0,341.0,326.0,95.60117302052787,,,,,46.0,3.0,1433.3333333333335,0.0,202607,202607,200.0,8.0,15.0,1.0,92.0,75.0,34.0,29.0,330.0,272.0,120.0,71.0,216.0,154.0,1105.0,690.0,44.11764705882353,79.41176470588235,56.61764705882353,26.10294117647059,1.6014492753623188,표제부,330,97,29.393939393939394,634.0,634.0,209.0,376000000.0,2473498.2332155476,209.0,92,123,56,271,199807,1.3563088380286978,5,1445500000,0.8,48.0,97.64453961456103,15.853658536585366,43.39378238341969,,78.3068783068783,73.88059701492537,77.24867724867724,78.41530054644808,53.929539295392956,43.83843328486827,81.76739348106989,53.94490834118844,보통,주의,0,,,,,20년 이상 주거건물 비중 79.4% | 비아파트 건물 비중 44.1% | 최근 36개월 추정 전세가율 63.0%,seoul-dong-v1.0,서울 법정동 시장·건물구조 상대위험,"전세사기 발생확률이 아니며, 공식 동별 피해집계가 없는 지역의 피해 건수를 추정하지 않습니다.",2026-07,2026-07
1111018200,11110,구기동,종로구,497.0,295.0,15.0,95.0,63.29688663957646,10.526315789473683,0.0,497.0,479.0,96.37826961770624,4.0,22.0,0.4164190901282232,0.0,50.0,53.0,-5.660377358490565,5.660377358490565,202607,202607,79.0,45.0,18.0,9.0,400.0,231.0,0.0,10.0,41.0,34.0,12.0,1.0,5.0,1.0,812.0,406.0,35.294117647058826,14.705882352941178,2.941176470588235,2.941176470588235,2.0,총괄표제부_보완,681,55,8.076358296622614,1595.0,1595.0,367.0,598000000.0,3557818.4544261885,367.0,5,14,15,34,72503,0.46894611257465213,3,527000000,1.0,40.0,31.69164882226981,56.09756097560976,87.04663212435233,34.41558441558442,35.44973544973545,75.87064676616916,61.111111111111114,84.15300546448088,55.013550135501355,57.4838758494928,52.268158891004404,53.557365232446784,보통,주의,0,,,,,비아파트 건물 비중 35.3% | 80% 이상 매칭 비중 10.5% | 최근 36개월 추정 전세가율 63.3%,seoul-dong-v1.0,서울 법정동 시장·건물구조 상대위험,"전세사기 발생확률이 아니며, 공식 동별 피해집계가 없는 지역의 피해 건수를 추정하지 않습니다.",2026-07,2026-07
1156012400,11560,문래동6가,영등포구,1981.0,640.0,13.0,352.0,63.22572739669982,7.386363636363637,7.386363636363637,1981.0,1120.0,56.53710247349824,5.0,32.0,3.8369179319158544,0.0,204.0,44.0,363.6363636363637,0.0,202607,202607,0.0,0.0,861.0,350.0,0.0,0.0,1120.0,290.0,22.0,14.0,5.0,6.0,2.0,0.0,2927.0,2221.0,35.714285714285715,14.285714285714285,0.0,42.857142857142854,1.3178748311571364,총괄표제부_보완,123,12,9.75609756097561,5767.0,5767.0,3.0,148000000.0,5124653.739612188,3.0,84,213,201,498,193619,2.572061626183381,30,7456770000,1.8,79.0,41.7558886509636,49.05149051490515,43.39378238341969,34.41558441558442,35.05291005291005,40.79601990049751,61.904761904761905,70.76502732240438,54.47154471544715,47.632808405634535,52.49106410368565,53.55245106930214,낮음,주의,0,,,,,영등포구 공식 피해·보증사고 배경지표 상위 | 비아파트 건물 비중 35.7% | 최근 36개월 추정 전세가율 63.2%,seoul-dong-v1.0,서울 법정동 시장·건물구조 상대위험,"전세사기 발생확률이 아니며, 공식 동별 피해집계가 없는 지역의 피해 건수를 추정하지 않습니다.",2026-07,2026-07
1141010600,11410,천연동,서대문구,530.0,225.0,6.0,122.0,52.855919877968,0.0,0.0,530.0,173.0,32.64150943396226,1.0,2.0,-27.98952749979009,27.98952749979009,82.0,2.0,4000.0,0.0,202607,202607,106.0,8.0,357.0,187.0,67.0,30.0,0.0,0.0,315.0,278.0,126.0,54.0,236.0,187.0,1952.0,473.0,45.32374100719424,84.89208633093526,67.26618705035972,19.424460431654676,4.126849894291754,표제부,319,89,27.89968652037618,1323.0,1323.0,198.0,350000000.0,2032988.1499281693,198.0,31,109,60,200,147178,1.3588987484542527,7,1682000000,1.2,62.0,95.71734475374733,15.853658536585366,43.39378238341969,98.37662337662337,88.88888888888889,20.8955223880597,79.8941798941799,94.26229508196722,29.539295392953928,36.96455677496936,87.46270739293874,53.344410913216294,높음,주의,0,,,,,최근 매매 단가 하락 신호 28.0% | 20년 이상 주거건물 비중 84.9% | 비아파트 건물 비중 45.3%,seoul-dong-v1.0,서울 법정동 시장·건물구조 상대위험,"전세사기 발생확률이 아니며, 공식 동별 피해집계가 없는 지역의 피해 건수를 추정하지 않습니다.",2026-07,2026-07
1111014900,11110,원서동,종로구,212.0,107.0,4.0,33.0,74.08970389052148,6.0606060606060606,0.0,212.0,212.0,100.0,1.0,8.0,8.149562069813499,0.0,18.0,18.0,0.0,-0.0,202606,202606,14.0,16.0,0.0,0.0,198.0,91.0,0.0,0.0,12.0,11.0,2.0,0.0,0.0,0.0,87.0,29.0,18.181818181818183,0.0,0.0,0.0,3.0,총괄표제부_보완,346,24,6.9364161849710975,717.0,717.0,113.0,384000000.0,5419712.629190824,113.0,5,14,15,34,72503,0.46894611257465213,3,527000000,1.0,40.0,26.33832976445396,46.476964769647694,43.39378238341969,34.41558441558442,13.492063492063492,91.91542288557214,39.94708994708995,91.53005464480874,81.02981029810297,62.72442350088996,38.349026001463955,53.22191060089997,낮음,주의,0,,,,,최근 36개월 추정 전세가율 74.1% | 80% 이상 매칭 비중 6.1% | 종로구 공식 피해·보증사고 배경지표 상위,seoul-dong-v1.0,서울 법정동 시장·건물구조 상대위험,"전세사기 발생확률이 아니며, 공식 동별 피해집계가 없는 지역의 피해 건수를 추정하지 않습니다.",2026-06,2026-06
1123011000,11230,이문동,동대문구,4794.0,1663.0,32.0,599.0,49.94011794400861,6.176961602671119,5.175292153589315,4794.0,1975.0,41.19732999582812,12.0,56.0,-4.558635661233347,4.558635661233347,460.0,181.0,154.1436464088398,0.0,202607,202607,1173.0,363.0,2819.0,936.0,464.0,229.0,338.0,135.0,3457.0,3042.0,1235.0,412.0,2794.0,2471.0,16144.0,7666.0,40.598290598290596,91.84746877054569,81.22945430637738,13.543721236028928,2.105922254109053,표제부,3456,472,13.657407407407407,10255.0,10255.0,2461.0,338000000.0,2557287.9754311363,2461.0,27,275,201,503,180852,2.781279720434388,9,2033690000,1.0,66.0,58.67237687366167,46.883468834688344,43.39378238341969,86.03896103896103,96.82539682539682,28.109452736318406,69.31216931216932,85.79234972677595,20.867208672086722,40.12391834532474,76.53454476496566,53.107987198436255,높음,주의,0,,,,,20년 이상 주거건물 비중 91.8% | 최근 매매 단가 하락 신호 4.6% | 비아파트 건물 비중 40.6%,seoul-dong-v1.0,서울 법정동 시장·건물구조 상대위험,"전세사기 발생확률이 아니며, 공식 동별 피해집계가 없는 지역의 피해 건수를 추정하지 않습니다.",2026-07,2026-07
1156013300,11560,대림동,영등포구,6445.0,3025.0,23.0,862.0,61.127293132759306,9.396751740139212,4.988399071925754,6445.0,3799.0,58.94491854150504,10.0,101.0,5.098500932374928,0.0,669.0,181.0,269.6132596685083,0.0,202607,202607,2686.0,246.0,2646.0,1347.0,978.0,1315.0,135.0,117.0,97.0,67.0,17.0,13.0,4.0,0.0,6718.0,5909.0,25.37313432835821,5.970149253731343,0.0,19.402985074626866,1.1369097986122862,총괄표제부_보완,5020,1138,22.669322709163346,14523.0,14523.0,3746.0,465000000.0,2512265.77860931,3746.0,84,213,201,498,193619,2.572061626183381,30,7456770000,1.8,79.0,90.14989293361884,53.387533875338754,43.39378238341969,34.41558441558442,29.894179894179896,42.039800995024876,46.03174603174603,63.387978142076506,48.23848238482385,46.34797242294635,53.424418694278636,53.01488812733747,보통,주의,0,,,,,영등포구 공식 피해·보증사고 배경지표 상위 | 80% 이상 매칭 비중 9.4% | 최근 36개월 추정 전세가율 61.1%,seoul-dong-v1.0,서울 법정동 시장·건물구조 상대위험,"전세사기 발생확률이 아니며, 공식 동별 피해집계가 없는 지역의 피해 건수를 추정하지 않습니다.",2026-07,2026-07
1111014300,11110,화동,종로구,12.0,12.0,,,,,,12.0,12.0,100.0,,,,,3.0,1.0,200.0,0.0,202602,202605,12.0,10.0,0.0,0.0,0.0,2.0,0.0,0.0,1.0,0.0,0.0,0.0,0.0,0.0,0.0,0.0,,,,,,총괄표제부_보완,121,8,6.6115702479338845,9.0,9.0,48.0,471000000.0,6547714.137591969,48.0,5,14,15,34,72503,0.46894611257465213,3,527000000,1.0,40.0,24.62526766595289,,43.39378238341969,,,91.91542288557214,,,,67.65460263449592,24.62526766595289,52.74907849718577,낮음,주의,0,,,,,종로구 공식 피해·보증사고 배경지표 상위,seoul-dong-v1.0,서울 법정동 시장·건물구조 상대위험,"전세사기 발생확률이 아니며, 공식 동별 피해집계가 없는 지역의 피해 건수를 추정하지 않습니다.",2026-05,2026-02
1111018400,11110,부암동,종로구,320.0,230.0,12.0,59.0,69.73471312136624,20.33898305084746,16.94915254237288,320.0,317.0,99.0625,2.0,8.0,14.526815277049021,0.0,41.0,33.0,24.242424242424242,0.0,202607,202607,111.0,43.0,3.0,7.0,202.0,168.0,4.0,12.0,42.0,32.0,5.0,0.0,4.0,1.0,180.0,242.0,15.625,12.5,3.125,0.0,0.743801652892562,총괄표제부_보완,866,53,6.1200923787528865,944.0,944.0,560.0,599000000.0,3800845.05472577,559.0,5,14,15,34,72503,0.46894611257465213,3,527000000,1.0,40.0,22.698072805139187,69.91869918699187,43.39378238341969,34.41558441558442,34.25925925925926,81.09452736318407,38.88888888888889,38.52459016393443,70.73170731707317,63.38352636057529,34.43867345598838,52.63978418034227,보통,주의,0,,,,,최근 36개월 추정 전세가율 69.7% | 80% 이상 매칭 비중 20.3% | 종로구 공식 피해·보증사고 배경지표 상위,seoul-dong-v1.0,서울 법정동 시장·건물구조 상대위험,"전세사기 발생확률이 아니며, 공식 동별 피해집계가 없는 지역의 피해 건수를 추정하지 않습니다.",2026-07,2026-07
1141012000,11410,남가좌동,서대문구,5146.0,2202.0,21.0,476.0,60.705759015697105,11.76470588235294,2.941176470588235,5146.0,1146.0,22.269724057520403,4.0,28.0,23.49968905683448,0.0,666.0,47.0,1317.0212765957447,0.0,202607,202607,572.0,49.0,4000.0,1739.0,562.0,374.0,12.0,40.0,1994.0,1717.0,542.0,367.0,1230.0,1034.0,17728.0,13539.0,31.56668608037274,71.6365754222481,60.221316249271986,21.37449039021549,1.3094024669473374,표제부,2006,394,19.641076769690926,15935.0,15935.0,1080.0,370500000.0,2129660.5082371775,1080.0,31,109,60,200,147178,1.3588987484542527,7,1682000000,1.2,62.0,83.5117773019272,58.265582655826556,43.39378238341969,34.41558441558442,64.02116402116403,13.930348258706468,53.96825396825397,70.21857923497268,47.425474254742554,44.431336092403946,64.82773493822394,52.165735389998346,높음,주의,0,,,,,20년 이상 주거건물 비중 71.6% | 서대문구 공식 피해·보증사고 배경지표 상위 | 80% 이상 매칭 비중 11.8%,seoul-dong-v1.0,서울 법정동 시장·건물구조 상대위험,"전세사기 발생확률이 아니며, 공식 동별 피해집계가 없는 지역의 피해 건수를 추정하지 않습니다.",2026-07,2026-07
1129010400,11290,동소문동1가,성북구,98.0,22.0,2.0,4.0,63.417139503756815,0.0,0.0,98.0,98.0,100.0,,,,,4.0,3.0,33.33333333333333,0.0,202606,202605,56.0,2.0,0.0,0.0,42.0,20.0,0.0,0.0,160.0,92.0,37.0,25.0,68.0,47.0,397.0,464.0,40.21739130434783,73.91304347826086,51.08695652173913,27.173913043478258,0.8556034482758621,표제부,160,31,19.375,134.0,134.0,68.0,472000000.0,2165179.2292620605,68.0,92,123,56,271,199807,1.3563088380286978,5,1445500000,0.8,48.0,81.79871520342613,15.853658536585366,43.39378238341969,,68.78306878306879,91.91542288557214,68.51851851851852,46.17486338797814,55.28455284552846,46.59783094030225,67.88914715205657,52.130985352195495,낮음,주의,0,,,,,20년 이상 주거건물 비중 73.9% | 비아파트 건물 비중 40.2% | 최근 36개월 추정 전세가율 63.4%,seoul-dong-v1.0,서울 법정동 시장·건물구조 상대위험,"전세사기 발생확률이 아니며, 공식 동별 피해집계가 없는 지역의 피해 건수를 추정하지 않습니다.",2026-05,2026-06
1144012200,11440,합정동,마포구,5019.0,1655.0,19.0,609.0,58.8411608923722,14.77832512315271,14.77832512315271,5019.0,4682.0,93.28551504283722,10.0,198.0,8.572253670950571,0.0,300.0,229.0,31.00436681222707,0.0,202607,202607,557.0,87.0,337.0,131.0,3848.0,1161.0,277.0,276.0,1758.0,1283.0,788.0,343.0,1022.0,797.0,7630.0,7395.0,61.418550272798136,79.65705378020265,62.12003117692907,26.734216679657052,1.0317782285327923,표제부,1757,224,12.749003984063744,7049.0,7049.0,668.0,844500000.0,4289236.930629464,668.0,44,86,34,164,180580,0.908184738066231,4,760000000,0.3,24.0,53.96145610278372,63.143631436314365,43.39378238341969,34.41558441558442,78.83597883597884,71.14427860696517,93.65079365079364,56.830601092896174,41.46341463414634,48.98741747411328,76.48619355380333,52.1139988729188,높음,주의,0,,,,,비아파트 건물 비중 61.4% | 20년 이상 주거건물 비중 79.7% | 80% 이상 매칭 비중 14.8%,seoul-dong-v1.0,서울 법정동 시장·건물구조 상대위험,"전세사기 발생확률이 아니며, 공식 동별 피해집계가 없는 지역의 피해 건수를 추정하지 않습니다.",2026-07,2026-07
1123010400,11230,전농동,동대문구,7475.0,2538.0,36.0,1005.0,55.38441546060255,9.55223880597015,7.5621890547263675,7475.0,3990.0,53.37792642140469,21.0,174.0,20.031639850470594,0.0,942.0,267.0,252.80898876404495,0.0,202607,202607,1384.0,246.0,3485.0,1262.0,2026.0,649.0,580.0,381.0,3768.0,3164.0,998.0,516.0,2722.0,2441.0,20149.0,9537.0,31.542351453855876,86.03034134007585,77.14917825537295,16.308470290771176,2.112718884345182,표제부,3767,549,14.573931510485796,18436.0,18436.0,2443.0,340000000.0,2716305.8240792523,2442.0,27,275,201,503,180852,2.781279720434388,9,2033690000,1.0,66.0,62.526766595289075,54.47154471544715,43.39378238341969,34.41558441558442,90.47619047619048,37.81094527363184,53.70370370370371,86.0655737704918,34.68834688346883,40.77603536029214,69.51571848516069,51.744550837465454,높음,주의,0,,,,,20년 이상 주거건물 비중 86.0% | 동대문구 공식 피해·보증사고 배경지표 상위 | 80% 이상 매칭 비중 9.6%,seoul-dong-v1.0,서울 법정동 시장·건물구조 상대위험,"전세사기 발생확률이 아니며, 공식 동별 피해집계가 없는 지역의 피해 건수를 추정하지 않습니다.",2026-07,2026-07
1144012400,11440,연남동,마포구,2155.0,969.0,16.0,291.0,67.96556090580142,0.0,0.0,2155.0,1942.0,90.11600928074246,7.0,53.0,2.1883921597269858,0.0,151.0,67.0,125.37313432835822,0.0,202607,202607,654.0,148.0,213.0,145.0,1288.0,676.0,0.0,0.0,2088.0,1541.0,796.0,503.0,1168.0,898.0,7668.0,4865.0,51.65476963011032,75.79493835171967,58.273848150551586,32.64114211550941,1.5761562178828366,표제부,2090,378,18.086124401913874,4748.0,4748.0,1067.0,788000000.0,4401408.450704225,1067.0,44,86,34,164,180580,0.908184738066231,4,760000000,0.3,24.0,77.08779443254818,15.853658536585366,43.39378238341969,34.41558441558442,72.75132275132276,67.66169154228857,85.18518518518519,77.8688524590164,66.93766937669376,47.006367439732344,79.35979151726686,51.64376834315612,높음,주의,0,,,,,비아파트 건물 비중 51.7% | 20년 이상 주거건물 비중 75.8% | 최근 36개월 추정 전세가율 68.0%,seoul-dong-v1.0,서울 법정동 시장·건물구조 상대위험,"전세사기 발생확률이 아니며, 공식 동별 피해집계가 없는 지역의 피해 건수를 추정하지 않습니다.",2026-07,2026-07
1111014400,11110,사간동,종로구,3.0,3.0,,,,,,3.0,3.0,100.0,,,,,1.0,1.0,0.0,-0.0,202503,202602,3.0,3.0,0.0,0.0,0.0,0.0,0.0,0.0,4.0,3.0,0.0,0.0,0.0,0.0,6.0,0.0,0.0,0.0,0.0,0.0,,총괄표제부_보완,76,8,10.526315789473683,,,32.0,602000000.0,5520318.074703514,32.0,5,14,15,34,72503,0.46894611257465213,3,527000000,1.0,40.0,45.182012847965744,,43.39378238341969,,13.492063492063492,91.91542288557214,11.772486772486772,,,67.65460263449592,20.139309590122036,51.627588978228054,낮음,주의,0,,,,,종로구 공식 피해·보증사고 배경지표 상위 | 20년 이상 주거건물 비중 0.0% | 비아파트 건물 비중 0.0%,seoul-dong-v1.0,서울 법정동 시장·건물구조 상대위험,"전세사기 발생확률이 아니며, 공식 동별 피해집계가 없는 지역의 피해 건수를 추정하지 않습니다.",2026-02,2025-03
1129013500,11290,종암동,성북구,3606.0,1804.0,21.0,587.0,61.55864385036603,1.8739352640545146,1.192504258943782,3606.0,1675.0,46.45036051026067,7.0,69.0,9.312913955520251,0.0,577.0,93.0,520.4301075268817,0.0,202607,202607,748.0,105.0,1931.0,1035.0,915.0,655.0,12.0,9.0,2266.0,1804.0,736.0,315.0,1427.0,1088.0,15694.0,5259.0,40.79822616407982,79.10199556541019,60.310421286031044,17.46119733924612,2.984217531850162,표제부,2264,430,18.992932862190813,12031.0,12031.0,1282.0,311000000.0,2062254.7156650731,1282.0,92,123,56,271,199807,1.3563088380286978,5,1445500000,0.8,48.0,80.29978586723769,36.856368563685635,43.39378238341969,34.41558441558442,77.5132275132275,32.08955223880597,69.57671957671958,91.2568306010929,49.59349593495935,41.76216163946539,76.95747647260619,51.49666610183078,높음,주의,0,,,,,20년 이상 주거건물 비중 79.1% | 비아파트 건물 비중 40.8% | 최근 36개월 추정 전세가율 61.6%,seoul-dong-v1.0,서울 법정동 시장·건물구조 상대위험,"전세사기 발생확률이 아니며, 공식 동별 피해집계가 없는 지역의 피해 건수를 추정하지 않습니다.",2026-07,2026-07
1159010900,11590,신대방동,동작구,6747.0,1999.0,31.0,777.0,60.37435376610536,6.94980694980695,3.088803088803089,6747.0,4097.0,60.72328442270639,12.0,109.0,18.300272188548604,0.0,647.0,123.0,426.0162601626016,0.0,202607,202607,2200.0,94.0,2650.0,1057.0,1540.0,652.0,357.0,196.0,2301.0,2039.0,847.0,362.0,1486.0,1222.0,16057.0,17568.0,41.53997057381069,72.87886218734674,59.93133889161354,17.75380088278568,0.9139913479052824,표제부,2283,365,15.987735435830047,14902.0,14902.0,1509.0,540000000.0,2608768.82942018,1509.0,188,392,394,974,188064,5.179087970052748,5,1111000000,0.6,55.0,69.593147751606,48.509485094850945,43.39378238341969,34.41558441558442,66.66666666666666,44.02985074626866,71.6931216931217,51.36612021857923,45.25745257452575,44.13505327882953,66.96746292702342,51.472897699053576,높음,주의,0,,,,,비아파트 건물 비중 41.5% | 20년 이상 주거건물 비중 72.9% | 동작구 공식 피해·보증사고 배경지표 상위,seoul-dong-v1.0,서울 법정동 시장·건물구조 상대위험,"전세사기 발생확률이 아니며, 공식 동별 피해집계가 없는 지역의 피해 건수를 추정하지 않습니다.",2026-07,2026-07
1138010700,11380,응암동,은평구,11100.0,5533.0,31.0,1046.0,66.80707464827975,6.309751434034416,4.015296367112811,11100.0,5926.0,53.387387387387385,16.0,357.0,3.163979472218767,0.0,1323.0,435.0,204.13793103448276,0.0,202607,202607,1192.0,153.0,5174.0,2429.0,3730.0,2445.0,1004.0,506.0,128.0,100.0,34.0,30.0,13.0,9.0,12915.0,14293.0,34.0,13.0,9.0,30.0,0.903589169523543,총괄표제부_보완,5081,1146,22.554615233221806,30391.0,30391.0,2369.0,364000000.0,1960784.3137254904,2369.0,135,182,100,417,214777,1.9415486760686664,6,1752000000,0.6,45.0,89.93576017130621,47.15447154471545,43.39378238341969,34.41558441558442,34.65608465608466,38.059701492537314,58.46560846560847,50.27322404371585,63.41463414634146,50.462157594648815,57.578400191083176,51.42189460456008,높음,주의,0,,,,,최근 36개월 추정 전세가율 66.8% | 비아파트 건물 비중 34.0% | 80% 이상 매칭 비중 6.3%,seoul-dong-v1.0,서울 법정동 시장·건물구조 상대위험,"전세사기 발생확률이 아니며, 공식 동별 피해집계가 없는 지역의 피해 건수를 추정하지 않습니다.",2026-07,2026-07
1156011400,11560,당산동4가,영등포구,1777.0,719.0,12.0,297.0,55.469428424373255,13.468013468013467,6.0606060606060606,1777.0,366.0,20.596510973550927,2.0,16.0,-0.8971728467306126,0.8971728467306126,199.0,29.0,586.2068965517241,0.0,202607,202607,114.0,6.0,1411.0,577.0,123.0,45.0,129.0,91.0,16.0,14.0,1.0,0.0,1.0,0.0,3265.0,2957.0,7.142857142857142,7.142857142857142,0.0,0.0,1.104159621237741,총괄표제부_보완,359,104,28.969359331476323,4840.0,4840.0,123.0,395000000.0,2432256.921896216,123.0,84,213,201,498,193619,2.572061626183381,30,7456770000,1.8,79.0,96.78800856531049,60.16260162601627,43.39378238341969,75.0,30.423280423280424,13.681592039800993,27.91005291005291,61.74863387978142,35.230352303523034,46.09032877023535,47.389738064870585,51.35163177835886,낮음,주의,0,,,,,영등포구 공식 피해·보증사고 배경지표 상위 | 최근 매매 단가 하락 신호 0.9% | 80% 이상 매칭 비중 13.5%,seoul-dong-v1.0,서울 법정동 시장·건물구조 상대위험,"전세사기 발생확률이 아니며, 공식 동별 피해집계가 없는 지역의 피해 건수를 추정하지 않습니다.",2026-07,2026-07
1171011200,11710,오금동,송파구,5580.0,2378.0,24.0,901.0,58.27158732807901,9.877913429522753,0.0,5580.0,2796.0,50.10752688172043,9.0,177.0,6.981511064834595,0.0,577.0,183.0,215.30054644808746,0.0,202607,202607,342.0,28.0,2784.0,811.0,2361.0,1472.0,93.0,67.0,1563.0,1186.0,655.0,225.0,789.0,620.0,14467.0,9391.0,55.22765598650927,66.52613827993254,52.27655986509275,18.97133220910624,1.540517516771377,표제부,1555,362,23.279742765273312,14081.0,14081.0,473.0,658000000.0,2787575.935724084,473.0,23,69,106,198,289693,0.6834821690548271,16,3253500000,0.8,36.0,91.00642398286938,55.013550135501355,43.39378238341969,34.41558441558442,57.67195767195767,35.07462686567165,89.15343915343915,77.04918032786885,40.921409214092144,43.131129806759,79.8380269251193,51.23818461533522,높음,주의,0,,,,,비아파트 건물 비중 55.2% | 20년 이상 주거건물 비중 66.5% | 80% 이상 매칭 비중 9.9%,seoul-dong-v1.0,서울 법정동 시장·건물구조 상대위험,"전세사기 발생확률이 아니며, 공식 동별 피해집계가 없는 지역의 피해 건수를 추정하지 않습니다.",2026-07,2026-07
1111013200,11110,운니동,종로구,1.0,11.0,,,,,,1.0,1.0,100.0,,,,,1.0,1.0,0.0,-0.0,202302,202607,1.0,1.0,0.0,0.0,0.0,0.0,0.0,10.0,7.0,4.0,0.0,1.0,0.0,0.0,8.0,0.0,0.0,0.0,0.0,25.0,,총괄표제부_보완,97,9,9.278350515463918,193.0,193.0,25.0,447000000.0,5219780.21978022,25.0,5,14,15,34,72503,0.46894611257465213,3,527000000,1.0,40.0,38.54389721627409,,43.39378238341969,,13.492063492063492,91.91542288557214,11.772486772486772,,,67.65460263449592,18.577400029724,51.23711158812855,낮음,주의,0,,,,,종로구 공식 피해·보증사고 배경지표 상위 | 20년 이상 주거건물 비중 0.0% | 비아파트 건물 비중 0.0%,seoul-dong-v1.0,서울 법정동 시장·건물구조 상대위험,"전세사기 발생확률이 아니며, 공식 동별 피해집계가 없는 지역의 피해 건수를 추정하지 않습니다.",2026-07,2023-02
1156010900,11560,영등포동8가,영등포구,1039.0,397.0,8.0,115.0,61.318686269206566,22.608695652173914,1.7391304347826086,1039.0,599.0,57.65158806544755,2.0,17.0,2.3131502062356875,0.0,72.0,25.0,188.0,0.0,202607,202606,15.0,7.0,440.0,189.0,84.0,18.0,500.0,183.0,19.0,12.0,0.0,5.0,1.0,0.0,1098.0,1516.0,0.0,8.333333333333332,0.0,41.66666666666667,0.7242744063324539,총괄표제부_보완,214,36,16.822429906542055,3249.0,3249.0,65.0,323000000.0,2965487.8568385174,65.0,84,213,201,498,193619,2.572061626183381,30,7456770000,1.8,79.0,72.59100642398288,72.89972899728997,43.39378238341969,34.41558441558442,31.48148148148148,41.54228855721393,11.772486772486772,37.97814207650273,48.78048780487805,51.39307212767474,32.794287675637065,50.884415195514116,낮음,주의,0,,,,,영등포구 공식 피해·보증사고 배경지표 상위 | 80% 이상 매칭 비중 22.6% | 최근 36개월 추정 전세가율 61.3%,seoul-dong-v1.0,서울 법정동 시장·건물구조 상대위험,"전세사기 발생확률이 아니며, 공식 동별 피해집계가 없는 지역의 피해 건수를 추정하지 않습니다.",2026-06,2026-07
1138010200,11380,녹번동,은평구,6570.0,2598.0,23.0,785.0,60.53317011523013,2.9299363057324843,2.9299363057324843,6570.0,4395.0,66.89497716894978,8.0,204.0,1.9642617358592878,0.0,575.0,244.0,135.65573770491804,0.0,202607,202607,728.0,66.0,2175.0,832.0,3376.0,1590.0,291.0,110.0,61.0,38.0,25.0,9.0,8.0,4.0,5233.0,4720.0,65.78947368421053,21.052631578947366,10.526315789473683,23.684210526315788,1.1086864406779662,총괄표제부_보완,2312,436,18.858131487889274,13148.0,13148.0,1066.0,432000000.0,2198487.1812630626,1066.0,135,182,100,417,214777,1.9415486760686664,6,1752000000,0.6,45.0,80.08565310492506,39.56639566395664,43.39378238341969,34.41558441558442,39.285714285714285,50.24875621890548,95.23809523809523,62.02185792349727,46.34146341463415,42.954775804413,73.23707597617626,50.83213447669186,보통,주의,0,,,,,비아파트 건물 비중 65.8% | 최근 36개월 추정 전세가율 60.5% | 은평구 공식 피해·보증사고 배경지표 상위,seoul-dong-v1.0,서울 법정동 시장·건물구조 상대위험,"전세사기 발생확률이 아니며, 공식 동별 피해집계가 없는 지역의 피해 건수를 추정하지 않습니다.",2026-07,2026-07
1165010800,11650,서초동,서초구,17938.0,7425.0,46.0,2008.0,65.33697668704447,21.91235059760956,17.97808764940239,17938.0,7801.0,43.48868324227896,20.0,494.0,5.935471285000951,0.0,1561.0,552.0,182.78985507246378,0.0,202607,202607,865.0,76.0,10137.0,3002.0,3878.0,1253.0,3058.0,3094.0,4130.0,2260.0,727.0,551.0,1661.0,944.0,39398.0,161878.0,32.16814159292035,73.49557522123894,41.769911504424776,24.38053097345133,0.24338081765280026,표제부,4128,670,16.23062015503876,62974.0,62974.0,997.0,1513000000.0,4534606.205250597,997.0,3,10,16,29,173895,0.16676730210759366,5,1573500000,0.8,26.0,70.8779443254818,72.08672086720867,43.39378238341969,34.41558441558442,67.98941798941799,30.09950248756219,55.55555555555556,16.39344262295082,60.97560975609756,54.923590268677046,55.854181978115705,50.81769965573515,높음,주의,0,,,,,80% 이상 매칭 비중 21.9% | 20년 이상 주거건물 비중 73.5% | 최근 36개월 추정 전세가율 65.3%,seoul-dong-v1.0,서울 법정동 시장·건물구조 상대위험,"전세사기 발생확률이 아니며, 공식 동별 피해집계가 없는 지역의 피해 건수를 추정하지 않습니다.",2026-07,2026-07
1129013600,11290,하월곡동,성북구,3678.0,1878.0,27.0,545.0,60.3882791183361,6.605504587155964,1.4678899082568808,3678.0,1450.0,39.423599782490484,8.0,38.0,13.32979823366476,0.0,563.0,65.0,766.1538461538461,0.0,202607,202607,777.0,175.0,2228.0,1326.0,441.0,292.0,232.0,85.0,2429.0,2014.0,826.0,402.0,1693.0,1397.0,15410.0,24101.0,41.012909632572,84.06156901688183,69.36444885799405,19.960278053624627,0.6393925563254637,표제부,2428,482,19.85172981878089,12693.0,12693.0,1649.0,272000000.0,2101159.9163339036,1649.0,92,123,56,271,199807,1.3563088380286978,5,1445500000,0.8,48.0,83.94004282655246,47.425474254742554,43.39378238341969,34.41558441558442,86.77248677248677,27.114427860696516,70.37037037037037,33.87978142076503,45.52845528455284,42.28090936425607,71.71124561969509,50.496357023477415,높음,주의,0,,,,,20년 이상 주거건물 비중 84.1% | 비아파트 건물 비중 41.0% | 성북구 공식 피해·보증사고 배경지표 상위,seoul-dong-v1.0,서울 법정동 시장·건물구조 상대위험,"전세사기 발생확률이 아니며, 공식 동별 피해집계가 없는 지역의 피해 건수를 추정하지 않습니다.",2026-07,2026-07
1111016900,11110,혜화동,종로구,356.0,128.0,6.0,52.0,69.6875484971668,0.0,0.0,356.0,351.0,98.59550561797754,3.0,10.0,-4.256894155515818,4.256894155515818,28.0,16.0,75.0,0.0,202606,202606,182.0,21.0,5.0,1.0,169.0,106.0,0.0,0.0,16.0,8.0,3.0,0.0,0.0,0.0,73.0,447.0,37.5,0.0,0.0,0.0,0.16331096196868009,총괄표제부_보완,490,54,11.020408163265307,823.0,823.0,237.0,653000000.0,3079390.5372894946,237.0,5,14,15,34,72503,0.46894611257465213,3,527000000,1.0,40.0,47.109207708779444,15.853658536585366,43.39378238341969,85.3896103896104,13.492063492063492,79.8507462686567,63.75661375661375,13.934426229508196,70.46070460704607,57.28059090061397,40.38766685184349,50.46527125332925,낮음,주의,0,,,,,최근 매매 단가 하락 신호 4.3% | 최근 36개월 추정 전세가율 69.7% | 비아파트 건물 비중 37.5%,seoul-dong-v1.0,서울 법정동 시장·건물구조 상대위험,"전세사기 발생확률이 아니며, 공식 동별 피해집계가 없는 지역의 피해 건수를 추정하지 않습니다.",2026-06,2026-06
1111017100,11110,명륜2가,종로구,269.0,119.0,5.0,51.0,63.67745272911795,3.9215686274509802,0.0,269.0,80.0,29.739776951672862,,,,,41.0,4.0,925.0,0.0,202607,202607,51.0,6.0,189.0,86.0,29.0,27.0,0.0,0.0,10.0,5.0,2.0,0.0,1.0,0.0,484.0,48.0,40.0,20.0,0.0,0.0,10.083333333333334,총괄표제부_보완,315,48,15.238095238095239,1186.0,1186.0,123.0,518000000.0,2995080.544033954,123.0,5,14,15,34,72503,0.46894611257465213,3,527000000,1.0,40.0,65.52462526766595,41.46341463414634,43.39378238341969,,38.492063492063494,20.149253731343283,67.98941798941799,99.18032786885246,56.36856368563685,46.19715616972661,64.80075730264413,49.918483027497,낮음,주의,0,,,,,비아파트 건물 비중 40.0% | 최근 36개월 추정 전세가율 63.7% | 80% 이상 매칭 비중 3.9%,seoul-dong-v1.0,서울 법정동 시장·건물구조 상대위험,"전세사기 발생확률이 아니며, 공식 동별 피해집계가 없는 지역의 피해 건수를 추정하지 않습니다.",2026-07,2026-07
1126010600,11260,신내동,중랑구,6860.0,2624.0,23.0,801.0,61.325077751963434,7.990012484394507,7.240948813982522,6860.0,958.0,13.965014577259474,6.0,62.0,3.143014035063036,0.0,855.0,82.0,942.6829268292684,0.0,202607,202607,283.0,34.0,5902.0,2131.0,403.0,294.0,272.0,165.0,92.0,60.0,14.0,9.0,13.0,9.0,20380.0,14203.0,23.333333333333332,21.666666666666668,15.0,15.0,1.4349081180032388,총괄표제부_보완,1331,138,10.368144252441773,24465.0,24465.0,474.0,295000000.0,1809083.5592100527,474.0,118,103,62,283,190348,1.486750583142455,24,4903750000,3.3,82.0,44.75374732334047,50.94850948509485,43.39378238341969,34.41558441558442,39.94708994708995,9.950248756218906,43.65079365079365,74.31693989071039,49.05149051490515,42.8544643535373,47.5453803953646,49.89902371096353,보통,주의,0,,,,,중랑구 공식 피해·보증사고 배경지표 상위 | 80% 이상 매칭 비중 8.0% | 최근 36개월 추정 전세가율 61.3%,seoul-dong-v1.0,서울 법정동 시장·건물구조 상대위험,"전세사기 발생확률이 아니며, 공식 동별 피해집계가 없는 지역의 피해 건수를 추정하지 않습니다.",2026-07,2026-07
1114012900,11140,남산동2가,중구,57.0,17.0,,,,,,57.0,57.0,100.0,,,,,4.0,4.0,0.0,-0.0,202603,202604,46.0,16.0,0.0,0.0,11.0,1.0,0.0,0.0,3.0,1.0,0.0,0.0,0.0,0.0,1.0,4.0,0.0,0.0,0.0,0.0,0.25,총괄표제부_보완,212,39,18.39622641509434,63.0,63.0,81.0,373000000.0,3003807.64349175,81.0,2,10,7,19,63882,0.2974233743464512,2,350000000,0.4,18.0,78.58672376873662,,43.39378238341969,,13.492063492063492,91.91542288557214,11.772486772486772,16.80327868852459,,67.65460263449592,26.319847139036597,49.8727233654567,낮음,주의,0,,,,,중구 공식 피해·보증사고 배경지표 상위 | 20년 이상 주거건물 비중 0.0% | 비아파트 건물 비중 0.0%,seoul-dong-v1.0,서울 법정동 시장·건물구조 상대위험,"전세사기 발생확률이 아니며, 공식 동별 피해집계가 없는 지역의 피해 건수를 추정하지 않습니다.",2026-04,2026-03
1156011800,11560,도림동,영등포구,2887.0,911.0,20.0,431.0,59.58911973176307,11.36890951276102,4.408352668213457,2887.0,2407.0,83.37374437131972,10.0,80.0,13.62909376539553,0.0,245.0,99.0,147.4747474747475,0.0,202607,202607,924.0,109.0,480.0,217.0,732.0,290.0,751.0,295.0,115.0,101.0,12.0,13.0,3.0,1.0,1932.0,3528.0,11.881188118811881,2.9702970297029703,0.9900990099009901,12.871287128712872,0.5476190476190477,총괄표제부_보완,1977,300,15.174506828528072,5195.0,5195.0,1240.0,341000000.0,2175817.2722078073,1240.0,84,213,201,498,193619,2.572061626183381,30,7456770000,1.8,79.0,64.88222698072805,56.91056910569105,43.39378238341969,34.41558441558442,27.77777777777778,64.17910447761194,34.12698412698413,28.688524590163933,43.360433604336045,47.49144206659801,37.8749621799083,49.81360578493588,높음,주의,0,,,,,영등포구 공식 피해·보증사고 배경지표 상위 | 80% 이상 매칭 비중 11.4% | 최근 36개월 추정 전세가율 59.6%,seoul-dong-v1.0,서울 법정동 시장·건물구조 상대위험,"전세사기 발생확률이 아니며, 공식 동별 피해집계가 없는 지역의 피해 건수를 추정하지 않습니다.",2026-07,2026-07
1156011900,11560,문래동1가,영등포구,25.0,30.0,2.0,20.0,70.82229155078764,0.0,0.0,25.0,25.0,100.0,1.0,6.0,5.913287525344124,0.0,19.0,7.0,171.42857142857144,0.0,202512,202607,0.0,1.0,0.0,0.0,22.0,18.0,3.0,11.0,41.0,15.0,0.0,1.0,9.0,9.0,52.0,0.0,0.0,60.0,60.0,6.666666666666667,,총괄표제부_보완,336,21,6.25,387.0,387.0,22.0,360500000.0,5891442.74814331,22.0,84,213,201,498,193619,2.572061626183381,30,7456770000,1.8,79.0,23.233404710920773,15.853658536585366,43.39378238341969,34.41558441558442,51.32275132275132,91.91542288557214,11.772486772486772,,73.98373983739837,52.25016875834254,26.101604096313753,49.72550227908396,낮음,주의,0,,,,,영등포구 공식 피해·보증사고 배경지표 상위 | 최근 36개월 추정 전세가율 70.8% | 20년 이상 주거건물 비중 60.0%,seoul-dong-v1.0,서울 법정동 시장·건물구조 상대위험,"전세사기 발생확률이 아니며, 공식 동별 피해집계가 없는 지역의 피해 건수를 추정하지 않습니다.",2026-07,2025-12
1114017100,11140,중림동,중구,874.0,252.0,11.0,120.0,64.69855974015287,42.5,10.0,874.0,562.0,64.30205949656751,3.0,24.0,-1.4088549801138124,1.4088549801138124,71.0,38.0,86.8421052631579,0.0,202607,202607,75.0,21.0,312.0,89.0,183.0,37.0,304.0,105.0,34.0,21.0,0.0,0.0,0.0,0.0,1401.0,1290.0,0.0,0.0,0.0,0.0,1.086046511627907,총괄표제부_보완,482,57,11.825726141078837,3341.0,3341.0,147.0,421000000.0,3353432.7726647626,147.0,2,10,7,19,63882,0.2974233743464512,2,350000000,0.4,18.0,50.96359743040685,86.1788617886179,43.39378238341969,76.94805194805194,13.492063492063492,47.51243781094527,11.772486772486772,60.92896174863388,59.891598915989164,66.13418482519442,27.414074330387038,49.23402947771342,낮음,주의,0,,,,,80% 이상 매칭 비중 42.5% | 최근 매매 단가 하락 신호 1.4% | 최근 36개월 추정 전세가율 64.7%,seoul-dong-v1.0,서울 법정동 시장·건물구조 상대위험,"전세사기 발생확률이 아니며, 공식 동별 피해집계가 없는 지역의 피해 건수를 추정하지 않습니다.",2026-07,2026-07
1111012000,11110,신문로1가,종로구,7.0,56.0,,,,,,7.0,0.0,0.0,1.0,5.0,-8.337345617650039,8.337345617650039,5.0,10.0,-50.0,50.0,202606,202606,0.0,0.0,7.0,3.0,0.0,0.0,0.0,53.0,,,,,,,,,,,,,,,56,2,3.571428571428571,700.0,700.0,,,,,5,14,15,34,72503,0.46894611257465213,3,527000000,1.0,40.0,12.205567451820128,,94.81865284974094,91.88311688311688,,1.4925373134328357,,,,66.89596156795689,12.205567451820128,49.18896880372916,낮음,주의,0,,,,,최근 매매 단가 하락 신호 8.3% | 종로구 공식 피해·보증사고 배경지표 상위,seoul-dong-v1.0,서울 법정동 시장·건물구조 상대위험,"전세사기 발생확률이 아니며, 공식 동별 피해집계가 없는 지역의 피해 건수를 추정하지 않습니다.",2026-06,2026-06
1117012500,11170,한강로2가,용산구,1750.0,765.0,15.0,297.0,66.48913226121653,39.05723905723906,0.0,1750.0,1326.0,75.77142857142857,9.0,81.0,-2.0547202416838846,2.0547202416838846,164.0,85.0,92.94117647058823,0.0,202607,202607,2.0,8.0,424.0,106.0,220.0,78.0,1104.0,573.0,7.0,2.0,0.0,0.0,0.0,0.0,1232.0,1215.0,0.0,0.0,0.0,0.0,1.013991769547325,총괄표제부_보완,553,42,7.59493670886076,9801.0,9801.0,62.0,742500000.0,13348306.759989124,62.0,1,1,2,4,101982,0.03922260791120002,5,1290000000,0.7,18.0,29.336188436830835,84.5528455284553,43.39378238341969,78.8961038961039,13.492063492063492,57.2139303482587,11.772486772486772,56.01092896174863,62.601626016260155,68.07404864620132,22.350887613639046,49.13215109113055,낮음,주의,0,,,,,80% 이상 매칭 비중 39.1% | 최근 매매 단가 하락 신호 2.1% | 최근 36개월 추정 전세가율 66.5%,seoul-dong-v1.0,서울 법정동 시장·건물구조 상대위험,"전세사기 발생확률이 아니며, 공식 동별 피해집계가 없는 지역의 피해 건수를 추정하지 않습니다.",2026-07,2026-07
1171010600,11710,삼전동,송파구,7119.0,1956.0,18.0,633.0,56.41433292897746,0.315955766192733,0.0,7119.0,6961.0,97.78058716111813,10.0,293.0,15.082090848551614,0.0,426.0,319.0,33.54231974921631,0.0,202607,202607,730.0,27.0,158.0,51.0,6070.0,1838.0,161.0,40.0,1937.0,1652.0,1050.0,172.0,1202.0,441.0,14471.0,11978.0,63.559322033898304,72.76029055690073,26.69491525423729,10.411622276029057,1.2081315745533479,표제부,1934,297,15.356773526370219,12091.0,12091.0,494.0,1332500000.0,3249660.754748506,494.0,23,69,106,198,289693,0.6834821690548271,16,3253500000,0.8,36.0,66.16702355460386,32.24932249322493,43.39378238341969,34.41558441558442,66.4021164021164,77.86069651741293,94.44444444444444,66.39344262295081,37.94037940379404,40.526267937244775,77.57072798267028,49.108442758014434,높음,주의,0,,,,,비아파트 건물 비중 63.6% | 20년 이상 주거건물 비중 72.8% | 최근 36개월 추정 전세가율 56.4%,seoul-dong-v1.0,서울 법정동 시장·건물구조 상대위험,"전세사기 발생확률이 아니며, 공식 동별 피해집계가 없는 지역의 피해 건수를 추정하지 않습니다.",2026-07,2026-07
1129012800,11290,보문동6가,성북구,782.0,346.0,6.0,173.0,56.850979326429695,2.8901734104046244,1.7341040462427744,782.0,205.0,26.214833759590796,,,,,104.0,6.0,1633.3333333333333,0.0,202607,202607,139.0,15.0,577.0,281.0,66.0,50.0,0.0,0.0,415.0,389.0,163.0,71.0,285.0,247.0,2504.0,495.0,41.90231362467866,73.26478149100257,63.49614395886889,18.251928020565554,5.058585858585858,표제부,415,83,20.0,1829.0,1829.0,279.0,348000000.0,2204288.1233437727,279.0,92,123,56,271,199807,1.3563088380286978,5,1445500000,0.8,48.0,84.36830835117773,39.295392953929536,43.39378238341969,,67.72486772486772,17.66169154228856,73.80952380952381,96.17486338797814,39.56639566395664,37.359945760748076,77.75491763345872,49.05469686481352,높음,주의,0,,,,,비아파트 건물 비중 41.9% | 20년 이상 주거건물 비중 73.3% | 성북구 공식 피해·보증사고 배경지표 상위,seoul-dong-v1.0,서울 법정동 시장·건물구조 상대위험,"전세사기 발생확률이 아니며, 공식 동별 피해집계가 없는 지역의 피해 건수를 추정하지 않습니다.",2026-07,2026-07
1174010100,11740,명일동,강동구,7213.0,2059.0,23.0,836.0,49.504191010358696,13.75598086124402,4.425837320574163,7213.0,2064.0,28.615000693192844,10.0,96.0,7.342274858610612,0.0,549.0,153.0,258.8235294117647,0.0,202607,202607,323.0,39.0,5149.0,1346.0,931.0,440.0,810.0,234.0,967.0,766.0,325.0,312.0,606.0,480.0,14192.0,8068.0,42.42819843342037,79.11227154046998,62.66318537859008,40.73107049608355,1.759048091224591,표제부,968,326,33.67768595041322,16202.0,16202.0,446.0,696500000.0,2610241.0086461455,446.0,61,79,101,241,223649,1.0775813886938908,13,2727500000,1.1,52.0,99.14346895074947,60.97560975609756,43.39378238341969,34.41558441558442,77.77777777777779,19.65174129353234,74.33862433862434,80.87431693989072,20.59620596205962,34.94927485388111,81.13973551102768,49.05449879008558,높음,주의,0,,,,,20년 이상 주거건물 비중 79.1% | 비아파트 건물 비중 42.4% | 80% 이상 매칭 비중 13.8%,seoul-dong-v1.0,서울 법정동 시장·건물구조 상대위험,"전세사기 발생확률이 아니며, 공식 동별 피해집계가 없는 지역의 피해 건수를 추정하지 않습니다.",2026-07,2026-07
1153011100,11530,천왕동,구로구,2405.0,272.0,6.0,126.0,50.05915470843363,19.047619047619047,19.047619047619047,2405.0,123.0,5.114345114345115,3.0,12.0,-11.108127574008718,11.108127574008718,86.0,19.0,352.6315789473684,0.0,202607,202607,1.0,3.0,2282.0,185.0,13.0,19.0,109.0,65.0,291.0,230.0,24.0,18.0,17.0,17.0,6369.0,1673.0,10.434782608695652,7.391304347826087,7.391304347826087,7.82608695652174,3.806933652121937,표제부,293,12,4.09556313993174,6970.0,6970.0,22.0,277500000.0,3902442.2811438506,22.0,183,209,135,527,185143,2.8464484209502925,21,4129400000,2.1,86.0,14.5610278372591,67.75067750677508,43.39378238341969,94.8051948051948,30.687830687830687,6.467661691542288,32.01058201058201,93.16939890710383,21.138211382113823,44.599877557814715,37.36380587970787,49.00087800461579,높음,주의,0,,,,,최근 매매 단가 하락 신호 11.1% | 구로구 공식 피해·보증사고 배경지표 상위 | 80% 이상 매칭 비중 19.0%,seoul-dong-v1.0,서울 법정동 시장·건물구조 상대위험,"전세사기 발생확률이 아니며, 공식 동별 피해집계가 없는 지역의 피해 건수를 추정하지 않습니다.",2026-07,2026-07
1111018000,11110,교북동,종로구,222.0,100.0,4.0,50.0,62.82618191931562,22.0,0.0,222.0,55.0,24.774774774774773,1.0,5.0,0.4283038076052792,0.0,43.0,5.0,760.0,0.0,202607,202606,3.0,0.0,167.0,69.0,0.0,0.0,52.0,31.0,1.0,1.0,1.0,1.0,0.0,0.0,182.0,301.0,100.0,0.0,0.0,100.0,0.6046511627906976,총괄표제부_보완,44,2,4.545454545454546,404.0,404.0,3.0,635000000.0,8730922.59040286,3.0,5,14,15,34,72503,0.46894611257465213,3,527000000,1.0,40.0,15.738758029978586,72.35772357723577,43.39378238341969,34.41558441558442,13.492063492063492,16.169154228855724,98.80952380952381,31.967213114754102,53.116531165311656,50.45467468399882,50.83965897003423,48.982719552907845,낮음,주의,0,,,,,비아파트 건물 비중 100.0% | 80% 이상 매칭 비중 22.0% | 최근 36개월 추정 전세가율 62.8%,seoul-dong-v1.0,서울 법정동 시장·건물구조 상대위험,"전세사기 발생확률이 아니며, 공식 동별 피해집계가 없는 지역의 피해 건수를 추정하지 않습니다.",2026-06,2026-07
1144012300,11440,망원동,마포구,7207.0,2698.0,19.0,857.0,63.45376647487485,0.0,0.0,7207.0,5882.0,81.61509643402248,8.0,215.0,8.474924909757055,0.0,536.0,230.0,133.04347826086956,0.0,202607,202607,950.0,123.0,1325.0,584.0,4932.0,1991.0,0.0,0.0,2832.0,2425.0,1468.0,741.0,1912.0,1504.0,16256.0,10270.0,60.5360824742268,78.84536082474227,62.02061855670104,30.556701030927837,1.5828627069133399,표제부,2824,403,14.270538243626063,12678.0,12678.0,1362.0,632000000.0,3294121.473686855,1362.0,44,86,34,164,180580,0.908184738066231,4,760000000,0.3,24.0,61.24197002141327,15.853658536585366,43.39378238341969,34.41558441558442,76.71957671957672,62.93532338308457,92.85714285714286,78.14207650273224,55.55555555555556,41.98088509535666,80.29245680244382,48.861645257824954,높음,주의,0,,,,,비아파트 건물 비중 60.5% | 20년 이상 주거건물 비중 78.8% | 최근 36개월 추정 전세가율 63.5%,seoul-dong-v1.0,서울 법정동 시장·건물구조 상대위험,"전세사기 발생확률이 아니며, 공식 동별 피해집계가 없는 지역의 피해 건수를 추정하지 않습니다.",2026-07,2026-07
1121510500,11215,자양동,광진구,16887.0,5225.0,46.0,1443.0,48.72800602534614,5.2668052668052665,4.781704781704782,16887.0,12023.0,71.19677858707881,29.0,582.0,22.28644970311458,0.0,1231.0,736.0,67.25543478260869,0.0,202607,202607,3226.0,425.0,4864.0,1483.0,8205.0,2967.0,592.0,350.0,6055.0,5445.0,2455.0,1514.0,4401.0,3667.0,35649.0,24099.0,45.08723599632691,80.82644628099173,67.34618916437098,27.80532598714417,1.4792729988796216,표제부,6068,1575,25.95583388266315,30219.0,30219.0,4027.0,613000000.0,3095416.9797145003,4027.0,26,44,64,134,172165,0.7783231202625389,10,2350000000,1.4,54.0,94.21841541755889,44.44444444444444,43.39378238341969,34.41558441558442,82.01058201058201,52.736318407960205,79.1005291005291,75.40983606557377,19.241192411924118,33.582935817356415,82.298015636205,48.8242653994651,높음,주의,0,,,,,20년 이상 주거건물 비중 80.8% | 비아파트 건물 비중 45.1% | 광진구 공식 피해·보증사고 배경지표 상위,seoul-dong-v1.0,서울 법정동 시장·건물구조 상대위험,"전세사기 발생확률이 아니며, 공식 동별 피해집계가 없는 지역의 피해 건수를 추정하지 않습니다.",2026-07,2026-07
1171010400,11710,송파동,송파구,8718.0,2330.0,23.0,990.0,56.084437624863185,1.8181818181818181,0.7070707070707071,8718.0,6533.0,74.93691213581096,11.0,177.0,13.042198008289189,0.0,638.0,187.0,241.17647058823528,0.0,202607,202607,479.0,62.0,2185.0,684.0,5911.0,1518.0,143.0,66.0,2088.0,1670.0,970.0,293.0,1095.0,536.0,17965.0,13786.0,58.08383233532935,65.5688622754491,32.09580838323353,17.54491017964072,1.3031336138111127,표제부,2087,490,23.478677527551508,17291.0,17291.0,549.0,1113000000.0,3628470.3612391464,549.0,23,69,106,198,289693,0.6834821690548271,16,3253500000,0.8,36.0,91.43468950749465,36.449864498644985,43.39378238341969,34.41558441558442,55.82010582010582,56.21890547263681,91.53439153439153,69.67213114754098,36.58536585365854,38.870218914067976,79.30654064241314,48.548766509044064,높음,주의,0,,,,,비아파트 건물 비중 58.1% | 20년 이상 주거건물 비중 65.6% | 최근 36개월 추정 전세가율 56.1%,seoul-dong-v1.0,서울 법정동 시장·건물구조 상대위험,"전세사기 발생확률이 아니며, 공식 동별 피해집계가 없는 지역의 피해 건수를 추정하지 않습니다.",2026-07,2026-07
1147010100,11470,신정동,양천구,24507.0,7245.0,44.0,1628.0,46.87674602651009,4.238329238329238,0.7371007371007371,24507.0,7479.0,30.51781123760558,22.0,490.0,14.336195511280824,0.0,1803.0,709.0,154.30183356840618,0.0,202607,202607,1637.0,202.0,17028.0,3802.0,4666.0,2636.0,1176.0,605.0,5666.0,4706.0,2079.0,1118.0,3696.0,2592.0,63373.0,33435.0,44.17764555886103,78.53803654908627,55.07862303442413,23.756906077348066,1.895409002542246,표제부,5667,1061,18.722428092465147,63041.0,63041.0,2599.0,451000000.0,2265941.5653657494,2599.0,126,138,90,354,179105,1.9764942352251471,18,4477000000,1.8,77.0,79.65738758029978,42.00542005420054,43.39378238341969,34.41558441558442,76.19047619047619,20.398009950248756,77.77777777777779,82.78688524590164,15.989159891598916,28.43853586589421,78.50824046167537,48.24018163495536,높음,주의,0,,,,,비아파트 건물 비중 44.2% | 양천구 공식 피해·보증사고 배경지표 상위 | 20년 이상 주거건물 비중 78.5%,seoul-dong-v1.0,서울 법정동 시장·건물구조 상대위험,"전세사기 발생확률이 아니며, 공식 동별 피해집계가 없는 지역의 피해 건수를 추정하지 않습니다.",2026-07,2026-07
1159010700,11590,사당동,동작구,17273.0,5403.0,34.0,1346.0,51.18987420268027,1.337295690936107,1.337295690936107,17273.0,10703.0,61.963758466971576,25.0,472.0,20.756950691174787,0.0,1570.0,500.0,214.0,0.0,202607,202607,5653.0,340.0,6570.0,2203.0,4893.0,2747.0,157.0,113.0,6217.0,5490.0,2647.0,1282.0,4145.0,3322.0,36292.0,17025.0,48.21493624772313,75.5009107468124,60.510018214936245,23.35154826958106,2.131688693098385,표제부,6217,1280,20.58870838024771,28388.0,28388.0,3741.0,595000000.0,3027027.027027027,3734.0,188,392,394,974,188064,5.179087970052748,5,1111000000,0.6,55.0,85.86723768736617,35.230352303523034,43.39378238341969,34.41558441558442,71.6931216931217,44.776119402985074,82.53968253968253,86.33879781420765,24.661246612466126,32.65141456184535,81.06342064875781,48.10670389929666,높음,주의,0,,,,,비아파트 건물 비중 48.2% | 20년 이상 주거건물 비중 75.5% | 동작구 공식 피해·보증사고 배경지표 상위,seoul-dong-v1.0,서울 법정동 시장·건물구조 상대위험,"전세사기 발생확률이 아니며, 공식 동별 피해집계가 없는 지역의 피해 건수를 추정하지 않습니다.",2026-07,2026-07
1138011400,11380,진관동,은평구,8446.0,2346.0,13.0,671.0,66.98544426113831,30.700447093889714,28.315946348733235,8446.0,1586.0,18.77811982003315,5.0,135.0,1.6578559345481076,0.0,604.0,136.0,344.11764705882354,0.0,202607,202607,57.0,11.0,6860.0,1427.0,92.0,36.0,1437.0,872.0,79.0,54.0,3.0,10.0,2.0,1.0,17272.0,25908.0,5.555555555555555,3.7037037037037033,1.8518518518518516,18.51851851851852,0.6666666666666666,총괄표제부_보완,1530,110,7.18954248366013,23817.0,23817.0,255.0,731000000.0,3612647.9317040998,255.0,135,182,100,417,214777,1.9415486760686664,6,1752000000,0.6,45.0,27.194860813704498,81.57181571815718,43.39378238341969,34.41558441558442,28.04232804232804,12.189054726368159,26.455026455026452,35.24590163934426,64.49864498644986,56.91303329743569,28.31845000123513,47.9774324787702,보통,주의,0,,,,,80% 이상 매칭 비중 30.7% | 최근 36개월 추정 전세가율 67.0% | 은평구 공식 피해·보증사고 배경지표 상위,seoul-dong-v1.0,서울 법정동 시장·건물구조 상대위험,"전세사기 발생확률이 아니며, 공식 동별 피해집계가 없는 지역의 피해 건수를 추정하지 않습니다.",2026-07,2026-07
1111018500,11110,홍지동,종로구,130.0,35.0,3.0,9.0,71.8030122915572,0.0,0.0,130.0,130.0,100.0,,,,,6.0,8.0,-25.0,25.0,202607,202606,69.0,11.0,0.0,0.0,52.0,24.0,9.0,0.0,17.0,8.0,0.0,1.0,0.0,0.0,23.0,483.0,0.0,0.0,0.0,12.5,0.047619047619047616,총괄표제부_보완,340,31,9.117647058823529,288.0,288.0,174.0,541500000.0,3599618.3358489545,174.0,5,14,15,34,72503,0.46894611257465213,3,527000000,1.0,40.0,37.47323340471092,15.853658536585366,89.50777202072538,,13.492063492063492,91.91542288557214,11.772486772486772,8.19672131147541,77.50677506775068,62.48052253161926,16.806165459674077,47.68985488389007,낮음,주의,0,,,,,최근 36개월 추정 전세가율 71.8% | 종로구 공식 피해·보증사고 배경지표 상위 | 80% 이상 매칭 비중 0.0%,seoul-dong-v1.0,서울 법정동 시장·건물구조 상대위험,"전세사기 발생확률이 아니며, 공식 동별 피해집계가 없는 지역의 피해 건수를 추정하지 않습니다.",2026-06,2026-07
1114016800,11140,순화동,중구,303.0,129.0,7.0,44.0,74.50845273287011,25.0,15.909090909090908,303.0,69.0,22.772277227722775,,,,,19.0,7.0,171.42857142857144,0.0,202607,202607,0.0,0.0,234.0,86.0,0.0,0.0,69.0,43.0,5.0,4.0,0.0,0.0,0.0,0.0,14.0,0.0,0.0,0.0,0.0,0.0,,총괄표제부_보완,61,5,8.19672131147541,1486.0,1486.0,,,,,2,10,7,19,63882,0.2974233743464512,2,350000000,0.4,18.0,32.54817987152035,76.42276422764228,43.39378238341969,,13.492063492063492,14.676616915422885,11.772486772486772,,81.84281842818429,67.8233627741983,17.166643007429002,47.685678416376234,낮음,주의,0,,,,,최근 36개월 추정 전세가율 74.5% | 80% 이상 매칭 비중 25.0% | 중구 공식 피해·보증사고 배경지표 상위,seoul-dong-v1.0,서울 법정동 시장·건물구조 상대위험,"전세사기 발생확률이 아니며, 공식 동별 피해집계가 없는 지역의 피해 건수를 추정하지 않습니다.",2026-07,2026-07
1117010500,11170,남영동,용산구,39.0,10.0,,,,,,39.0,39.0,100.0,,,,,1.0,1.0,0.0,-0.0,202607,202601,22.0,6.0,0.0,0.0,17.0,4.0,0.0,0.0,5.0,3.0,0.0,3.0,0.0,0.0,5.0,0.0,0.0,0.0,0.0,100.0,,총괄표제부_보완,394,32,8.121827411167512,247.0,247.0,92.0,506500000.0,10736958.391661465,91.0,1,1,2,4,101982,0.03922260791120002,5,1290000000,0.7,18.0,32.33404710920771,,43.39378238341969,,13.492063492063492,91.91542288557214,11.772486772486772,,,67.65460263449592,17.116258828061323,47.57182628771288,낮음,주의,0,,,,,용산구 공식 피해·보증사고 배경지표 상위 | 20년 이상 주거건물 비중 0.0% | 비아파트 건물 비중 0.0%,seoul-dong-v1.0,서울 법정동 시장·건물구조 상대위험,"전세사기 발생확률이 아니며, 공식 동별 피해집계가 없는 지역의 피해 건수를 추정하지 않습니다.",2026-01,2026-07
1111012900,11110,견지동,종로구,18.0,32.0,1.0,2.0,78.49293563579276,0.0,0.0,18.0,12.0,66.66666666666666,,,,,3.0,5.0,-40.0,40.0,202507,202607,0.0,0.0,6.0,9.0,0.0,0.0,12.0,23.0,8.0,3.0,0.0,0.0,0.0,0.0,4.0,16.0,0.0,0.0,0.0,0.0,0.25,총괄표제부_보완,79,4,5.063291139240507,232.0,232.0,1.0,413000000.0,8923941.227312014,1.0,5,14,15,34,72503,0.46894611257465213,3,527000000,1.0,40.0,18.201284796573873,15.853658536585366,92.35751295336787,,13.492063492063492,49.875621890547265,11.772486772486772,16.80327868852459,88.88888888888889,63.22621608716872,14.242759344604044,47.49641948845225,낮음,주의,0,,,,,최근 36개월 추정 전세가율 78.5% | 종로구 공식 피해·보증사고 배경지표 상위 | 80% 이상 매칭 비중 0.0%,seoul-dong-v1.0,서울 법정동 시장·건물구조 상대위험,"전세사기 발생확률이 아니며, 공식 동별 피해집계가 없는 지역의 피해 건수를 추정하지 않습니다.",2026-07,2025-07
1159010800,11590,대방동,동작구,4741.0,1866.0,18.0,640.0,55.42879744528612,5.9375,3.28125,4741.0,2941.0,62.03332630246783,8.0,148.0,10.477787827103631,0.0,432.0,188.0,129.78723404255322,0.0,202607,202607,1303.0,89.0,1800.0,846.0,1541.0,860.0,97.0,71.0,1772.0,1479.0,616.0,296.0,1029.0,733.0,13210.0,47755.0,41.64976335361731,69.5740365111562,49.560513860716696,20.013522650439487,0.27662024918856665,표제부,1771,296,16.713721061547147,11754.0,11754.0,813.0,569000000.0,2891633.913531724,812.0,188,392,394,974,188064,5.179087970052748,5,1111000000,0.6,55.0,72.1627408993576,46.070460704607044,43.39378238341969,34.41558441558442,61.904761904761905,45.024875621890544,72.75132275132276,18.579234972677597,34.959349593495936,39.50555847641882,61.79615300249274,47.402373336474476,높음,주의,0,,,,,비아파트 건물 비중 41.6% | 20년 이상 주거건물 비중 69.6% | 동작구 공식 피해·보증사고 배경지표 상위,seoul-dong-v1.0,서울 법정동 시장·건물구조 상대위험,"전세사기 발생확률이 아니며, 공식 동별 피해집계가 없는 지역의 피해 건수를 추정하지 않습니다.",2026-07,2026-07
1156011200,11560,당산동2가,영등포구,1077.0,368.0,6.0,147.0,56.58450967906092,0.0,0.0,1077.0,372.0,34.540389972144844,2.0,5.0,-0.8351264877594875,0.8351264877594875,90.0,17.0,429.4117647058823,0.0,202607,202607,70.0,15.0,705.0,241.0,30.0,14.0,272.0,98.0,15.0,9.0,1.0,1.0,1.0,0.0,1835.0,1205.0,11.11111111111111,11.11111111111111,0.0,11.11111111111111,1.5228215767634854,총괄표제부_보완,244,73,29.918032786885245,4210.0,4210.0,122.0,327500000.0,2164708.05834255,122.0,84,213,201,498,193619,2.572061626183381,30,7456770000,1.8,79.0,97.85867237687366,15.853658536585366,43.39378238341969,74.35064935064936,33.2010582010582,22.63681592039801,33.33333333333333,76.50273224043715,38.75338753387534,37.22042688067565,52.680742195038185,47.35244167716494,낮음,주의,0,,,,,영등포구 공식 피해·보증사고 배경지표 상위 | 최근 매매 단가 하락 신호 0.8% | 최근 36개월 추정 전세가율 56.6%,seoul-dong-v1.0,서울 법정동 시장·건물구조 상대위험,"전세사기 발생확률이 아니며, 공식 동별 피해집계가 없는 지역의 피해 건수를 추정하지 않습니다.",2026-07,2026-07
1144012600,11440,중동,마포구,1169.0,518.0,13.0,276.0,56.21642966608883,0.7246376811594203,0.0,1169.0,501.0,42.857142857142854,5.0,16.0,-0.2400326661752199,0.2400326661752199,158.0,49.0,222.44897959183675,0.0,202607,202607,85.0,7.0,668.0,302.0,416.0,209.0,0.0,0.0,334.0,292.0,144.0,52.0,257.0,184.0,3568.0,719.0,49.31506849315068,88.01369863013699,63.013698630136986,17.80821917808219,4.962447844228095,표제부,334,27,8.08383233532934,3339.0,3339.0,138.0,613500000.0,2900206.562157941,138.0,44,86,34,164,180580,0.908184738066231,4,760000000,0.3,24.0,31.905781584582442,32.79132791327913,43.39378238341969,70.45454545454545,92.32804232804233,29.601990049751244,83.06878306878306,95.62841530054644,36.856368563685635,40.808138465292956,77.03494242152226,47.34361868455634,높음,주의,0,,,,,20년 이상 주거건물 비중 88.0% | 비아파트 건물 비중 49.3% | 최근 매매 단가 하락 신호 0.2%,seoul-dong-v1.0,서울 법정동 시장·건물구조 상대위험,"전세사기 발생확률이 아니며, 공식 동별 피해집계가 없는 지역의 피해 건수를 추정하지 않습니다.",2026-07,2026-07
1111013700,11110,낙원동,종로구,28.0,29.0,,,,,,28.0,5.0,17.857142857142858,1.0,4.0,-0.716803914712294,0.716803914712294,4.0,6.0,-33.333333333333336,33.333333333333336,202606,202603,1.0,2.0,23.0,0.0,0.0,0.0,4.0,27.0,2.0,1.0,0.0,0.0,0.0,0.0,1.0,0.0,0.0,0.0,0.0,0.0,,총괄표제부_보완,202,19,9.405940594059405,931.0,931.0,17.0,420000000.0,9103726.082578046,17.0,5,14,15,34,72503,0.46894611257465213,3,527000000,1.0,40.0,39.400428265524624,,90.93264248704664,73.37662337662337,13.492063492063492,11.442786069651742,11.772486772486772,,,60.69724674903812,18.778936747194713,47.11308223622155,낮음,주의,0,,,,,최근 매매 단가 하락 신호 0.7% | 종로구 공식 피해·보증사고 배경지표 상위 | 20년 이상 주거건물 비중 0.0%,seoul-dong-v1.0,서울 법정동 시장·건물구조 상대위험,"전세사기 발생확률이 아니며, 공식 동별 피해집계가 없는 지역의 피해 건수를 추정하지 않습니다.",2026-03,2026-06
1129013700,11290,상월곡동,성북구,925.0,454.0,12.0,214.0,57.29310001751802,3.7383177570093453,3.7383177570093453,925.0,555.0,60.0,4.0,13.0,5.632645875150534,0.0,134.0,42.0,219.04761904761907,0.0,202607,202607,339.0,46.0,370.0,273.0,216.0,135.0,0.0,0.0,837.0,753.0,254.0,121.0,663.0,571.0,3737.0,57640.0,33.731739707835324,88.04780876494024,75.83001328021248,16.06905710491368,0.06483344899375433,표제부,837,154,18.39904420549582,2375.0,2375.0,623.0,302000000.0,2254552.4617015123,623.0,92,123,56,271,199807,1.3563088380286978,5,1445500000,0.8,48.0,78.80085653104925,41.19241192411924,43.39378238341969,34.41558441558442,92.5925925925926,42.78606965174129,57.936507936507944,9.289617486338798,39.83739837398374,40.01338519647707,63.476365251912,47.077122430864236,높음,주의,0,,,,,20년 이상 주거건물 비중 88.0% | 비아파트 건물 비중 33.7% | 성북구 공식 피해·보증사고 배경지표 상위,seoul-dong-v1.0,서울 법정동 시장·건물구조 상대위험,"전세사기 발생확률이 아니며, 공식 동별 피해집계가 없는 지역의 피해 건수를 추정하지 않습니다.",2026-07,2026-07
1129011100,11290,삼선동1가,성북구,445.0,141.0,10.0,46.0,50.48138589280439,0.0,0.0,445.0,445.0,100.0,5.0,11.0,-7.020082035543754,7.020082035543754,35.0,27.0,29.629629629629626,0.0,202607,202607,331.0,66.0,0.0,0.0,114.0,75.0,0.0,0.0,814.0,751.0,218.0,70.0,631.0,577.0,1689.0,612.0,29.027962716378163,84.02130492676432,76.83089214380826,9.320905459387484,2.7598039215686274,표제부,813,75,9.22509225092251,405.0,405.0,659.0,256000000.0,2322031.1746745943,658.0,92,123,56,271,199807,1.3563088380286978,5,1445500000,0.8,48.0,38.11563169164882,15.853658536585366,43.39378238341969,90.25974025974025,86.24338624338624,91.91542288557214,50.0,89.89071038251366,22.76422764227642,40.138987256917126,62.667579456553376,46.95028721828862,높음,주의,0,,,,,최근 매매 단가 하락 신호 7.0% | 20년 이상 주거건물 비중 84.0% | 비아파트 건물 비중 29.0%,seoul-dong-v1.0,서울 법정동 시장·건물구조 상대위험,"전세사기 발생확률이 아니며, 공식 동별 피해집계가 없는 지역의 피해 건수를 추정하지 않습니다.",2026-07,2026-07
1111010800,11110,통인동,종로구,65.0,27.0,,,,,,65.0,55.0,84.61538461538461,,,,,3.0,3.0,0.0,-0.0,202602,202604,34.0,21.0,10.0,2.0,21.0,4.0,0.0,0.0,1.0,0.0,0.0,0.0,0.0,0.0,0.0,4.0,,,,,0.0,총괄표제부_보완,289,37,12.802768166089965,186.0,186.0,162.0,375500000.0,6910878.222048259,162.0,5,14,15,34,72503,0.46894611257465213,3,527000000,1.0,40.0,54.17558886509636,,43.39378238341969,,,65.17412935323384,,1.912568306010929,,54.283955868326764,31.777151482631176,46.51466139165385,낮음,주의,0,,,,,종로구 공식 피해·보증사고 배경지표 상위,seoul-dong-v1.0,서울 법정동 시장·건물구조 상대위험,"전세사기 발생확률이 아니며, 공식 동별 피해집계가 없는 지역의 피해 건수를 추정하지 않습니다.",2026-04,2026-02
1120010200,11200,하왕십리동,성동구,5084.0,1685.0,18.0,511.0,60.57978002205424,11.937377690802348,11.937377690802348,5084.0,1165.0,22.915027537372147,6.0,29.0,-1.3749817225216572,1.3749817225216572,450.0,56.0,703.5714285714287,0.0,202607,202607,532.0,54.0,3919.0,1396.0,332.0,39.0,301.0,196.0,1187.0,1034.0,283.0,138.0,860.0,740.0,12605.0,5530.0,27.36943907156673,83.17214700193423,71.56673114119923,13.346228239845262,2.279385171790235,표제부,1181,78,6.604572396274344,12119.0,12119.0,570.0,358500000.0,2559364.369538869,570.0,4,9,12,25,133771,0.1868865449163122,1,300000000,0.2,10.0,24.411134903640257,58.536585365853654,43.39378238341969,76.62337662337663,84.65608465608466,14.925373134328357,47.883597883597886,87.43169398907104,46.883468834688344,50.71295592062005,58.31444139654902,46.50638390150928,높음,주의,0,,,,,20년 이상 주거건물 비중 83.2% | 최근 매매 단가 하락 신호 1.4% | 80% 이상 매칭 비중 11.9%,seoul-dong-v1.0,서울 법정동 시장·건물구조 상대위험,"전세사기 발생확률이 아니며, 공식 동별 피해집계가 없는 지역의 피해 건수를 추정하지 않습니다.",2026-07,2026-07
1165010200,11650,양재동,서초구,9510.0,2815.0,26.0,766.0,56.431004637143864,9.26892950391645,9.26892950391645,9510.0,7580.0,79.70557308096741,11.0,293.0,10.14099563523263,0.0,459.0,333.0,37.83783783783783,0.0,202607,202607,1144.0,28.0,1930.0,257.0,6212.0,2152.0,224.0,378.0,2865.0,1785.0,678.0,536.0,1402.0,987.0,15820.0,35867.0,37.983193277310924,78.54341736694678,55.294117647058826,30.028011204481793,0.4410739677140547,표제부,2862,513,17.92452830188679,16148.0,16148.0,857.0,972000000.0,3687389.5109015913,857.0,3,10,16,29,173895,0.16676730210759366,5,1573500000,0.8,26.0,76.87366167023555,52.84552845528455,43.39378238341969,34.41558441558442,76.45502645502646,60.69651741293532,65.34391534391534,24.316939890710383,38.21138211382114,44.067302601322766,64.27359606897642,46.40878057803776,높음,주의,0,,,,,20년 이상 주거건물 비중 78.5% | 비아파트 건물 비중 38.0% | 80% 이상 매칭 비중 9.3%,seoul-dong-v1.0,서울 법정동 시장·건물구조 상대위험,"전세사기 발생확률이 아니며, 공식 동별 피해집계가 없는 지역의 피해 건수를 추정하지 않습니다.",2026-07,2026-07
1138010300,11380,불광동,은평구,10561.0,4389.0,35.0,1045.0,53.991759371730424,2.8708133971291865,2.200956937799043,10561.0,7930.0,75.08758640280277,12.0,391.0,3.375149677474479,0.0,1001.0,417.0,140.04796163069545,0.0,202607,202607,1793.0,229.0,2631.0,1126.0,5837.0,2890.0,300.0,144.0,128.0,93.0,52.0,20.0,22.0,17.0,8054.0,7365.0,55.91397849462365,23.655913978494624,18.27956989247312,21.50537634408602,1.093550577053632,총괄표제부_보완,5298,703,13.269158172895432,23145.0,23145.0,2711.0,408000000.0,2326732.673267327,2710.0,135,182,100,417,214777,1.9415486760686664,6,1752000000,0.6,45.0,56.53104925053534,39.02439024390244,43.39378238341969,34.41558441558442,41.269841269841265,56.71641791044776,89.68253968253968,61.47540983606557,32.24932249322493,37.82918424998999,66.71799751599309,46.127009928992265,보통,주의,0,,,,,비아파트 건물 비중 55.9% | 은평구 공식 피해·보증사고 배경지표 상위 | 20년 이상 주거건물 비중 23.7%,seoul-dong-v1.0,서울 법정동 시장·건물구조 상대위험,"전세사기 발생확률이 아니며, 공식 동별 피해집계가 없는 지역의 피해 건수를 추정하지 않습니다.",2026-07,2026-07
1156013200,11560,신길동,영등포구,15241.0,4404.0,44.0,1310.0,54.10645652759448,11.603053435114504,10.916030534351146,15241.0,7759.0,50.908733022767535,28.0,259.0,13.531634178695683,0.0,1401.0,290.0,383.10344827586204,0.0,202607,202607,4096.0,513.0,7482.0,2400.0,2783.0,1259.0,880.0,232.0,332.0,261.0,20.0,15.0,15.0,5.0,19698.0,19339.0,7.662835249042145,5.747126436781609,1.9157088122605364,5.747126436781609,1.0185635244842028,총괄표제부_보완,8636,1206,13.96479851783233,28766.0,28766.0,5698.0,445000000.0,2805419.6891196184,5698.0,84,213,201,498,193619,2.572061626183381,30,7456770000,1.8,79.0,59.52890792291221,57.72357723577236,43.39378238341969,34.41558441558442,29.365079365079367,35.57213930348259,28.57142857142857,56.284153005464475,33.06233062330624,40.714756389293484,39.11824580524338,46.058415284886934,높음,주의,0,,,,,영등포구 공식 피해·보증사고 배경지표 상위 | 80% 이상 매칭 비중 11.6% | 최근 매매 단가 하락 신호 0.0%,seoul-dong-v1.0,서울 법정동 시장·건물구조 상대위험,"전세사기 발생확률이 아니며, 공식 동별 피해집계가 없는 지역의 피해 건수를 추정하지 않습니다.",2026-07,2026-07
1111017200,11110,명륜4가,종로구,100.0,44.0,1.0,3.0,64.72622712754207,0.0,0.0,100.0,100.0,100.0,,,,,3.0,18.0,-83.33333333333334,83.33333333333334,202604,202606,45.0,12.0,0.0,0.0,55.0,32.0,0.0,0.0,12.0,3.0,0.0,0.0,0.0,0.0,7.0,0.0,0.0,0.0,0.0,0.0,,총괄표제부_보완,322,55,17.080745341614907,194.0,194.0,125.0,396000000.0,4427227.4488101825,125.0,5,14,15,34,72503,0.46894611257465213,3,527000000,1.0,40.0,73.01927194860814,15.853658536585366,97.15025906735751,,13.492063492063492,91.91542288557214,11.772486772486772,,60.16260162601627,55.21767468217155,26.689252907920242,45.80291803628299,낮음,주의,0,,,,,최근 36개월 추정 전세가율 64.7% | 종로구 공식 피해·보증사고 배경지표 상위 | 80% 이상 매칭 비중 0.0%,seoul-dong-v1.0,서울 법정동 시장·건물구조 상대위험,"전세사기 발생확률이 아니며, 공식 동별 피해집계가 없는 지역의 피해 건수를 추정하지 않습니다.",2026-06,2026-04
1150011300,11500,오쇠동,강서구,,,,,,,,,,,,,,,,,,,,,,,,,,,,,73.0,6.0,0.0,2.0,1.0,1.0,5.0,460.0,0.0,16.666666666666664,16.666666666666664,33.33333333333333,0.010869565217391304,표제부,73,2,2.73972602739726,,,2.0,166950000.0,4805691.55860852,2.0,614,585,428,1627,274577,5.925478099039614,84,18031270000,2.9,94.0,8.779443254817988,,,,36.64021164021164,,11.772486772486772,5.46448087431694,,,16.444608401158757,45.527880250724216,낮음,주의,0,,,,,강서구 공식 피해·보증사고 배경지표 상위 | 20년 이상 주거건물 비중 16.7% | 비아파트 건물 비중 0.0%,seoul-dong-v1.0,서울 법정동 시장·건물구조 상대위험,"전세사기 발생확률이 아니며, 공식 동별 피해집계가 없는 지역의 피해 건수를 추정하지 않습니다.",,
1159010200,11590,상도동,동작구,17800.0,7647.0,37.0,1256.0,54.25120941232464,1.5127388535031847,1.2738853503184715,17800.0,11309.0,63.533707865168545,14.0,583.0,14.661401730425153,0.0,1750.0,793.0,120.68095838587642,0.0,202607,202607,4671.0,411.0,6491.0,2389.0,6601.0,4841.0,37.0,6.0,7099.0,6453.0,2691.0,930.0,4257.0,3243.0,44241.0,56789.0,41.701534170153415,65.96931659693166,50.2556950255695,14.411901441190144,0.7790417158252478,표제부,7101,962,13.547387691874386,36282.0,36282.0,3536.0,529000000.0,2734197.960722983,3534.0,188,392,394,974,188064,5.179087970052748,5,1111000000,0.6,55.0,58.2441113490364,35.77235772357724,43.39378238341969,34.41558441558442,56.613756613756614,47.01492537313433,73.28042328042328,40.43715846994536,33.60433604336043,36.588032286231545,61.180004505907554,45.497820498215816,높음,주의,0,,,,,비아파트 건물 비중 41.7% | 20년 이상 주거건물 비중 66.0% | 동작구 공식 피해·보증사고 배경지표 상위,seoul-dong-v1.0,서울 법정동 시장·건물구조 상대위험,"전세사기 발생확률이 아니며, 공식 동별 피해집계가 없는 지역의 피해 건수를 추정하지 않습니다.",2026-07,2026-07
1120011400,11200,성수동1가,성동구,5498.0,1251.0,30.0,491.0,53.609261471278586,12.219959266802444,10.590631364562118,5498.0,2689.0,48.908694070571116,12.0,54.0,-2.4320185473668343,2.4320185473668343,269.0,95.0,183.1578947368421,0.0,202607,202607,970.0,120.0,2809.0,701.0,1240.0,214.0,479.0,216.0,2430.0,1621.0,551.0,445.0,1450.0,1269.0,12808.0,22716.0,33.99136335595311,89.45095619987661,78.28500925354719,27.45219000616903,0.5638316605036098,표제부,2432,309,12.705592105263158,14259.0,14259.0,1138.0,774500000.0,4955085.472781087,1138.0,4,9,12,25,133771,0.1868865449163122,1,300000000,0.2,10.0,53.53319057815846,58.80758807588076,43.39378238341969,81.81818181818183,95.23809523809523,33.582089552238806,58.201058201058196,29.78142076502732,31.16531165311653,47.13833614650993,62.263798320332874,45.34895126798917,높음,주의,0,,,,,20년 이상 주거건물 비중 89.5% | 최근 매매 단가 하락 신호 2.4% | 80% 이상 매칭 비중 12.2%,seoul-dong-v1.0,서울 법정동 시장·건물구조 상대위험,"전세사기 발생확률이 아니며, 공식 동별 피해집계가 없는 지역의 피해 건수를 추정하지 않습니다.",2026-07,2026-07
1153011000,11530,온수동,구로구,1255.0,642.0,13.0,298.0,44.15986979030014,0.0,0.0,1255.0,894.0,71.23505976095618,5.0,56.0,7.180320159772896,0.0,153.0,68.0,125.0,0.0,202607,202607,67.0,0.0,361.0,184.0,827.0,458.0,0.0,0.0,448.0,297.0,181.0,50.0,161.0,117.0,3771.0,1347.0,60.94276094276094,54.20875420875421,39.39393939393939,16.835016835016837,2.799554565701559,표제부,442,51,11.538461538461538,3461.0,3461.0,68.0,318000000.0,2189755.2267428692,65.0,183,209,135,527,185143,2.8464484209502925,21,4129400000,2.1,86.0,49.143468950749465,15.853658536585366,43.39378238341969,34.41558441558442,49.735449735449734,52.98507462686567,93.12169312169311,90.43715846994536,11.924119241192411,23.533285693989505,73.07680724318138,45.289173227189046,높음,주의,0,,,,,비아파트 건물 비중 60.9% | 구로구 공식 피해·보증사고 배경지표 상위 | 20년 이상 주거건물 비중 54.2%,seoul-dong-v1.0,서울 법정동 시장·건물구조 상대위험,"전세사기 발생확률이 아니며, 공식 동별 피해집계가 없는 지역의 피해 건수를 추정하지 않습니다.",2026-07,2026-07
1168011200,11680,자곡동,강남구,4769.0,1639.0,14.0,461.0,56.77147967970316,29.934924078091107,25.379609544468547,4769.0,2087.0,43.76179492556091,5.0,117.0,-0.7500190738016659,0.7500190738016659,320.0,129.0,148.06201550387595,0.0,202607,202607,33.0,14.0,2682.0,517.0,85.0,37.0,1969.0,1071.0,16.0,13.0,2.0,1.0,1.0,0.0,9520.0,10617.0,15.384615384615385,7.6923076923076925,0.0,7.6923076923076925,0.8966751436375624,총괄표제부_보완,566,45,7.950530035335689,14580.0,14580.0,176.0,1667000000.0,7587413.553639547,176.0,11,30,27,68,244779,0.27780160879814036,5,1585000000,0.6,21.0,31.47751605995717,80.75880758807588,43.39378238341969,74.02597402597402,30.952380952380953,30.34825870646766,38.492063492063494,49.18032786885246,39.295392953929536,54.38595929147563,36.807473027239936,44.98344383169536,낮음,주의,0,,,,,80% 이상 매칭 비중 29.9% | 최근 매매 단가 하락 신호 0.8% | 최근 36개월 추정 전세가율 56.8%,seoul-dong-v1.0,서울 법정동 시장·건물구조 상대위험,"전세사기 발생확률이 아니며, 공식 동별 피해집계가 없는 지역의 피해 건수를 추정하지 않습니다.",2026-07,2026-07
1111016300,11110,종로5가,종로구,71.0,15.0,1.0,11.0,77.10146944046471,0.0,0.0,71.0,71.0,100.0,1.0,2.0,0.902527075812265,0.0,2.0,2.0,0.0,-0.0,202507,202604,0.0,2.0,0.0,0.0,0.0,0.0,71.0,13.0,2.0,0.0,0.0,0.0,0.0,0.0,1.0,0.0,,,,,,총괄표제부_보완,502,24,4.780876494023905,738.0,738.0,14.0,231000000.0,5407984.437741114,14.0,5,14,15,34,72503,0.46894611257465213,3,527000000,1.0,40.0,17.558886509635975,15.853658536585366,43.39378238341969,34.41558441558442,,91.91542288557214,,,86.99186991869918,57.453420790862864,17.558886509635975,44.86177410192671,낮음,주의,0,,,,,최근 36개월 추정 전세가율 77.1% | 종로구 공식 피해·보증사고 배경지표 상위 | 최근 매매 단가 하락 신호 0.0%,seoul-dong-v1.0,서울 법정동 시장·건물구조 상대위험,"전세사기 발생확률이 아니며, 공식 동별 피해집계가 없는 지역의 피해 건수를 추정하지 않습니다.",2026-04,2025-07
1150011200,11500,오곡동,강서구,,,,,,,,,,,,,,,,,,,,,,,,,,,,,62.0,11.0,0.0,0.0,2.0,2.0,13.0,1615.0,0.0,18.181818181818183,18.181818181818183,0.0,0.00804953560371517,표제부,62,0,0.0,,,2.0,417500000.0,5126850.791226507,2.0,614,585,428,1627,274577,5.925478099039614,84,18031270000,2.9,94.0,3.1049250535331905,,,,37.301587301587304,,11.772486772486772,4.644808743169399,,,15.352097856573582,44.84506116035849,낮음,주의,0,,,,,강서구 공식 피해·보증사고 배경지표 상위 | 20년 이상 주거건물 비중 18.2% | 비아파트 건물 비중 0.0%,seoul-dong-v1.0,서울 법정동 시장·건물구조 상대위험,"전세사기 발생확률이 아니며, 공식 동별 피해집계가 없는 지역의 피해 건수를 추정하지 않습니다.",,
1123010700,11230,청량리동,동대문구,2374.0,905.0,32.0,413.0,47.638309539913266,10.16949152542373,9.685230024213075,2374.0,1426.0,60.06739679865206,13.0,56.0,20.621837411120623,0.0,300.0,163.0,84.04907975460122,0.0,202607,202607,658.0,207.0,948.0,338.0,317.0,250.0,451.0,110.0,2022.0,1634.0,351.0,257.0,1233.0,1110.0,8332.0,6383.0,21.481028151774787,75.45899632802937,67.93145654834761,15.728274173806609,1.305342315525615,표제부,2021,267,13.211281543790204,7311.0,7311.0,1246.0,317000000.0,3005727.058478607,1246.0,27,275,201,503,180852,2.781279720434388,9,2033690000,1.0,66.0,56.3169164882227,55.55555555555556,43.39378238341969,34.41558441558442,71.16402116402116,43.03482587064676,42.06349206349206,69.94535519125684,17.344173441734416,34.63175675332696,56.37158869273517,44.77195122517997,높음,주의,0,,,,,20년 이상 주거건물 비중 75.5% | 동대문구 공식 피해·보증사고 배경지표 상위 | 80% 이상 매칭 비중 10.2%,seoul-dong-v1.0,서울 법정동 시장·건물구조 상대위험,"전세사기 발생확률이 아니며, 공식 동별 피해집계가 없는 지역의 피해 건수를 추정하지 않습니다.",2026-07,2026-07
1130510100,11305,미아동,강북구,11960.0,6931.0,37.0,1197.0,53.45537652317057,0.7518796992481203,0.7518796992481203,11960.0,7261.0,60.71070234113712,23.0,412.0,4.2708565840718276,0.0,1532.0,525.0,191.80952380952382,0.0,202607,202607,3281.0,765.0,4699.0,2859.0,3891.0,3191.0,89.0,116.0,11620.0,10282.0,2627.0,1194.0,9069.0,7903.0,52621.0,304233.0,25.54950398755106,88.20268430266485,76.86247811709784,11.612526745769305,0.17296282783261513,표제부,11651,1849,15.869882413526737,38501.0,38501.0,8192.0,279000000.0,2251688.044244591,8191.0,63,67,57,187,142815,1.30938626894934,6,1365000000,1.5,64.0,68.95074946466809,33.33333333333333,43.39378238341969,34.41558441558442,92.85714285714286,43.78109452736319,46.56084656084656,14.754098360655737,30.62330623306233,34.46248117997422,57.841888985656325,44.73796095439861,높음,주의,0,,,,,20년 이상 주거건물 비중 88.2% | 강북구 공식 피해·보증사고 배경지표 상위 | 비아파트 건물 비중 25.5%,seoul-dong-v1.0,서울 법정동 시장·건물구조 상대위험,"전세사기 발생확률이 아니며, 공식 동별 피해집계가 없는 지역의 피해 건수를 추정하지 않습니다.",2026-07,2026-07
1111011100,11110,옥인동,종로구,206.0,85.0,4.0,19.0,67.75259208865012,0.0,0.0,206.0,205.0,99.51456310679612,1.0,2.0,20.893700621923127,0.0,16.0,9.0,77.77777777777777,0.0,202607,202606,85.0,38.0,1.0,2.0,120.0,45.0,0.0,0.0,2.0,0.0,0.0,0.0,0.0,0.0,0.0,0.0,,,,,,총괄표제부_보완,419,39,9.307875894988067,385.0,385.0,261.0,410000000.0,5597057.80944719,260.0,5,14,15,34,72503,0.46894611257465213,3,527000000,1.0,40.0,38.75802997858672,15.853658536585366,43.39378238341969,34.41558441558442,,83.08457711442786,,,66.39566395663957,48.33185382892459,38.75802997858672,44.68861979200143,낮음,주의,0,,,,,최근 36개월 추정 전세가율 67.8% | 종로구 공식 피해·보증사고 배경지표 상위 | 최근 매매 단가 하락 신호 0.0%,seoul-dong-v1.0,서울 법정동 시장·건물구조 상대위험,"전세사기 발생확률이 아니며, 공식 동별 피해집계가 없는 지역의 피해 건수를 추정하지 않습니다.",2026-06,2026-07
1135010500,11350,상계동,노원구,26612.0,10295.0,34.0,1346.0,54.0682514001788,5.720653789004458,3.3432392273402676,26612.0,3999.0,15.027055463700586,18.0,269.0,3.0098023954648045,0.0,3424.0,290.0,1080.689655172414,0.0,202607,202607,1510.0,181.0,22613.0,7808.0,2223.0,1915.0,266.0,391.0,5811.0,4634.0,2068.0,1010.0,4130.0,3253.0,84666.0,20531.0,44.62667242123435,89.12386706948641,70.19853258523953,21.79542511868796,4.123812770931762,표제부,5802,1118,19.26921751120303,81177.0,81177.0,2790.0,286000000.0,1758679.7225123232,2766.0,2,11,9,22,217498,0.10115035540556695,6,1396750000,0.6,15.0,81.37044967880087,45.52845528455284,43.39378238341969,34.41558441558442,94.70899470899471,10.945273631840797,78.57142857142857,93.98907103825137,32.79132791327913,35.09488825031357,85.47827069731798,44.676500624517644,높음,주의,0,,,,,20년 이상 주거건물 비중 89.1% | 비아파트 건물 비중 44.6% | 80% 이상 매칭 비중 5.7%,seoul-dong-v1.0,서울 법정동 시장·건물구조 상대위험,"전세사기 발생확률이 아니며, 공식 동별 피해집계가 없는 지역의 피해 건수를 추정하지 않습니다.",2026-07,2026-07
1153011200,11530,항동,구로구,963.0,460.0,10.0,265.0,60.553118211044534,0.0,0.0,963.0,229.0,23.779854620976117,2.0,6.0,16.276078170680595,0.0,200.0,15.0,1233.3333333333335,0.0,202607,202607,39.0,0.0,734.0,376.0,190.0,84.0,0.0,0.0,371.0,300.0,75.0,29.0,49.0,21.0,6194.0,2579.0,25.0,16.333333333333332,7.000000000000001,9.666666666666666,2.4017060876308647,표제부,371,28,7.547169811320755,7347.0,7347.0,34.0,749500000.0,2258668.857419215,34.0,183,209,135,527,185143,2.8464484209502925,21,4129400000,2.1,86.0,29.1220556745182,15.853658536585366,43.39378238341969,34.41558441558442,36.24338624338625,15.422885572139302,44.97354497354497,88.52459016393442,46.612466124661246,33.65240554190441,46.15336420975835,44.62978437758223,높음,주의,0,,,,,구로구 공식 피해·보증사고 배경지표 상위 | 최근 36개월 추정 전세가율 60.6% | 비아파트 건물 비중 25.0%,seoul-dong-v1.0,서울 법정동 시장·건물구조 상대위험,"전세사기 발생확률이 아니며, 공식 동별 피해집계가 없는 지역의 피해 건수를 추정하지 않습니다.",2026-07,2026-07
1159010100,11590,노량진동,동작구,4492.0,1670.0,36.0,826.0,43.687713757952274,14.043583535108958,10.290556900726394,4492.0,3048.0,67.8539626001781,24.0,158.0,8.914152720612178,0.0,441.0,263.0,67.68060836501901,0.0,202607,202607,1553.0,400.0,1444.0,619.0,959.0,465.0,536.0,186.0,2997.0,2456.0,778.0,368.0,1913.0,1749.0,12553.0,6809.0,31.677524429967423,77.89087947882736,71.21335504885994,14.983713355048861,1.8435893670142458,표제부,2995,336,11.218697829716193,9869.0,9869.0,1750.0,721000000.0,4123542.764223825,1748.0,188,392,394,974,188064,5.179087970052748,5,1111000000,0.6,55.0,48.17987152034261,61.517615176151764,43.39378238341969,34.41558441558442,75.39682539682539,51.243781094527364,54.4973544973545,81.4207650273224,11.38211382113821,34.5583433326256,62.497237206315035,44.60931530115411,높음,주의,0,,,,,20년 이상 주거건물 비중 77.9% | 80% 이상 매칭 비중 14.0% | 동작구 공식 피해·보증사고 배경지표 상위,seoul-dong-v1.0,서울 법정동 시장·건물구조 상대위험,"전세사기 발생확률이 아니며, 공식 동별 피해집계가 없는 지역의 피해 건수를 추정하지 않습니다.",2026-07,2026-07
1111013300,11110,익선동,종로구,77.0,128.0,3.0,30.0,68.09152271543579,6.666666666666667,6.666666666666667,77.0,14.0,18.181818181818183,2.0,9.0,6.6375691511813635,0.0,26.0,9.0,188.88888888888889,0.0,202607,202607,4.0,1.0,63.0,78.0,0.0,0.0,10.0,49.0,1.0,0.0,0.0,0.0,0.0,0.0,0.0,0.0,,,,,,총괄표제부_보완,237,21,8.860759493670885,780.0,780.0,43.0,458000000.0,8680555.555555556,43.0,5,14,15,34,72503,0.46894611257465213,3,527000000,1.0,40.0,35.54603854389722,47.696476964769644,43.39378238341969,34.41558441558442,,11.940298507462686,,,67.20867208672087,49.50333382730666,35.54603854389722,44.5885099323583,낮음,주의,0,,,,,최근 36개월 추정 전세가율 68.1% | 80% 이상 매칭 비중 6.7% | 종로구 공식 피해·보증사고 배경지표 상위,seoul-dong-v1.0,서울 법정동 시장·건물구조 상대위험,"전세사기 발생확률이 아니며, 공식 동별 피해집계가 없는 지역의 피해 건수를 추정하지 않습니다.",2026-07,2026-07
1120010100,11200,상왕십리동,성동구,718.0,187.0,8.0,106.0,60.09949605564158,20.754716981132077,8.49056603773585,718.0,191.0,26.6016713091922,2.0,5.0,-8.547833881369758,8.547833881369758,43.0,7.0,514.2857142857143,0.0,202607,202606,0.0,0.0,527.0,156.0,0.0,0.0,191.0,31.0,112.0,86.0,2.0,1.0,57.0,56.0,1556.0,562.0,2.3255813953488373,66.27906976744185,65.11627906976744,1.1627906976744187,2.7686832740213525,표제부,112,2,1.7857142857142856,1780.0,1780.0,,,,,4,9,12,25,133771,0.1868865449163122,1,300000000,0.2,10.0,7.922912205567452,71.00271002710026,43.39378238341969,92.20779220779221,56.87830687830689,18.1592039800995,24.33862433862434,90.1639344262295,44.44444444444444,55.5149227520736,39.06419906007437,44.57500341626275,보통,주의,0,,,,,최근 매매 단가 하락 신호 8.5% | 80% 이상 매칭 비중 20.8% | 20년 이상 주거건물 비중 66.3%,seoul-dong-v1.0,서울 법정동 시장·건물구조 상대위험,"전세사기 발생확률이 아니며, 공식 동별 피해집계가 없는 지역의 피해 건수를 추정하지 않습니다.",2026-06,2026-07
1135010600,11350,중계동,노원구,12273.0,4765.0,27.0,885.0,58.43078507804263,4.971751412429379,4.971751412429379,12273.0,883.0,7.194654933594068,14.0,59.0,-0.656444650835397,0.656444650835397,1507.0,92.0,1538.0434782608695,0.0,202607,202607,131.0,76.0,11390.0,4131.0,559.0,340.0,193.0,218.0,1484.0,1102.0,217.0,133.0,953.0,719.0,40904.0,9125.0,19.691470054446462,86.47912885662433,65.24500907441016,12.068965517241379,4.482630136986302,표제부,1243,158,12.711182622687048,42585.0,42585.0,217.0,278000000.0,1847147.9500891264,216.0,2,11,9,22,217498,0.10115035540556695,6,1396750000,0.6,15.0,53.747323340471084,43.90243902439025,43.39378238341969,73.05194805194806,91.005291005291,7.960199004975125,41.53439153439153,94.80874316939891,41.19241192411924,43.54576487237695,64.33585550858342,44.461422800572024,높음,주의,0,,,,,20년 이상 주거건물 비중 86.5% | 최근 매매 단가 하락 신호 0.7% | 80% 이상 매칭 비중 5.0%,seoul-dong-v1.0,서울 법정동 시장·건물구조 상대위험,"전세사기 발생확률이 아니며, 공식 동별 피해집계가 없는 지역의 피해 건수를 추정하지 않습니다.",2026-07,2026-07
1141011100,11410,홍제동,서대문구,6841.0,2902.0,23.0,893.0,54.22899353248075,0.0,0.0,6841.0,2477.0,36.208156702236515,6.0,83.0,4.004520465119215,0.0,990.0,101.0,880.1980198019802,0.0,202607,202607,871.0,113.0,4364.0,1932.0,1516.0,855.0,90.0,2.0,3130.0,2726.0,831.0,502.0,2307.0,1959.0,22591.0,11721.0,30.48422597212032,84.62949376375643,71.8635363169479,18.415260454878943,1.9273952734408326,표제부,3146,525,16.687857596948504,19567.0,19567.0,1645.0,374000000.0,2422783.3837012756,1645.0,31,109,60,200,147178,1.3588987484542527,7,1682000000,1.2,62.0,71.94860813704497,15.853658536585366,43.39378238341969,34.41558441558442,87.83068783068782,24.875621890547265,52.64550264550265,83.60655737704919,33.33333333333333,29.286026057214034,69.94657824983939,44.358260196788265,높음,주의,0,,,,,20년 이상 주거건물 비중 84.6% | 서대문구 공식 피해·보증사고 배경지표 상위 | 비아파트 건물 비중 30.5%,seoul-dong-v1.0,서울 법정동 시장·건물구조 상대위험,"전세사기 발생확률이 아니며, 공식 동별 피해집계가 없는 지역의 피해 건수를 추정하지 않습니다.",2026-07,2026-07
1120010600,11200,사근동,성동구,853.0,151.0,8.0,66.0,61.42158987267411,6.0606060606060606,6.0606060606060606,853.0,724.0,84.87690504103166,3.0,12.0,19.85328794538502,0.0,39.0,31.0,25.806451612903224,0.0,202607,202607,491.0,31.0,129.0,48.0,233.0,72.0,0.0,0.0,758.0,708.0,258.0,79.0,666.0,606.0,2726.0,5172.0,36.440677966101696,94.0677966101695,85.59322033898306,11.158192090395481,0.5270688321732405,표제부,758,42,5.540897097625329,1410.0,1410.0,543.0,327000000.0,2428857.715430862,543.0,4,9,12,25,133771,0.1868865449163122,1,300000000,0.2,10.0,19.914346895074946,46.476964769647694,43.39378238341969,34.41558441558442,97.61904761904762,65.4228855721393,62.698412698412696,27.86885245901639,49.32249322493225,47.39224294027839,57.64732423199443,44.34717682216564,높음,주의,0,,,,,20년 이상 주거건물 비중 94.1% | 비아파트 건물 비중 36.4% | 최근 36개월 추정 전세가율 61.4%,seoul-dong-v1.0,서울 법정동 시장·건물구조 상대위험,"전세사기 발생확률이 아니며, 공식 동별 피해집계가 없는 지역의 피해 건수를 추정하지 않습니다.",2026-07,2026-07
1165010100,11650,방배동,서초구,15965.0,4742.0,51.0,1506.0,54.28587850760347,7.50332005312085,4.847277556440903,15965.0,10711.0,67.0905104917006,15.0,451.0,8.71635262754975,0.0,1078.0,507.0,112.62327416173572,0.0,202607,202607,2027.0,198.0,5254.0,1684.0,8390.0,2630.0,294.0,230.0,5438.0,4230.0,1754.0,948.0,2945.0,1838.0,35040.0,62322.0,41.46572104018912,69.62174940898345,43.451536643026,22.411347517730494,0.5622412631173582,표제부,5432,1024,18.851251840942563,32616.0,32616.0,2011.0,1311000000.0,4650877.408270954,2011.0,3,10,16,29,173895,0.16676730210759366,5,1573500000,0.8,26.0,79.87152034261243,49.59349593495935,43.39378238341969,34.41558441558442,62.16931216931217,50.49751243781094,71.16402116402116,29.508196721311474,33.87533875338754,40.49997662955558,64.40847008465572,44.302103498897274,높음,주의,0,,,,,비아파트 건물 비중 41.5% | 20년 이상 주거건물 비중 69.6% | 80% 이상 매칭 비중 7.5%,seoul-dong-v1.0,서울 법정동 시장·건물구조 상대위험,"전세사기 발생확률이 아니며, 공식 동별 피해집계가 없는 지역의 피해 건수를 추정하지 않습니다.",2026-07,2026-07
1141011000,11410,북아현동,서대문구,4627.0,1629.0,32.0,536.0,40.94770300926946,5.410447761194029,5.410447761194029,4627.0,1749.0,37.79987032634536,16.0,91.0,12.66460161877162,0.0,435.0,108.0,302.77777777777777,0.0,202607,202607,797.0,230.0,2878.0,952.0,858.0,392.0,94.0,55.0,2259.0,1992.0,693.0,325.0,1674.0,1453.0,10997.0,5279.0,34.78915662650602,84.03614457831326,72.9417670682731,16.315261044176708,2.083159689335101,표제부,2270,423,18.634361233480178,8349.0,8349.0,1344.0,452000000.0,3307816.6330409553,1342.0,31,109,60,200,147178,1.3588987484542527,7,1682000000,1.2,62.0,79.44325481798715,44.71544715447154,43.39378238341969,34.41558441558442,86.5079365079365,26.119402985074625,59.523809523809526,84.97267759562843,8.94308943089431,26.869753760162705,74.07106053944963,43.939617390960024,높음,주의,0,,,,,20년 이상 주거건물 비중 84.0% | 서대문구 공식 피해·보증사고 배경지표 상위 | 비아파트 건물 비중 34.8%,seoul-dong-v1.0,서울 법정동 시장·건물구조 상대위험,"전세사기 발생확률이 아니며, 공식 동별 피해집계가 없는 지역의 피해 건수를 추정하지 않습니다.",2026-07,2026-07
1117011200,11170,원효로1가,용산구,2922.0,413.0,18.0,177.0,61.920650777091154,24.293785310734464,23.163841807909606,2922.0,2318.0,79.32922655715264,4.0,26.0,23.335813055787675,0.0,85.0,49.0,73.46938775510203,0.0,202607,202607,201.0,29.0,604.0,93.0,1623.0,173.0,494.0,118.0,8.0,8.0,1.0,3.0,0.0,0.0,1453.0,1606.0,12.5,0.0,0.0,37.5,0.9047322540473225,총괄표제부_보완,716,79,11.033519553072626,3672.0,3672.0,333.0,462000000.0,4078903.3767970577,333.0,1,1,2,4,101982,0.03922260791120002,5,1290000000,0.7,18.0,47.32334047109208,74.79674796747967,43.39378238341969,34.41558441558442,13.492063492063492,60.19900497512438,34.523809523809526,50.54644808743169,50.40650406504065,54.38340501607825,34.22917498987285,43.887336757115165,낮음,주의,0,,,,,80% 이상 매칭 비중 24.3% | 최근 36개월 추정 전세가율 61.9% | 비아파트 건물 비중 12.5%,seoul-dong-v1.0,서울 법정동 시장·건물구조 상대위험,"전세사기 발생확률이 아니며, 공식 동별 피해집계가 없는 지역의 피해 건수를 추정하지 않습니다.",2026-07,2026-07
1150010400,11500,가양동,강서구,8417.0,2338.0,18.0,542.0,47.15438003812906,5.904059040590406,5.904059040590406,8417.0,2110.0,25.06831412617322,3.0,46.0,14.407482703005801,0.0,796.0,59.0,1249.1525423728813,0.0,202607,202607,40.0,7.0,6307.0,1798.0,578.0,120.0,1492.0,413.0,570.0,374.0,84.0,74.0,286.0,212.0,20423.0,53329.0,22.459893048128343,76.47058823529412,56.68449197860963,19.786096256684495,0.3829623656922125,표제부,570,66,11.578947368421053,24239.0,24239.0,71.0,497000000.0,2542242.7035330264,71.0,614,585,428,1627,274577,5.925478099039614,84,18031270000,2.9,94.0,49.46466809421842,45.799457994579946,43.39378238341969,34.41558441558442,73.28042328042328,16.417910447761194,42.857142857142854,22.131147540983605,16.802168021680217,29.314238652772826,48.67556871295419,43.85743536990224,높음,주의,0,,,,,강서구 공식 피해·보증사고 배경지표 상위 | 20년 이상 주거건물 비중 76.5% | 80% 이상 매칭 비중 5.9%,seoul-dong-v1.0,서울 법정동 시장·건물구조 상대위험,"전세사기 발생확률이 아니며, 공식 동별 피해집계가 없는 지역의 피해 건수를 추정하지 않습니다.",2026-07,2026-07
1156011000,11560,여의도동,영등포구,5063.0,2092.0,32.0,850.0,52.48735932344841,15.411764705882353,15.411764705882353,5063.0,1441.0,28.46138652972546,12.0,199.0,17.44825120859057,0.0,460.0,217.0,111.98156682027651,0.0,202607,202607,0.0,0.0,3622.0,945.0,0.0,0.0,1441.0,1147.0,36.0,18.0,1.0,1.0,1.0,1.0,7734.0,8733.0,5.555555555555555,5.555555555555555,5.555555555555555,5.555555555555555,0.8856063208519409,총괄표제부_보완,386,39,10.103626943005182,25129.0,25129.0,,,,,84,213,201,498,193619,2.572061626183381,30,7456770000,1.8,79.0,43.0406852248394,64.22764227642277,43.39378238341969,34.41558441558442,28.835978835978835,19.402985074626866,26.455026455026452,48.36065573770492,28.72628726287263,38.989439882397065,33.65324069662891,43.656974103595466,낮음,주의,0,,,,,영등포구 공식 피해·보증사고 배경지표 상위 | 80% 이상 매칭 비중 15.4% | 최근 매매 단가 하락 신호 0.0%,seoul-dong-v1.0,서울 법정동 시장·건물구조 상대위험,"전세사기 발생확률이 아니며, 공식 동별 피해집계가 없는 지역의 피해 건수를 추정하지 않습니다.",2026-07,2026-07
1171010700,11710,가락동,송파구,13725.0,4379.0,33.0,1233.0,56.555726437449714,4.94728304947283,4.37956204379562,13725.0,4666.0,33.99635701275046,13.0,228.0,10.872235167146718,0.0,1115.0,258.0,332.1705426356589,0.0,202607,202607,542.0,42.0,9059.0,2630.0,3928.0,1208.0,196.0,499.0,2432.0,1792.0,674.0,471.0,1080.0,744.0,29947.0,60345.0,37.611607142857146,60.26785714285714,41.517857142857146,26.283482142857146,0.49626315353384703,표제부,2417,637,26.354985519238728,32703.0,32703.0,708.0,749500000.0,2952570.939656453,706.0,23,69,106,198,289693,0.6834821690548271,16,3253500000,0.8,36.0,94.64668094218416,43.63143631436314,43.39378238341969,34.41558441558442,51.587301587301596,21.890547263681594,64.55026455026454,26.50273224043716,38.482384823848236,37.991583635177875,61.62167724143362,43.60036949146513,높음,주의,0,,,,,비아파트 건물 비중 37.6% | 20년 이상 주거건물 비중 60.3% | 80% 이상 매칭 비중 4.9%,seoul-dong-v1.0,서울 법정동 시장·건물구조 상대위험,"전세사기 발생확률이 아니며, 공식 동별 피해집계가 없는 지역의 피해 건수를 추정하지 않습니다.",2026-07,2026-07
1144010700,11440,마포동,마포구,508.0,271.0,12.0,89.0,54.4028545113748,6.741573033707865,0.0,508.0,240.0,47.24409448818898,3.0,13.0,38.11142308433111,0.0,57.0,34.0,67.64705882352942,0.0,202607,202607,67.0,4.0,268.0,118.0,156.0,55.0,17.0,94.0,178.0,127.0,50.0,37.0,92.0,60.0,1440.0,1328.0,39.37007874015748,72.44094488188976,47.24409448818898,29.133858267716533,1.0843373493975903,표제부,178,31,17.415730337078653,2447.0,2447.0,62.0,568000000.0,3337793.3051061775,62.0,44,86,34,164,180580,0.908184738066231,4,760000000,0.3,24.0,74.51820128479658,48.23848238482385,43.39378238341969,34.41558441558442,65.60846560846561,32.83582089552239,67.46031746031747,60.65573770491803,34.146341463414636,38.503455171803694,67.3882442989404,43.549134177817315,높음,주의,0,,,,,비아파트 건물 비중 39.4% | 20년 이상 주거건물 비중 72.4% | 80% 이상 매칭 비중 6.7%,seoul-dong-v1.0,서울 법정동 시장·건물구조 상대위험,"전세사기 발생확률이 아니며, 공식 동별 피해집계가 없는 지역의 피해 건수를 추정하지 않습니다.",2026-07,2026-07
1144010400,11440,도화동,마포구,3679.0,1566.0,27.0,749.0,54.91069045943195,21.2283044058745,3.6048064085447264,3679.0,1318.0,35.824952432726285,10.0,122.0,4.18570443933028,0.0,412.0,166.0,148.19277108433738,0.0,202607,202607,307.0,53.0,2361.0,815.0,405.0,69.0,606.0,629.0,909.0,672.0,199.0,164.0,477.0,353.0,10887.0,8045.0,29.613095238095237,70.98214285714286,52.529761904761905,24.404761904761905,1.3532628962088253,표제부,910,86,9.45054945054945,11938.0,11938.0,403.0,520000000.0,3892080.6578799146,403.0,44,86,34,164,180580,0.908184738066231,4,760000000,0.3,24.0,39.61456102783726,71.27371273712737,43.39378238341969,34.41558441558442,63.227513227513235,24.378109452736318,51.05820105820106,72.1311475409836,34.417344173441734,43.524892699611804,54.97274306687373,43.458121386485516,높음,주의,0,,,,,80% 이상 매칭 비중 21.2% | 20년 이상 주거건물 비중 71.0% | 비아파트 건물 비중 29.6%,seoul-dong-v1.0,서울 법정동 시장·건물구조 상대위험,"전세사기 발생확률이 아니며, 공식 동별 피해집계가 없는 지역의 피해 건수를 추정하지 않습니다.",2026-07,2026-07
1114011300,11140,북창동,중구,14.0,4.0,1.0,2.0,77.89473684210526,0.0,0.0,14.0,14.0,100.0,,,,,1.0,1.0,0.0,-0.0,202502,202601,2.0,2.0,0.0,0.0,0.0,0.0,12.0,2.0,8.0,4.0,0.0,0.0,0.0,0.0,3.0,0.0,0.0,0.0,0.0,0.0,,총괄표제부_보완,149,8,5.369127516778524,147.0,147.0,6.0,196500000.0,3697417.6814131658,6.0,2,10,7,19,63882,0.2974233743464512,2,350000000,0.4,18.0,19.48608137044968,15.853658536585366,43.39378238341969,,13.492063492063492,91.91542288557214,11.772486772486772,,88.07588075880759,62.029044075963014,14.093208066000606,43.44072846207796,낮음,주의,0,,,,,최근 36개월 추정 전세가율 77.9% | 중구 공식 피해·보증사고 배경지표 상위 | 80% 이상 매칭 비중 0.0%,seoul-dong-v1.0,서울 법정동 시장·건물구조 상대위험,"전세사기 발생확률이 아니며, 공식 동별 피해집계가 없는 지역의 피해 건수를 추정하지 않습니다.",2026-01,2025-02
1144011400,11440,창전동,마포구,1785.0,636.0,14.0,227.0,59.11453272911541,9.251101321585903,9.251101321585903,1785.0,679.0,38.03921568627451,6.0,19.0,18.92557219575743,0.0,175.0,27.0,548.1481481481482,0.0,202607,202607,280.0,22.0,1106.0,474.0,373.0,121.0,26.0,19.0,692.0,532.0,205.0,129.0,391.0,262.0,6330.0,14338.0,38.53383458646616,73.49624060150376,49.24812030075188,24.24812030075188,0.44148416794532014,표제부,691,90,13.024602026049203,5572.0,5572.0,282.0,594500000.0,3674790.7591680493,282.0,44,86,34,164,180580,0.908184738066231,4,760000000,0.3,24.0,55.46038543897216,52.574525745257446,43.39378238341969,34.41558441558442,68.25396825396825,26.368159203980102,65.87301587301587,24.59016393442623,42.00542005420054,42.08433127907223,58.19330009065679,43.39892379010754,높음,주의,0,,,,,20년 이상 주거건물 비중 73.5% | 비아파트 건물 비중 38.5% | 80% 이상 매칭 비중 9.3%,seoul-dong-v1.0,서울 법정동 시장·건물구조 상대위험,"전세사기 발생확률이 아니며, 공식 동별 피해집계가 없는 지역의 피해 건수를 추정하지 않습니다.",2026-07,2026-07
1144011500,11440,상수동,마포구,1362.0,523.0,15.0,193.0,52.65900007598317,7.253886010362693,3.1088082901554404,1362.0,904.0,66.37298091042585,6.0,22.0,16.614092500887047,0.0,127.0,37.0,243.24324324324326,0.0,202607,202607,226.0,29.0,458.0,183.0,621.0,203.0,57.0,108.0,726.0,427.0,234.0,132.0,300.0,217.0,3715.0,6408.0,54.80093676814989,70.2576112412178,50.81967213114754,30.913348946135834,0.5797440699126092,표제부,722,96,13.29639889196676,3217.0,3217.0,246.0,917500000.0,4616112.5140323285,246.0,44,86,34,164,180580,0.908184738066231,4,760000000,0.3,24.0,56.9593147751606,48.78048780487805,43.39378238341969,34.41558441558442,62.96296296296296,48.756218905472636,88.62433862433863,30.87431693989071,28.997289972899733,38.171375731606304,67.21348668649192,43.30619711058676,높음,주의,0,,,,,비아파트 건물 비중 54.8% | 20년 이상 주거건물 비중 70.3% | 80% 이상 매칭 비중 7.3%,seoul-dong-v1.0,서울 법정동 시장·건물구조 상대위험,"전세사기 발생확률이 아니며, 공식 동별 피해집계가 없는 지역의 피해 건수를 추정하지 않습니다.",2026-07,2026-07
1117011700,11170,원효로3가,용산구,1223.0,265.0,10.0,118.0,56.283812204069754,19.491525423728813,19.491525423728813,1223.0,1170.0,95.66639411283728,5.0,33.0,20.6974195221523,0.0,44.0,68.0,-35.29411764705882,35.29411764705882,202607,202607,149.0,31.0,53.0,5.0,668.0,104.0,353.0,125.0,2.0,0.0,0.0,0.0,0.0,0.0,1.0,10.0,,,,,0.1,총괄표제부_보완,400,47,11.75,1238.0,1238.0,202.0,425500000.0,3827746.5228942023,202.0,1,1,2,4,101982,0.03922260791120002,5,1290000000,0.7,18.0,50.107066381156315,68.29268292682927,91.19170984455958,34.41558441558442,,74.12935323383084,,11.748633879781421,37.12737127371274,53.61856321136912,33.66773816628137,43.28807246839182,낮음,주의,0,,,,,80% 이상 매칭 비중 19.5% | 최근 36개월 추정 전세가율 56.3% | 최근 매매 단가 하락 신호 0.0%,seoul-dong-v1.0,서울 법정동 시장·건물구조 상대위험,"전세사기 발생확률이 아니며, 공식 동별 피해집계가 없는 지역의 피해 건수를 추정하지 않습니다.",2026-07,2026-07
1117011100,11170,청파동3가,용산구,1437.0,254.0,11.0,125.0,50.93977701550021,10.4,10.4,1437.0,1425.0,99.16492693110646,5.0,25.0,-0.03656785038617457,0.03656785038617457,57.0,40.0,42.50000000000001,0.0,202607,202607,346.0,28.0,12.0,10.0,945.0,187.0,134.0,29.0,7.0,4.0,3.0,1.0,0.0,0.0,60.0,233.0,75.0,0.0,0.0,25.0,0.2575107296137339,총괄표제부_보완,573,40,6.980802792321117,1172.0,1172.0,283.0,584000000.0,3422917.5023398846,283.0,1,1,2,4,101982,0.03922260791120002,5,1290000000,0.7,18.0,26.552462526766597,55.82655826558266,43.39378238341969,69.15584415584416,13.492063492063492,81.34328358208955,96.03174603174604,18.0327868852459,23.848238482384822,46.343018179277145,49.8011248238545,42.95609211352991,낮음,주의,0,,,,,비아파트 건물 비중 75.0% | 최근 매매 단가 하락 신호 0.0% | 80% 이상 매칭 비중 10.4%,seoul-dong-v1.0,서울 법정동 시장·건물구조 상대위험,"전세사기 발생확률이 아니며, 공식 동별 피해집계가 없는 지역의 피해 건수를 추정하지 않습니다.",2026-07,2026-07
1168010500,11680,삼성동,강남구,5879.0,1615.0,39.0,701.0,51.47229224955008,18.687589158345222,12.838801711840228,5879.0,2543.0,43.255655723762544,13.0,118.0,-5.038404233699662,5.038404233699662,429.0,136.0,215.44117647058823,0.0,202607,202607,548.0,44.0,3336.0,820.0,1435.0,288.0,560.0,463.0,69.0,49.0,11.0,4.0,27.0,17.0,6725.0,16081.0,22.448979591836736,55.10204081632652,34.69387755102041,8.16326530612245,0.4181953858590884,총괄표제부_보완,2424,318,13.118811881188119,20209.0,20209.0,586.0,2236500000.0,5805292.41184189,586.0,11,30,27,68,244779,0.27780160879814036,5,1585000000,0.6,21.0,55.88865096359743,67.20867208672087,43.39378238341969,87.66233766233766,50.264550264550266,29.850746268656714,42.592592592592595,23.497267759562842,25.745257452574528,47.57407451726833,44.305494959828515,42.770818450318124,보통,주의,0,,,,,최근 매매 단가 하락 신호 5.0% | 80% 이상 매칭 비중 18.7% | 20년 이상 주거건물 비중 55.1%,seoul-dong-v1.0,서울 법정동 시장·건물구조 상대위험,"전세사기 발생확률이 아니며, 공식 동별 피해집계가 없는 지역의 피해 건수를 추정하지 않습니다.",2026-07,2026-07
1171010300,11710,풍납동,송파구,4998.0,1275.0,20.0,545.0,51.65430989496703,0.7339449541284404,0.0,4998.0,2127.0,42.55702280912365,5.0,36.0,5.450014005620106,0.0,417.0,69.0,504.34782608695656,0.0,202607,202607,1097.0,68.0,2871.0,896.0,1030.0,311.0,0.0,0.0,1912.0,1593.0,747.0,214.0,1428.0,1160.0,13602.0,39020.0,46.89265536723164,89.6421845574388,72.81858129315756,13.433772755806652,0.3485904664274731,표제부,1912,337,17.625523012552303,10274.0,10274.0,1254.0,491000000.0,2591554.4498273097,1254.0,23,69,106,198,289693,0.6834821690548271,16,3253500000,0.8,36.0,75.16059957173448,33.06233062330624,43.39378238341969,34.41558441558442,95.5026455026455,29.1044776119403,81.21693121693121,21.03825136612022,26.287262872628723,31.192651466751713,74.55029148169879,42.75316375047573,높음,주의,0,,,,,20년 이상 주거건물 비중 89.6% | 비아파트 건물 비중 46.9% | 송파구 공식 피해·보증사고 배경지표 상위,seoul-dong-v1.0,서울 법정동 시장·건물구조 상대위험,"전세사기 발생확률이 아니며, 공식 동별 피해집계가 없는 지역의 피해 건수를 추정하지 않습니다.",2026-07,2026-07
1129010300,11290,돈암동,성북구,4072.0,2067.0,18.0,587.0,61.22659841306055,5.621805792163544,0.34071550255536626,4072.0,476.0,11.68958742632613,4.0,18.0,8.38633209051945,0.0,678.0,31.0,2087.0967741935483,0.0,202607,202607,121.0,29.0,3596.0,1855.0,355.0,183.0,0.0,0.0,1102.0,946.0,130.0,50.0,719.0,549.0,14747.0,17703.0,13.742071881606766,76.00422832980972,58.033826638477805,5.2854122621564485,0.8330226515279896,표제부,1102,62,5.626134301270418,14666.0,14666.0,271.0,317000000.0,2915964.0247329962,271.0,92,123,56,271,199807,1.3563088380286978,5,1445500000,0.8,48.0,20.556745182012847,45.25745257452575,43.39378238341969,34.41558441558442,73.01587301587301,9.45273631840796,35.978835978835974,43.71584699453552,48.509485094850945,41.16514671409225,43.31422873108554,42.72764521122673,높음,주의,0,,,,,20년 이상 주거건물 비중 76.0% | 최근 36개월 추정 전세가율 61.2% | 성북구 공식 피해·보증사고 배경지표 상위,seoul-dong-v1.0,서울 법정동 시장·건물구조 상대위험,"전세사기 발생확률이 아니며, 공식 동별 피해집계가 없는 지역의 피해 건수를 추정하지 않습니다.",2026-07,2026-07
1129013800,11290,장위동,성북구,9069.0,3339.0,33.0,942.0,45.16591633814326,4.246284501061571,4.246284501061571,9069.0,6239.0,68.79479545705149,17.0,369.0,35.10922185750275,0.0,947.0,389.0,143.44473007712085,0.0,202607,202607,1305.0,286.0,2830.0,1018.0,4773.0,1990.0,161.0,45.0,4974.0,4636.0,1651.0,590.0,4136.0,3689.0,21585.0,24547.0,35.612597066436585,89.21484037963762,79.57290767903365,12.726488352027609,0.8793335234448202,표제부,4975,691,13.889447236180905,15355.0,15355.0,3534.0,346000000.0,2381982.611141842,3534.0,92,123,56,271,199807,1.3563088380286978,5,1445500000,0.8,48.0,59.100642398286936,42.27642276422765,43.39378238341969,34.41558441558442,94.97354497354497,51.741293532338304,61.64021164021164,47.540983606557376,13.550135501355012,30.665005145512378,67.35074692011189,42.436689817335406,높음,주의,0,,,,,20년 이상 주거건물 비중 89.2% | 비아파트 건물 비중 35.6% | 성북구 공식 피해·보증사고 배경지표 상위,seoul-dong-v1.0,서울 법정동 시장·건물구조 상대위험,"전세사기 발생확률이 아니며, 공식 동별 피해집계가 없는 지역의 피해 건수를 추정하지 않습니다.",2026-07,2026-07
1168010600,11680,대치동,강남구,12071.0,2167.0,30.0,891.0,50.98111833432986,24.915824915824917,11.22334455667789,12071.0,3876.0,32.11001574020379,11.0,127.0,10.720921666596821,0.0,492.0,139.0,253.95683453237413,0.0,202607,202607,902.0,26.0,8195.0,1329.0,2396.0,261.0,578.0,551.0,47.0,37.0,14.0,6.0,11.0,3.0,17249.0,16680.0,37.83783783783784,29.72972972972973,8.108108108108109,16.216216216216218,1.0341127098321343,총괄표제부_보완,2457,393,15.995115995115993,32855.0,32855.0,629.0,1900000000.0,4815662.344266463,629.0,11,30,27,68,244779,0.27780160879814036,5,1585000000,0.6,21.0,69.80728051391864,75.88075880758808,43.39378238341969,34.41558441558442,42.06349206349206,20.64676616915423,64.81481481481481,57.377049180327866,24.119241192411923,40.18427869645684,59.00981242163184,42.01302032328206,보통,주의,0,,,,,80% 이상 매칭 비중 24.9% | 비아파트 건물 비중 37.8% | 20년 이상 주거건물 비중 29.7%,seoul-dong-v1.0,서울 법정동 시장·건물구조 상대위험,"전세사기 발생확률이 아니며, 공식 동별 피해집계가 없는 지역의 피해 건수를 추정하지 않습니다.",2026-07,2026-07
1111017300,11110,명륜3가,종로구,509.0,128.0,9.0,26.0,59.78380801560399,7.6923076923076925,7.6923076923076925,509.0,503.0,98.82121807465619,,,,,21.0,9.0,133.33333333333334,0.0,202607,202607,357.0,57.0,6.0,1.0,146.0,70.0,0.0,0.0,39.0,33.0,0.0,0.0,0.0,0.0,107.0,646.0,0.0,0.0,0.0,0.0,0.16563467492260062,총괄표제부_보완,921,148,16.069489685124864,773.0,773.0,639.0,243000000.0,2190801.7402113113,639.0,5,14,15,34,72503,0.46894611257465213,3,527000000,1.0,40.0,70.2355460385439,49.86449864498645,43.39378238341969,,13.492063492063492,80.34825870646766,11.772486772486772,14.48087431693989,43.90243902439025,49.88388750587229,24.301250937260345,42.00564523783846,보통,주의,0,,,,,80% 이상 매칭 비중 7.7% | 최근 36개월 추정 전세가율 59.8% | 종로구 공식 피해·보증사고 배경지표 상위,seoul-dong-v1.0,서울 법정동 시장·건물구조 상대위험,"전세사기 발생확률이 아니며, 공식 동별 피해집계가 없는 지역의 피해 건수를 추정하지 않습니다.",2026-07,2026-07
1117013100,11170,한남동,용산구,1867.0,1024.0,35.0,291.0,58.930446550272066,7.903780068728522,4.4673539518900345,1867.0,962.0,51.52651312265667,8.0,22.0,8.970788854959855,0.0,171.0,66.0,159.0909090909091,0.0,202607,202607,294.0,146.0,905.0,489.0,657.0,351.0,11.0,38.0,40.0,21.0,11.0,5.0,4.0,0.0,1665.0,5958.0,52.38095238095239,19.047619047619047,0.0,23.809523809523807,0.2794561933534743,총괄표제부_보완,2906,277,9.532002752924983,7536.0,7536.0,1307.0,1029000000.0,6953614.355848992,1307.0,1,1,2,4,101982,0.03922260791120002,5,1290000000,0.7,18.0,40.899357601713064,50.40650406504065,43.39378238341969,34.41558441558442,38.095238095238095,35.82089552238806,85.97883597883597,18.852459016393443,41.734417344173444,42.379198406847976,54.92308428814555,41.85829011614518,낮음,주의,0,,,,,비아파트 건물 비중 52.4% | 80% 이상 매칭 비중 7.9% | 최근 36개월 추정 전세가율 58.9%,seoul-dong-v1.0,서울 법정동 시장·건물구조 상대위험,"전세사기 발생확률이 아니며, 공식 동별 피해집계가 없는 지역의 피해 건수를 추정하지 않습니다.",2026-07,2026-07
1111018300,11110,평창동,종로구,765.0,629.0,27.0,155.0,60.220885497738074,2.5806451612903225,1.2903225806451613,765.0,603.0,78.82352941176471,7.0,27.0,14.652397673227778,0.0,114.0,66.0,72.72727272727273,0.0,202607,202607,151.0,136.0,162.0,142.0,452.0,343.0,0.0,8.0,80.0,59.0,11.0,3.0,7.0,1.0,2125.0,1752.0,18.64406779661017,11.864406779661017,1.694915254237288,5.084745762711865,1.2128995433789955,총괄표제부_보완,1829,126,6.889010388190268,3045.0,3045.0,1196.0,1230000000.0,4495108.189823698,1196.0,5,14,15,34,72503,0.46894611257465213,3,527000000,1.0,40.0,25.69593147751606,38.482384823848236,43.39378238341969,34.41558441558442,33.86243386243386,59.950248756218905,40.476190476190474,67.4863387978142,44.986449864498645,43.11191692806304,39.918221771259994,41.84670559965282,보통,주의,0,,,,,최근 36개월 추정 전세가율 60.2% | 비아파트 건물 비중 18.6% | 종로구 공식 피해·보증사고 배경지표 상위,seoul-dong-v1.0,서울 법정동 시장·건물구조 상대위험,"전세사기 발생확률이 아니며, 공식 동별 피해집계가 없는 지역의 피해 건수를 추정하지 않습니다.",2026-07,2026-07
1168010700,11680,신사동,강남구,1285.0,504.0,14.0,95.0,43.33084897619321,2.1052631578947367,2.1052631578947367,1285.0,947.0,73.69649805447472,2.0,4.0,-15.948988606450149,15.948988606450149,48.0,12.0,300.0,0.0,202607,202607,393.0,34.0,338.0,207.0,495.0,125.0,59.0,138.0,22.0,13.0,6.0,0.0,6.0,4.0,425.0,632.0,46.15384615384615,46.15384615384615,30.76923076923077,0.0,0.6724683544303798,총괄표제부_보완,2367,373,15.758343895226023,4601.0,4601.0,565.0,1758000000.0,6390686.049638547,565.0,11,30,27,68,244779,0.27780160879814036,5,1585000000,0.6,21.0,68.73661670235546,37.12737127371274,43.39378238341969,96.75324675324676,46.56084656084656,55.223880597014926,80.95238095238095,35.79234972677596,11.11111111111111,38.101040573903106,63.137339820651505,41.79495929950473,낮음,주의,0,,,,,최근 매매 단가 하락 신호 15.9% | 비아파트 건물 비중 46.2% | 20년 이상 주거건물 비중 46.2%,seoul-dong-v1.0,서울 법정동 시장·건물구조 상대위험,"전세사기 발생확률이 아니며, 공식 동별 피해집계가 없는 지역의 피해 건수를 추정하지 않습니다.",2026-07,2026-07
1156013100,11560,양화동,영등포구,,,,,,,,,,,,,,,,,,,,,,,,,,,,,3.0,2.0,0.0,0.0,1.0,1.0,8.0,52.0,0.0,50.0,50.0,0.0,0.15384615384615385,총괄표제부_보완,26,0,0.0,,,,,,,84,213,201,498,193619,2.572061626183381,30,7456770000,1.8,79.0,3.1049250535331905,,,,47.75132275132275,,11.772486772486772,13.661202185792352,,,19.31699073540089,41.69811920962555,낮음,주의,0,,,,,영등포구 공식 피해·보증사고 배경지표 상위 | 20년 이상 주거건물 비중 50.0% | 비아파트 건물 비중 0.0%,seoul-dong-v1.0,서울 법정동 시장·건물구조 상대위험,"전세사기 발생확률이 아니며, 공식 동별 피해집계가 없는 지역의 피해 건수를 추정하지 않습니다.",,
1111012400,11110,수송동,종로구,19.0,121.0,3.0,9.0,76.297671213264,0.0,0.0,19.0,13.0,68.42105263157895,3.0,12.0,1.47392250929238,0.0,33.0,12.0,175.0,0.0,202507,202607,0.0,1.0,6.0,27.0,0.0,0.0,13.0,93.0,5.0,1.0,0.0,0.0,0.0,0.0,4.0,7.0,0.0,0.0,0.0,0.0,0.5714285714285714,총괄표제부_보완,85,4,4.705882352941177,1087.0,1087.0,3.0,1250000000.0,8561643.835616438,3.0,5,14,15,34,72503,0.46894611257465213,3,527000000,1.0,40.0,17.130620985010705,15.853658536585366,43.39378238341969,34.41558441558442,13.492063492063492,51.49253731343284,11.772486772486772,30.05464480874317,84.82384823848238,52.54392356156222,16.0163315003242,41.53043701201838,낮음,주의,0,,,,,최근 36개월 추정 전세가율 76.3% | 종로구 공식 피해·보증사고 배경지표 상위 | 최근 매매 단가 하락 신호 0.0%,seoul-dong-v1.0,서울 법정동 시장·건물구조 상대위험,"전세사기 발생확률이 아니며, 공식 동별 피해집계가 없는 지역의 피해 건수를 추정하지 않습니다.",2026-07,2025-07
1174010600,11740,둔촌동,강동구,5346.0,1730.0,22.0,772.0,48.68364355039685,0.2590673575129534,0.2590673575129534,5346.0,2243.0,41.95660306771418,6.0,105.0,14.586937977215378,0.0,541.0,181.0,198.89502762430936,0.0,202607,202607,515.0,60.0,3103.0,917.0,1679.0,748.0,49.0,5.0,1488.0,1219.0,446.0,280.0,718.0,533.0,21507.0,11209.0,36.587366694011486,58.90073831009024,43.724364232977855,22.969647251845775,1.9187260237309305,표제부,1488,299,20.094086021505376,21200.0,21200.0,571.0,529000000.0,2497528.830313015,571.0,61,79,101,241,223649,1.0775813886938908,13,2727500000,1.1,52.0,84.79657387580299,31.978319783197833,43.39378238341969,34.41558441558442,51.05820105820106,28.60696517412935,62.96296296296296,83.33333333333334,18.97018970189702,27.945068244650834,67.40905022489605,41.419303503014504,높음,주의,0,,,,,비아파트 건물 비중 36.6% | 강동구 공식 피해·보증사고 배경지표 상위 | 20년 이상 주거건물 비중 58.9%,seoul-dong-v1.0,서울 법정동 시장·건물구조 상대위험,"전세사기 발생확률이 아니며, 공식 동별 피해집계가 없는 지역의 피해 건수를 추정하지 않습니다.",2026-07,2026-07
1117010400,11170,갈월동,용산구,489.0,179.0,11.0,61.0,37.16994624960834,3.278688524590164,0.0,489.0,485.0,99.18200408997954,4.0,15.0,1.0121515191245973,0.0,69.0,32.0,115.625,0.0,202607,202607,137.0,24.0,4.0,38.0,271.0,60.0,77.0,57.0,3.0,1.0,1.0,0.0,1.0,1.0,8.0,0.0,100.0,100.0,100.0,0.0,,총괄표제부_보완,549,36,6.557377049180328,1233.0,1233.0,239.0,653000000.0,7124031.007751938,239.0,1,1,2,4,101982,0.03922260791120002,5,1290000000,0.7,18.0,23.98286937901499,40.37940379403794,43.39378238341969,34.41558441558442,99.07407407407408,81.59203980099502,98.80952380952381,,6.504065040650407,30.357396845548784,81.28106108015416,41.23470337736781,낮음,주의,0,,,,,20년 이상 주거건물 비중 100.0% | 비아파트 건물 비중 100.0% | 80% 이상 매칭 비중 3.3%,seoul-dong-v1.0,서울 법정동 시장·건물구조 상대위험,"전세사기 발생확률이 아니며, 공식 동별 피해집계가 없는 지역의 피해 건수를 추정하지 않습니다.",2026-07,2026-07
1129011200,11290,삼선동2가,성북구,519.0,278.0,5.0,148.0,59.408881384253185,0.0,0.0,519.0,181.0,34.8747591522158,1.0,2.0,3.486699339578103,0.0,101.0,7.0,1342.857142857143,0.0,202607,202607,142.0,25.0,338.0,227.0,39.0,26.0,0.0,0.0,355.0,295.0,86.0,94.0,192.0,159.0,1920.0,3662.0,29.152542372881356,65.08474576271186,53.898305084745765,31.864406779661014,0.5243036592026216,표제부,355,104,29.295774647887324,1427.0,1427.0,217.0,344000000.0,2151568.408158918,217.0,92,123,56,271,199807,1.3563088380286978,5,1445500000,0.8,48.0,97.4304068522484,15.853658536585366,43.39378238341969,34.41558441558442,55.026455026455025,22.885572139303484,50.264550264550266,27.322404371584703,42.54742547425474,32.77265793845822,57.44687588862125,41.225313735230245,높음,주의,0,,,,,20년 이상 주거건물 비중 65.1% | 비아파트 건물 비중 29.2% | 성북구 공식 피해·보증사고 배경지표 상위,seoul-dong-v1.0,서울 법정동 시장·건물구조 상대위험,"전세사기 발생확률이 아니며, 공식 동별 피해집계가 없는 지역의 피해 건수를 추정하지 않습니다.",2026-07,2026-07
1171010100,11710,잠실동,송파구,16947.0,3676.0,31.0,1291.0,50.91948212002239,8.288148721920992,6.196746707978312,16947.0,6203.0,36.60234849825928,14.0,298.0,20.1736813246648,0.0,1069.0,312.0,242.6282051282051,0.0,202607,202607,816.0,48.0,10744.0,2244.0,4603.0,1048.0,784.0,336.0,2412.0,1862.0,804.0,302.0,1243.0,568.0,39747.0,490770.0,43.17937701396348,66.7561761546724,30.50483351235231,16.219119226638025,0.08098905801088085,표제부,2408,412,17.109634551495017,41422.0,41422.0,639.0,1271000000.0,3894775.9806655515,639.0,23,69,106,198,289693,0.6834821690548271,16,3253500000,0.8,36.0,73.23340471092077,51.490514905149055,43.39378238341969,34.41558441558442,57.936507936507944,25.12437810945274,75.39682539682539,10.10928961748634,23.577235772357724,34.31767674685526,60.80593152766425,41.192088930029215,높음,주의,0,,,,,비아파트 건물 비중 43.2% | 20년 이상 주거건물 비중 66.8% | 80% 이상 매칭 비중 8.3%,seoul-dong-v1.0,서울 법정동 시장·건물구조 상대위험,"전세사기 발생확률이 아니며, 공식 동별 피해집계가 없는 지역의 피해 건수를 추정하지 않습니다.",2026-07,2026-07
1120011800,11200,송정동,성동구,1349.0,412.0,11.0,149.0,53.04198441485807,0.0,0.0,1349.0,1096.0,81.24536693847294,4.0,11.0,-5.1296872716056505,5.1296872716056505,100.0,26.0,284.61538461538464,0.0,202607,202607,757.0,138.0,253.0,138.0,338.0,136.0,1.0,0.0,1186.0,962.0,339.0,126.0,849.0,785.0,3504.0,2889.0,35.23908523908524,88.25363825363826,81.6008316008316,13.097713097713099,1.2128764278296988,표제부,1183,90,7.607776838546069,1577.0,1577.0,841.0,421000000.0,2581619.444843952,841.0,4,9,12,25,133771,0.1868865449163122,1,300000000,0.2,10.0,29.550321199143468,15.853658536585366,43.39378238341969,87.98701298701299,93.12169312169311,62.43781094527363,60.58201058201058,67.21311475409836,29.81029810298103,39.66874515626004,63.505258966170956,41.17756183529876,높음,주의,0,,,,,20년 이상 주거건물 비중 88.3% | 최근 매매 단가 하락 신호 5.1% | 비아파트 건물 비중 35.2%,seoul-dong-v1.0,서울 법정동 시장·건물구조 상대위험,"전세사기 발생확률이 아니며, 공식 동별 피해집계가 없는 지역의 피해 건수를 추정하지 않습니다.",2026-07,2026-07
1171011300,11710,거여동,송파구,7800.0,1624.0,25.0,757.0,51.258347262192245,9.247027741083222,8.45442536327609,7800.0,2670.0,34.23076923076923,10.0,75.0,2.956017909033881,0.0,549.0,88.0,523.8636363636364,0.0,202607,202607,666.0,67.0,5130.0,1004.0,1297.0,433.0,707.0,120.0,1680.0,1430.0,567.0,227.0,949.0,765.0,18594.0,96560.0,39.650349650349646,66.36363636363637,53.4965034965035,15.874125874125875,0.1925642087821044,표제부,1682,297,17.657550535077288,19244.0,19244.0,830.0,591500000.0,3186750.2188477674,830.0,23,69,106,198,289693,0.6834821690548271,16,3253500000,0.8,36.0,75.58886509635975,52.30352303523035,43.39378238341969,34.41558441558442,57.407407407407405,22.139303482587064,67.72486772486772,15.573770491803279,25.474254742547426,34.9812289047649,58.89563753484138,41.11264672656928,높음,주의,0,,,,,비아파트 건물 비중 39.7% | 20년 이상 주거건물 비중 66.4% | 80% 이상 매칭 비중 9.2%,seoul-dong-v1.0,서울 법정동 시장·건물구조 상대위험,"전세사기 발생확률이 아니며, 공식 동별 피해집계가 없는 지역의 피해 건수를 추정하지 않습니다.",2026-07,2026-07
1120011500,11200,성수동2가,성동구,4588.0,1410.0,20.0,568.0,50.16056600291545,22.535211267605636,8.626760563380282,4588.0,2943.0,64.14559721011334,15.0,86.0,27.655415165671688,0.0,356.0,131.0,171.7557251908397,0.0,202607,202607,1251.0,205.0,1645.0,356.0,1350.0,616.0,342.0,233.0,3043.0,1700.0,587.0,427.0,1577.0,1396.0,11347.0,34877.0,34.529411764705884,92.76470588235294,82.11764705882352,25.11764705882353,0.32534334948533417,표제부,3041,289,9.50345281157514,13275.0,13275.0,1283.0,745000000.0,5017673.274934686,1283.0,4,9,12,25,133771,0.1868865449163122,1,300000000,0.2,10.0,40.04282655246253,72.62872628726286,43.39378238341969,34.41558441558442,97.35449735449735,47.2636815920398,59.25925925925925,20.76502732240437,21.951219512195124,41.165753436577376,59.1656474511812,40.990863924741724,높음,주의,0,,,,,20년 이상 주거건물 비중 92.8% | 80% 이상 매칭 비중 22.5% | 비아파트 건물 비중 34.5%,seoul-dong-v1.0,서울 법정동 시장·건물구조 상대위험,"전세사기 발생확률이 아니며, 공식 동별 피해집계가 없는 지역의 피해 건수를 추정하지 않습니다.",2026-07,2026-07
1114012200,11140,회현동2가,중구,52.0,41.0,4.0,14.0,66.53856114712532,0.0,0.0,52.0,20.0,38.46153846153847,,,,,12.0,1.0,1100.0,0.0,202607,202606,11.0,6.0,32.0,32.0,9.0,3.0,0.0,0.0,,,,,,,,,,,,,,,192,22,11.458333333333332,371.0,371.0,45.0,318000000.0,3051895.670879269,45.0,2,10,7,19,63882,0.2974233743464512,2,350000000,0.4,18.0,48.82226980728051,15.853658536585366,43.39378238341969,,,26.616915422885572,,,62.87262872628726,42.486512829755036,48.82226980728051,40.39747514967315,낮음,주의,0,,,,,최근 36개월 추정 전세가율 66.5% | 중구 공식 피해·보증사고 배경지표 상위 | 80% 이상 매칭 비중 0.0%,seoul-dong-v1.0,서울 법정동 시장·건물구조 상대위험,"전세사기 발생확률이 아니며, 공식 동별 피해집계가 없는 지역의 피해 건수를 추정하지 않습니다.",2026-06,2026-07
1144010100,11440,아현동,마포구,5190.0,1279.0,18.0,463.0,52.74279976428165,14.254859611231103,13.606911447084233,5190.0,1408.0,27.129094412331405,6.0,41.0,24.763392752540636,0.0,357.0,47.0,659.5744680851064,0.0,202607,202607,136.0,23.0,3782.0,824.0,970.0,210.0,302.0,222.0,1317.0,1086.0,312.0,211.0,589.0,553.0,11874.0,3006.0,28.7292817679558,54.23572744014733,50.920810313075506,19.429097605893187,3.9500998003992014,표제부,1318,132,10.015174506828528,12299.0,12299.0,282.0,552000000.0,4526423.7676439565,281.0,44,86,34,164,180580,0.908184738066231,4,760000000,0.3,24.0,42.61241970021413,61.78861788617886,43.39378238341969,34.41558441558442,50.0,18.65671641791045,49.2063492063492,93.44262295081968,29.268292682926827,38.52185908718613,54.72141706520546,40.39346971861304,높음,주의,0,,,,,80% 이상 매칭 비중 14.3% | 20년 이상 주거건물 비중 54.2% | 비아파트 건물 비중 28.7%,seoul-dong-v1.0,서울 법정동 시장·건물구조 상대위험,"전세사기 발생확률이 아니며, 공식 동별 피해집계가 없는 지역의 피해 건수를 추정하지 않습니다.",2026-07,2026-07
1111012700,11110,공평동,종로구,,,,,,,,,,,,,,,,,,,,,,,,,,,,,,,,,,,,,,,,,,,21,2,9.523809523809524,143.0,143.0,,,,,5,14,15,34,72503,0.46894611257465213,3,527000000,1.0,40.0,40.364025695931474,,,,,,,,,,40.364025695931474,40.22751605995717,자료 부족,자료 부족,0,,,,,종로구 공식 피해·보증사고 배경지표 상위,seoul-dong-v1.0,서울 법정동 시장·건물구조 상대위험,"전세사기 발생확률이 아니며, 공식 동별 피해집계가 없는 지역의 피해 건수를 추정하지 않습니다.",,
1156012100,11560,문래동3가,영등포구,1568.0,550.0,15.0,279.0,53.9999582012022,1.7921146953405016,0.0,1568.0,547.0,34.88520408163265,4.0,20.0,5.952582273551515,0.0,167.0,25.0,568.0,0.0,202607,202607,10.0,10.0,1021.0,359.0,64.0,15.0,473.0,166.0,63.0,19.0,2.0,4.0,3.0,0.0,3301.0,6257.0,10.526315789473683,15.789473684210526,0.0,21.052631578947366,0.5275691225827074,총괄표제부_보완,526,38,7.224334600760455,6893.0,6893.0,44.0,266500000.0,6434749.770623967,44.0,84,213,201,498,193619,2.572061626183381,30,7456770000,1.8,79.0,27.62312633832976,36.043360433604335,43.39378238341969,34.41558441558442,35.84656084656085,23.134328358208954,32.27513227513227,28.142076502732237,32.52032520325203,33.83411892620242,31.617629864768908,40.05487882191368,낮음,주의,0,,,,,영등포구 공식 피해·보증사고 배경지표 상위 | 80% 이상 매칭 비중 1.8% | 20년 이상 주거건물 비중 15.8%,seoul-dong-v1.0,서울 법정동 시장·건물구조 상대위험,"전세사기 발생확률이 아니며, 공식 동별 피해집계가 없는 지역의 피해 건수를 추정하지 않습니다.",2026-07,2026-07
1111011700,11110,당주동,종로구,33.0,9.0,1.0,2.0,71.51973365575168,0.0,0.0,33.0,0.0,0.0,,,,,5.0,0.0,,,202607,202604,0.0,0.0,33.0,9.0,0.0,0.0,0.0,0.0,,,,,,,,,,,,,,,76,5,6.578947368421052,557.0,557.0,,,,,5,14,15,34,72503,0.46894611257465213,3,527000000,1.0,40.0,24.197002141327623,15.853658536585366,,,,1.4925373134328357,,,76.69376693766937,46.38690018740983,24.197002141327623,39.8813906477778,낮음,주의,0,,,,,최근 36개월 추정 전세가율 71.5% | 종로구 공식 피해·보증사고 배경지표 상위 | 80% 이상 매칭 비중 0.0%,seoul-dong-v1.0,서울 법정동 시장·건물구조 상대위험,"전세사기 발생확률이 아니며, 공식 동별 피해집계가 없는 지역의 피해 건수를 추정하지 않습니다.",2026-04,2026-07
1159010600,11590,동작동,동작구,643.0,262.0,12.0,141.0,57.72965664575462,0.0,0.0,643.0,130.0,20.21772939346812,,,,,66.0,8.0,725.0,0.0,202607,202607,7.0,0.0,513.0,198.0,123.0,64.0,0.0,0.0,192.0,122.0,44.0,9.0,66.0,34.0,1569.0,530.0,36.0655737704918,54.09836065573771,27.86885245901639,7.377049180327869,2.960377358490566,표제부,192,7,3.6458333333333335,1621.0,1621.0,26.0,3265000.0,68281.43142749884,23.0,188,392,394,974,188064,5.179087970052748,5,1111000000,0.6,55.0,12.419700214132762,15.853658536585366,43.39378238341969,,49.47089947089947,13.432835820895523,62.43386243386243,90.98360655737704,40.37940379403794,30.350397614344754,53.47275086770295,39.828426285532586,높음,주의,0,,,,,비아파트 건물 비중 36.1% | 동작구 공식 피해·보증사고 배경지표 상위 | 20년 이상 주거건물 비중 54.1%,seoul-dong-v1.0,서울 법정동 시장·건물구조 상대위험,"전세사기 발생확률이 아니며, 공식 동별 피해집계가 없는 지역의 피해 건수를 추정하지 않습니다.",2026-07,2026-07
1174011000,11740,강일동,강동구,6995.0,904.0,9.0,392.0,53.284106469693135,27.29591836734694,27.29591836734694,6995.0,431.0,6.161543959971408,3.0,34.0,5.106370132590591,0.0,299.0,57.0,424.56140350877195,0.0,202607,202607,46.0,1.0,6564.0,588.0,0.0,0.0,385.0,315.0,522.0,432.0,43.0,13.0,4.0,2.0,13543.0,23034.0,9.953703703703704,0.9259259259259258,0.4629629629629629,3.009259259259259,0.5879569332291396,표제부,522,21,4.022988505747127,15095.0,15095.0,46.0,884000000.0,2287512.463871601,46.0,61,79,101,241,223649,1.0775813886938908,13,2727500000,1.1,52.0,13.49036402569593,79.40379403794037,43.39378238341969,34.41558441558442,26.984126984126984,6.965174129353234,30.687830687830687,31.420765027322407,30.35230352303523,42.190103232314144,26.43235158040157,39.722149834488874,높음,주의,0,,,,,80% 이상 매칭 비중 27.3% | 강동구 공식 피해·보증사고 배경지표 상위 | 최근 매매 단가 하락 신호 0.0%,seoul-dong-v1.0,서울 법정동 시장·건물구조 상대위험,"전세사기 발생확률이 아니며, 공식 동별 피해집계가 없는 지역의 피해 건수를 추정하지 않습니다.",2026-07,2026-07
1121510400,11215,광장동,광진구,4348.0,1643.0,27.0,508.0,50.89111839249614,0.7874015748031495,0.0,4348.0,870.0,20.009199632014717,9.0,49.0,21.19409688319458,0.0,370.0,64.0,478.125,0.0,202607,202607,264.0,32.0,3478.0,1166.0,524.0,240.0,82.0,205.0,751.0,545.0,163.0,122.0,418.0,309.0,10751.0,21015.0,29.908256880733948,76.69724770642202,56.69724770642202,22.385321100917434,0.5115869616940281,표제부,751,125,16.644474034620508,12381.0,12381.0,237.0,506000000.0,3217158.1769437,237.0,26,44,64,134,172165,0.7783231202625389,10,2350000000,1.4,54.0,71.5203426124197,33.60433604336043,43.39378238341969,34.41558441558442,73.80952380952381,13.184079601990051,51.32275132275132,27.049180327868854,23.035230352303522,28.435300012640155,57.34292705314574,39.496911770870526,높음,주의,0,,,,,20년 이상 주거건물 비중 76.7% | 광진구 공식 피해·보증사고 배경지표 상위 | 비아파트 건물 비중 29.9%,seoul-dong-v1.0,서울 법정동 시장·건물구조 상대위험,"전세사기 발생확률이 아니며, 공식 동별 피해집계가 없는 지역의 피해 건수를 추정하지 않습니다.",2026-07,2026-07
1135010200,11350,월계동,노원구,9370.0,3644.0,22.0,757.0,52.08245209895171,4.491413474240423,0.0,9370.0,1347.0,14.375667022411953,9.0,45.0,6.037942419093861,0.0,1227.0,76.0,1514.4736842105265,0.0,202607,202607,431.0,38.0,8023.0,3047.0,889.0,498.0,27.0,61.0,1857.0,1466.0,470.0,228.0,1217.0,835.0,32964.0,6982.0,32.06002728512961,83.0150068212824,56.95770804911323,15.552523874488402,4.721283299914065,표제부,1847,285,15.430427720628046,32901.0,32901.0,696.0,358500000.0,2151697.1641799957,696.0,2,11,9,22,217498,0.10115035540556695,6,1396750000,0.6,15.0,66.38115631691649,43.08943089430895,43.39378238341969,34.41558441558442,84.12698412698413,10.199004975124378,55.29100529100529,95.08196721311475,27.91327913279133,32.459285774885835,70.68667449349866,39.39724008830616,높음,주의,0,,,,,20년 이상 주거건물 비중 83.0% | 비아파트 건물 비중 32.1% | 80% 이상 매칭 비중 4.5%,seoul-dong-v1.0,서울 법정동 시장·건물구조 상대위험,"전세사기 발생확률이 아니며, 공식 동별 피해집계가 없는 지역의 피해 건수를 추정하지 않습니다.",2026-07,2026-07
1144011800,11440,당인동,마포구,283.0,77.0,3.0,33.0,39.32382347545198,0.0,0.0,283.0,283.0,100.0,1.0,10.0,29.501033666437326,0.0,24.0,13.0,84.61538461538463,0.0,202607,202607,55.0,6.0,0.0,0.0,228.0,71.0,0.0,0.0,141.0,122.0,84.0,14.0,110.0,103.0,575.0,235.0,68.85245901639344,90.1639344262295,84.42622950819673,11.475409836065573,2.4468085106382977,표제부,141,8,5.673758865248227,367.0,367.0,66.0,672000000.0,4342051.516762141,66.0,44,86,34,164,180580,0.908184738066231,4,760000000,0.3,24.0,20.985010706638114,15.853658536585366,43.39378238341969,34.41558441558442,96.03174603174604,91.91542288557214,95.76719576719577,88.79781420765028,8.672086720867208,26.12550751173007,79.83148908728998,39.23317677886054,보통,주의,0,,,,,20년 이상 주거건물 비중 90.2% | 비아파트 건물 비중 68.9% | 최근 매매 단가 하락 신호 0.0%,seoul-dong-v1.0,서울 법정동 시장·건물구조 상대위험,"전세사기 발생확률이 아니며, 공식 동별 피해집계가 없는 지역의 피해 건수를 추정하지 않습니다.",2026-07,2026-07
1141010500,11410,냉천동,서대문구,318.0,146.0,3.0,82.0,56.31871706151184,0.0,0.0,318.0,21.0,6.60377358490566,,,,,41.0,2.0,1950.0,0.0,202607,202607,18.0,2.0,297.0,144.0,3.0,0.0,0.0,0.0,218.0,129.0,14.0,26.0,59.0,47.0,1184.0,169.0,10.852713178294573,45.73643410852713,36.434108527131784,20.155038759689923,7.005917159763314,표제부,220,31,14.09090909090909,1101.0,1101.0,42.0,371000000.0,2771741.1412608917,42.0,31,109,60,200,147178,1.3588987484542527,7,1682000000,1.2,62.0,60.17130620985011,15.853658536585366,43.39378238341969,,46.03174603174603,7.213930348258707,32.53968253968254,98.36065573770492,37.669376693766935,28.343454805671712,51.312169126435286,39.13411516501184,보통,주의,0,,,,,서대문구 공식 피해·보증사고 배경지표 상위 | 20년 이상 주거건물 비중 45.7% | 최근 36개월 추정 전세가율 56.3%,seoul-dong-v1.0,서울 법정동 시장·건물구조 상대위험,"전세사기 발생확률이 아니며, 공식 동별 피해집계가 없는 지역의 피해 건수를 추정하지 않습니다.",2026-07,2026-07
1138011000,11380,증산동,은평구,2186.0,762.0,18.0,384.0,48.26669478353157,3.125,2.34375,2186.0,1100.0,50.32021957913998,6.0,37.0,3.0698229914134036,0.0,224.0,65.0,244.61538461538464,0.0,202607,202607,219.0,62.0,1086.0,363.0,864.0,336.0,17.0,1.0,38.0,32.0,12.0,3.0,17.0,14.0,2603.0,2623.0,37.5,53.125,43.75,9.375,0.9923751429660694,총괄표제부_보완,1237,146,11.802748585286984,5804.0,5804.0,761.0,399000000.0,2879974.6815412613,761.0,135,182,100,417,214777,1.9415486760686664,6,1752000000,0.6,45.0,50.74946466809421,39.83739837398374,43.39378238341969,34.41558441558442,48.67724867724868,35.32338308457712,63.75661375661375,55.19125683060109,18.69918699186992,30.473078599381246,56.10053913016668,39.05898194217042,보통,주의,0,,,,,비아파트 건물 비중 37.5% | 20년 이상 주거건물 비중 53.1% | 은평구 공식 피해·보증사고 배경지표 상위,seoul-dong-v1.0,서울 법정동 시장·건물구조 상대위험,"전세사기 발생확률이 아니며, 공식 동별 피해집계가 없는 지역의 피해 건수를 추정하지 않습니다.",2026-07,2026-07
1129011000,11290,동소문동7가,성북구,202.0,118.0,3.0,62.0,59.4178883998127,0.0,0.0,202.0,76.0,37.62376237623762,,,,,53.0,4.0,1225.0,0.0,202606,202607,20.0,10.0,126.0,86.0,56.0,22.0,0.0,0.0,163.0,125.0,27.0,14.0,90.0,50.0,1349.0,14893.0,21.6,72.0,40.0,11.200000000000001,0.09057946686362721,표제부,163,25,15.337423312883436,861.0,861.0,59.0,306000000.0,4014869.8884758367,59.0,92,123,56,271,199807,1.3563088380286978,5,1445500000,0.8,48.0,65.95289079229121,15.853658536585366,43.39378238341969,,64.81481481481481,25.870646766169152,42.32804232804233,10.655737704918032,42.81842818428184,32.961445673903484,47.923859449116584,38.95783226662124,보통,주의,0,,,,,20년 이상 주거건물 비중 72.0% | 성북구 공식 피해·보증사고 배경지표 상위 | 최근 36개월 추정 전세가율 59.4%,seoul-dong-v1.0,서울 법정동 시장·건물구조 상대위험,"전세사기 발생확률이 아니며, 공식 동별 피해집계가 없는 지역의 피해 건수를 추정하지 않습니다.",2026-07,2026-06
1111010200,11110,신교동,종로구,133.0,53.0,3.0,14.0,64.53439042271765,0.0,0.0,133.0,131.0,98.49624060150376,2.0,5.0,5.463308998417902,0.0,14.0,6.0,133.33333333333334,0.0,202606,202607,9.0,7.0,2.0,4.0,122.0,42.0,0.0,0.0,2.0,0.0,0.0,0.0,0.0,0.0,0.0,133.0,,,,,0.0,총괄표제부_보완,190,17,8.947368421052632,508.0,508.0,60.0,421500000.0,4178749.088341606,60.0,5,14,15,34,72503,0.46894611257465213,3,527000000,1.0,40.0,36.188436830835116,15.853658536585366,43.39378238341969,34.41558441558442,,79.60199004975125,,1.912568306010929,58.80758807588076,44.94836477015341,21.498778891624752,38.343713584998234,낮음,주의,0,,,,,최근 36개월 추정 전세가율 64.5% | 종로구 공식 피해·보증사고 배경지표 상위 | 최근 매매 단가 하락 신호 0.0%,seoul-dong-v1.0,서울 법정동 시장·건물구조 상대위험,"전세사기 발생확률이 아니며, 공식 동별 피해집계가 없는 지역의 피해 건수를 추정하지 않습니다.",2026-07,2026-06
1111016500,11110,이화동,종로구,130.0,62.0,2.0,6.0,51.2465762703225,0.0,0.0,130.0,121.0,93.07692307692308,,,,,6.0,5.0,19.999999999999996,0.0,202605,202607,80.0,24.0,9.0,2.0,41.0,36.0,0.0,0.0,4.0,1.0,1.0,0.0,0.0,0.0,16.0,123.0,100.0,0.0,0.0,0.0,0.13008130081300814,총괄표제부_보완,467,66,14.132762312633835,264.0,264.0,285.0,197000000.0,2621628.4345853287,282.0,5,14,15,34,72503,0.46894611257465213,3,527000000,1.0,40.0,60.599571734475376,15.853658536585366,43.39378238341969,,13.492063492063492,70.64676616915423,98.80952380952381,13.387978142076504,24.932249322493224,29.812199080471796,57.024936465031956,38.143553564541065,낮음,주의,0,,,,,비아파트 건물 비중 100.0% | 종로구 공식 피해·보증사고 배경지표 상위 | 최근 36개월 추정 전세가율 51.2%,seoul-dong-v1.0,서울 법정동 시장·건물구조 상대위험,"전세사기 발생확률이 아니며, 공식 동별 피해집계가 없는 지역의 피해 건수를 추정하지 않습니다.",2026-07,2026-05
1114014400,11140,장충동2가,중구,359.0,108.0,4.0,25.0,60.92498824465758,0.0,0.0,359.0,358.0,99.72144846796658,1.0,2.0,-34.81853676364127,34.81853676364127,9.0,7.0,28.57142857142858,0.0,202607,202604,64.0,17.0,1.0,12.0,294.0,44.0,0.0,35.0,46.0,28.0,0.0,0.0,0.0,0.0,32.0,2164.0,0.0,0.0,0.0,0.0,0.014787430683918669,총괄표제부_보완,664,84,12.650602409638553,1673.0,1673.0,209.0,300000000.0,3257929.6778952545,209.0,2,10,7,19,63882,0.2974233743464512,2,350000000,0.4,18.0,52.890792291220556,15.853658536585366,43.39378238341969,99.35064935064936,13.492063492063492,83.5820895522388,11.772486772486772,6.0109289617486334,47.96747967479675,50.7505911002283,19.56180838451699,38.04080675626623,낮음,주의,0,,,,,최근 매매 단가 하락 신호 34.8% | 최근 36개월 추정 전세가율 60.9% | 중구 공식 피해·보증사고 배경지표 상위,seoul-dong-v1.0,서울 법정동 시장·건물구조 상대위험,"전세사기 발생확률이 아니며, 공식 동별 피해집계가 없는 지역의 피해 건수를 추정하지 않습니다.",2026-04,2026-07
1120010700,11200,행당동,성동구,5841.0,1883.0,20.0,507.0,55.63426803198857,7.495069033530571,6.508875739644971,5841.0,1610.0,27.56377332648519,7.0,43.0,12.364701961556408,0.0,421.0,99.0,325.2525252525253,0.0,202607,202607,785.0,44.0,4231.0,1463.0,650.0,235.0,175.0,141.0,1741.0,1327.0,379.0,316.0,1181.0,823.0,16895.0,155552.0,28.560663149962323,88.99773926149209,62.01959306706858,23.813112283345895,0.10861319687307139,표제부,1742,201,11.538461538461538,15264.0,15264.0,758.0,536500000.0,3134164.6347984737,758.0,4,9,12,25,133771,0.1868865449163122,1,300000000,0.2,10.0,49.143468950749465,49.32249322493225,43.39378238341969,34.41558441558442,94.17989417989418,18.90547263681592,48.67724867724868,12.295081967213115,35.77235772357724,38.03182956002518,54.68882910110487,37.991305011291324,높음,주의,0,,,,,20년 이상 주거건물 비중 89.0% | 80% 이상 매칭 비중 7.5% | 비아파트 건물 비중 28.6%,seoul-dong-v1.0,서울 법정동 시장·건물구조 상대위험,"전세사기 발생확률이 아니며, 공식 동별 피해집계가 없는 지역의 피해 건수를 추정하지 않습니다.",2026-07,2026-07
1174010200,11740,고덕동,강동구,8699.0,2625.0,17.0,690.0,47.129109434787246,2.608695652173913,2.1739130434782608,8699.0,2249.0,25.853546384641913,8.0,124.0,5.336789352090902,0.0,632.0,175.0,261.1428571428571,0.0,202607,202607,1008.0,118.0,6450.0,1763.0,1136.0,699.0,105.0,45.0,1528.0,1302.0,329.0,341.0,901.0,886.0,16225.0,50257.0,25.268817204301076,69.20122887864824,68.04915514592935,26.190476190476193,0.32284059931949777,표제부,1530,331,21.633986928104576,17398.0,17398.0,834.0,897000000.0,3395947.3969044248,815.0,61,79,101,241,223649,1.0775813886938908,13,2727500000,1.1,52.0,88.43683083511777,38.75338753387534,43.39378238341969,34.41558441558442,61.37566137566137,17.16417910447761,45.5026455026455,20.491803278688526,16.53116531165312,27.518946819257476,54.30611020380038,37.887895642504574,높음,주의,0,,,,,20년 이상 주거건물 비중 69.2% | 강동구 공식 피해·보증사고 배경지표 상위 | 비아파트 건물 비중 25.3%,seoul-dong-v1.0,서울 법정동 시장·건물구조 상대위험,"전세사기 발생확률이 아니며, 공식 동별 피해집계가 없는 지역의 피해 건수를 추정하지 않습니다.",2026-07,2026-07
1129013200,11290,보문동3가,성북구,223.0,122.0,3.0,70.0,57.51176312972636,0.0,0.0,223.0,22.0,9.865470852017937,,,,,55.0,1.0,5400.0,0.0,202607,202607,15.0,5.0,201.0,117.0,7.0,0.0,0.0,0.0,126.0,98.0,29.0,3.0,65.0,45.0,1053.0,132.0,29.591836734693878,66.3265306122449,45.91836734693878,3.061224489795918,7.9772727272727275,표제부,126,4,3.1746031746031744,899.0,899.0,32.0,332000000.0,2122426.5273583457,32.0,92,123,56,271,199807,1.3563088380286978,5,1445500000,0.8,48.0,10.06423982869379,15.853658536585366,43.39378238341969,,57.14285714285714,8.955223880597014,50.79365079365079,98.63387978142076,40.10840108401084,29.69608905194394,51.41110453612647,37.87042956519798,보통,주의,0,,,,,20년 이상 주거건물 비중 66.3% | 비아파트 건물 비중 29.6% | 성북구 공식 피해·보증사고 배경지표 상위,seoul-dong-v1.0,서울 법정동 시장·건물구조 상대위험,"전세사기 발생확률이 아니며, 공식 동별 피해집계가 없는 지역의 피해 건수를 추정하지 않습니다.",2026-07,2026-07
1117011300,11170,원효로2가,용산구,736.0,147.0,2.0,41.0,65.27328925844593,0.0,0.0,736.0,716.0,97.28260869565217,2.0,14.0,10.121728581664938,0.0,19.0,61.0,-68.85245901639344,68.85245901639344,202607,202606,86.0,11.0,20.0,7.0,571.0,25.0,59.0,104.0,4.0,2.0,0.0,2.0,0.0,0.0,30.0,95.0,0.0,0.0,0.0,100.0,0.3157894736842105,총괄표제부_보완,520,45,8.653846153846153,1130.0,1130.0,133.0,451000000.0,3992467.0433145007,133.0,1,1,2,4,101982,0.03922260791120002,5,1290000000,0.7,18.0,34.04710920770878,15.853658536585366,96.37305699481865,34.41558441558442,13.492063492063492,76.86567164179104,11.772486772486772,19.94535519125683,60.70460704607046,50.73146797857316,17.883235702240864,37.60968971270411,낮음,주의,0,,,,,최근 36개월 추정 전세가율 65.3% | 최근 매매 단가 하락 신호 0.0% | 용산구 공식 피해·보증사고 배경지표 상위,seoul-dong-v1.0,서울 법정동 시장·건물구조 상대위험,"전세사기 발생확률이 아니며, 공식 동별 피해집계가 없는 지역의 피해 건수를 추정하지 않습니다.",2026-06,2026-07
1120010500,11200,마장동,성동구,2646.0,906.0,20.0,363.0,51.704704528193616,4.132231404958678,4.132231404958678,2646.0,1189.0,44.93575207860922,4.0,22.0,2.7856751824267065,0.0,291.0,49.0,493.87755102040813,0.0,202607,202607,686.0,71.0,1457.0,582.0,407.0,201.0,96.0,52.0,1975.0,1565.0,383.0,459.0,1392.0,1203.0,8568.0,7274.0,24.472843450479235,88.94568690095846,76.86900958466454,29.329073482428115,1.1778938685729998,표제부,1975,276,13.974683544303797,6386.0,6386.0,1182.0,317000000.0,2654011.7366533456,1180.0,4,9,12,25,133771,0.1868865449163122,1,300000000,0.2,10.0,59.743040685224834,41.734417344173444,43.39378238341969,34.41558441558442,93.65079365079364,30.845771144278604,44.44444444444444,64.48087431693989,27.100271002710024,33.86000575223486,62.81121547506214,37.51880732010645,높음,주의,0,,,,,20년 이상 주거건물 비중 88.9% | 비아파트 건물 비중 24.5% | 80% 이상 매칭 비중 4.1%,seoul-dong-v1.0,서울 법정동 시장·건물구조 상대위험,"전세사기 발생확률이 아니며, 공식 동별 피해집계가 없는 지역의 피해 건수를 추정하지 않습니다.",2026-07,2026-07
1144010500,11440,용강동,마포구,1298.0,395.0,11.0,229.0,51.921790229156024,0.0,0.0,1298.0,590.0,45.45454545454545,5.0,30.0,-0.5767584020780518,0.5767584020780518,101.0,36.0,180.55555555555554,0.0,202607,202607,47.0,11.0,708.0,188.0,543.0,196.0,0.0,0.0,382.0,248.0,93.0,57.0,118.0,86.0,2936.0,2216.0,37.5,47.58064516129033,34.67741935483871,22.983870967741936,1.3249097472924187,표제부,381,33,8.661417322834646,2782.0,2782.0,78.0,798500000.0,3375939.0942161763,78.0,44,86,34,164,180580,0.908184738066231,4,760000000,0.3,24.0,34.26124197002141,15.853658536585366,43.39378238341969,72.40259740259741,47.08994708994709,31.592039800995025,63.75661375661375,71.31147540983606,27.64227642276423,33.379297032083116,54.82410198061197,37.33360371440286,높음,주의,0,,,,,최근 매매 단가 하락 신호 0.6% | 비아파트 건물 비중 37.5% | 20년 이상 주거건물 비중 47.6%,seoul-dong-v1.0,서울 법정동 시장·건물구조 상대위험,"전세사기 발생확률이 아니며, 공식 동별 피해집계가 없는 지역의 피해 건수를 추정하지 않습니다.",2026-07,2026-07
1144010800,11440,대흥동,마포구,2671.0,983.0,14.0,394.0,48.11449507671494,2.284263959390863,2.284263959390863,2671.0,1214.0,45.45114189442157,5.0,70.0,13.836331221315094,0.0,190.0,94.0,102.1276595744681,0.0,202607,202607,312.0,59.0,1457.0,518.0,852.0,251.0,50.0,155.0,1069.0,820.0,275.0,246.0,604.0,525.0,6472.0,2011.0,33.53658536585366,73.65853658536585,64.02439024390245,30.0,3.218299353555445,표제부,1066,132,12.382739212007504,5987.0,5987.0,612.0,459000000.0,3774016.3633020776,612.0,44,86,34,164,180580,0.908184738066231,4,760000000,0.3,24.0,52.24839400428265,37.53387533875339,43.39378238341969,34.41558441558442,68.51851851851852,31.343283582089555,57.407407407407405,92.07650273224044,18.428184281842817,29.39078680631406,64.35374680328519,37.32290878460973,높음,주의,0,,,,,20년 이상 주거건물 비중 73.7% | 비아파트 건물 비중 33.5% | 80% 이상 매칭 비중 2.3%,seoul-dong-v1.0,서울 법정동 시장·건물구조 상대위험,"전세사기 발생확률이 아니며, 공식 동별 피해집계가 없는 지역의 피해 건수를 추정하지 않습니다.",2026-07,2026-07
1156012300,11560,문래동5가,영등포구,639.0,276.0,4.0,85.0,55.763398732090835,0.0,0.0,639.0,149.0,23.317683881064163,2.0,4.0,0.7361516417674852,0.0,74.0,8.0,825.0,0.0,202607,202606,17.0,1.0,490.0,181.0,0.0,16.0,132.0,78.0,11.0,5.0,0.0,1.0,0.0,0.0,1053.0,533.0,0.0,0.0,0.0,20.0,1.975609756097561,총괄표제부_보완,79,10,12.658227848101266,2221.0,2221.0,6.0,209000000.0,1632142.5954696545,6.0,84,213,201,498,193619,2.572061626183381,30,7456770000,1.8,79.0,53.104925053533194,15.853658536585366,43.39378238341969,34.41558441558442,13.492063492063492,15.17412935323383,11.772486772486772,83.87978142076503,36.043360433604335,29.39988764359109,31.284962805831974,37.31117328761265,낮음,주의,0,,,,,영등포구 공식 피해·보증사고 배경지표 상위 | 최근 36개월 추정 전세가율 55.8% | 최근 매매 단가 하락 신호 0.0%,seoul-dong-v1.0,서울 법정동 시장·건물구조 상대위험,"전세사기 발생확률이 아니며, 공식 동별 피해집계가 없는 지역의 피해 건수를 추정하지 않습니다.",2026-06,2026-07
1171011400,11710,마천동,송파구,5425.0,1526.0,25.0,607.0,31.733654354111557,0.0,0.0,5425.0,4099.0,75.55760368663594,9.0,162.0,33.581547341135305,0.0,538.0,178.0,202.24719101123597,0.0,202607,202607,1266.0,148.0,1326.0,306.0,2831.0,1071.0,2.0,1.0,3012.0,2703.0,1056.0,397.0,2478.0,2105.0,13108.0,6545.0,39.067702552719204,91.67591564927858,77.87643359230485,14.687384387717351,2.002750190985485,표제부,3009,474,15.752741774675972,9554.0,9554.0,1929.0,573000000.0,3308994.217701431,1929.0,23,69,106,198,289693,0.6834821690548271,16,3253500000,0.8,36.0,68.52248394004282,15.853658536585366,43.39378238341969,34.41558441558442,96.56084656084656,56.96517412935324,66.4021164021164,84.42622950819673,4.0650406504065035,20.7876642079239,77.06948941529627,37.13997087857841,높음,주의,0,,,,,20년 이상 주거건물 비중 91.7% | 비아파트 건물 비중 39.1% | 송파구 공식 피해·보증사고 배경지표 상위,seoul-dong-v1.0,서울 법정동 시장·건물구조 상대위험,"전세사기 발생확률이 아니며, 공식 동별 피해집계가 없는 지역의 피해 건수를 추정하지 않습니다.",2026-07,2026-07
1117013200,11170,동빙고동,용산구,621.0,172.0,10.0,48.0,15.483211285348318,0.0,0.0,621.0,605.0,97.42351046698873,2.0,4.0,-33.244041251288465,33.244041251288465,18.0,41.0,-56.09756097560976,56.09756097560976,202607,202607,254.0,54.0,16.0,8.0,351.0,110.0,0.0,0.0,8.0,7.0,4.0,2.0,0.0,0.0,811.0,956.0,57.14285714285714,0.0,0.0,28.57142857142857,0.8483263598326359,총괄표제부_보완,668,38,5.688622754491018,1679.0,1679.0,359.0,1219000000.0,8333994.509592344,359.0,1,1,2,4,101982,0.03922260791120002,5,1290000000,0.7,18.0,21.199143468950748,15.853658536585366,95.59585492227978,98.7012987012987,13.492063492063492,77.11442786069652,90.87301587301587,45.08196721311475,0.5420054200542005,36.256439885660456,50.72434599797958,37.134950430891166,낮음,주의,0,,,,,최근 매매 단가 하락 신호 33.2% | 비아파트 건물 비중 57.1% | 용산구 공식 피해·보증사고 배경지표 상위,seoul-dong-v1.0,서울 법정동 시장·건물구조 상대위험,"전세사기 발생확률이 아니며, 공식 동별 피해집계가 없는 지역의 피해 건수를 추정하지 않습니다.",2026-07,2026-07
1135010400,11350,하계동,노원구,5154.0,1925.0,18.0,733.0,51.59419712080295,1.5006821282401093,0.4092769440654843,5154.0,349.0,6.7714396585176555,4.0,9.0,45.23639366121394,0.0,781.0,24.0,3154.1666666666665,0.0,202607,202607,91.0,8.0,4805.0,1771.0,254.0,132.0,4.0,14.0,684.0,487.0,146.0,78.0,397.0,246.0,19149.0,3909.0,29.97946611909651,81.51950718685832,50.513347022587276,16.01642710472279,4.898695318495779,표제부,684,101,14.76608187134503,19339.0,19339.0,163.0,324000000.0,1906318.082788671,163.0,2,11,9,22,217498,0.10115035540556695,6,1396750000,0.6,15.0,63.597430406852254,35.50135501355013,43.39378238341969,34.41558441558442,83.33333333333334,7.462686567164178,51.587301587301596,95.3551912568306,26.01626016260163,29.529827375824233,68.49101873814901,37.09065111003179,높음,주의,0,,,,,20년 이상 주거건물 비중 81.5% | 비아파트 건물 비중 30.0% | 80% 이상 매칭 비중 1.5%,seoul-dong-v1.0,서울 법정동 시장·건물구조 상대위험,"전세사기 발생확률이 아니며, 공식 동별 피해집계가 없는 지역의 피해 건수를 추정하지 않습니다.",2026-07,2026-07
1111014200,11110,소격동,종로구,,,,,,,,,,,,,,,,,,,,,,,,,,,,,,,,,,,,,,,,,,,113,10,8.849557522123893,10.0,10.0,36.0,644500000.0,8449301.53285752,36.0,5,14,15,34,72503,0.46894611257465213,3,527000000,1.0,40.0,35.33190578158458,,,,,,,,,,35.33190578158458,37.08244111349036,자료 부족,자료 부족,0,,,,,종로구 공식 피해·보증사고 배경지표 상위,seoul-dong-v1.0,서울 법정동 시장·건물구조 상대위험,"전세사기 발생확률이 아니며, 공식 동별 피해집계가 없는 지역의 피해 건수를 추정하지 않습니다.",,
1168011100,11680,세곡동,강남구,2828.0,477.0,11.0,241.0,52.09524448706583,26.556016597510375,10.78838174273859,2828.0,992.0,35.07779349363508,5.0,17.0,8.693929935006729,0.0,112.0,25.0,348.00000000000006,0.0,202607,202607,250.0,13.0,1836.0,257.0,178.0,44.0,564.0,163.0,9.0,9.0,1.0,0.0,0.0,0.0,4042.0,5074.0,11.11111111111111,0.0,0.0,0.0,0.7966101694915254,총괄표제부_보완,476,52,10.92436974789916,5101.0,5101.0,210.0,1489500000.0,5430826.242648793,210.0,11,30,27,68,244779,0.27780160879814036,5,1585000000,0.6,21.0,46.466809421841546,78.59078590785907,43.39378238341969,34.41558441558442,13.492063492063492,23.6318407960199,33.33333333333333,42.07650273224044,28.184281842818425,42.786309194373764,32.31118650055358,36.89958214176265,낮음,주의,0,,,,,80% 이상 매칭 비중 26.6% | 최근 매매 단가 하락 신호 0.0% | 비아파트 건물 비중 11.1%,seoul-dong-v1.0,서울 법정동 시장·건물구조 상대위험,"전세사기 발생확률이 아니며, 공식 동별 피해집계가 없는 지역의 피해 건수를 추정하지 않습니다.",2026-07,2026-07
1111010700,11110,적선동,종로구,0.0,44.0,,,,,,,,,,,,,3.0,3.0,0.0,-0.0,,202605,0.0,1.0,0.0,0.0,0.0,0.0,0.0,43.0,,,,,,,,,,,,,,,56,3,5.357142857142857,472.0,472.0,1.0,545000000.0,12285843.101893598,1.0,5,14,15,34,72503,0.46894611257465213,3,527000000,1.0,40.0,19.271948608137045,,43.39378238341969,,,,,,,43.39378238341969,19.271948608137045,36.85425658208607,낮음,주의,0,,,,,종로구 공식 피해·보증사고 배경지표 상위,seoul-dong-v1.0,서울 법정동 시장·건물구조 상대위험,"전세사기 발생확률이 아니며, 공식 동별 피해집계가 없는 지역의 피해 건수를 추정하지 않습니다.",2026-05,
1114013400,11140,인현동2가,중구,224.0,65.0,3.0,36.0,67.44118758916781,0.0,0.0,224.0,0.0,0.0,,,,,27.0,1.0,2600.0,0.0,202607,202607,0.0,4.0,224.0,61.0,0.0,0.0,0.0,0.0,26.0,17.0,0.0,1.0,0.0,0.0,17.0,2.0,0.0,0.0,0.0,5.88235294117647,8.5,총괄표제부_보완,334,58,17.365269461077844,886.0,886.0,20.0,324500000.0,7736210.120655926,20.0,2,10,7,19,63882,0.2974233743464512,2,350000000,0.4,18.0,74.30406852248393,15.853658536585366,43.39378238341969,,13.492063492063492,1.4925373134328357,11.772486772486772,98.90710382513662,66.12466124661248,41.06107188526658,37.77888986027786,36.78136559622941,낮음,주의,0,,,,,최근 36개월 추정 전세가율 67.4% | 중구 공식 피해·보증사고 배경지표 상위 | 80% 이상 매칭 비중 0.0%,seoul-dong-v1.0,서울 법정동 시장·건물구조 상대위험,"전세사기 발생확률이 아니며, 공식 동별 피해집계가 없는 지역의 피해 건수를 추정하지 않습니다.",2026-07,2026-07
1174010300,11740,상일동,강동구,7017.0,1924.0,22.0,417.0,47.792469274520386,0.9592326139088728,0.9592326139088728,7017.0,892.0,12.711985178851362,4.0,18.0,14.782419398659616,0.0,610.0,30.0,1933.3333333333333,0.0,202607,202607,281.0,20.0,6125.0,1572.0,611.0,332.0,0.0,0.0,967.0,808.0,195.0,186.0,355.0,337.0,18453.0,19301.0,24.133663366336634,43.93564356435643,41.70792079207921,23.01980198019802,0.9560644526190353,표제부,967,173,17.890382626680452,18549.0,18549.0,258.0,640500000.0,2576892.533136548,258.0,61,79,101,241,223649,1.0775813886938908,13,2727500000,1.1,52.0,76.65952890792292,34.68834688346883,43.39378238341969,34.41558441558442,45.767195767195766,9.701492537313433,44.17989417989418,53.825136612021865,18.157181571815716,26.40682450400447,52.51943288714448,36.7739529241888,높음,주의,0,,,,,강동구 공식 피해·보증사고 배경지표 상위 | 20년 이상 주거건물 비중 43.9% | 비아파트 건물 비중 24.1%,seoul-dong-v1.0,서울 법정동 시장·건물구조 상대위험,"전세사기 발생확률이 아니며, 공식 동별 피해집계가 없는 지역의 피해 건수를 추정하지 않습니다.",2026-07,2026-07
1114014500,11140,광희동1가,중구,23.0,151.0,2.0,11.0,59.85331491852781,0.0,0.0,23.0,23.0,100.0,2.0,5.0,64.99701643836663,0.0,78.0,16.0,387.5,0.0,202412,202606,0.0,7.0,0.0,0.0,0.0,0.0,23.0,144.0,19.0,9.0,1.0,1.0,0.0,0.0,231.0,91.0,11.11111111111111,0.0,0.0,11.11111111111111,2.5384615384615383,총괄표제부_보완,277,29,10.469314079422382,546.0,546.0,27.0,456000000.0,6513787.281935847,27.0,2,10,7,19,63882,0.2974233743464512,2,350000000,0.4,18.0,44.96788008565311,15.853658536585366,43.39378238341969,34.41558441558442,13.492063492063492,91.91542288557214,33.33333333333333,89.07103825136612,44.173441734417345,40.326049517150125,39.06058096118474,36.66077495058626,낮음,주의,0,,,,,최근 36개월 추정 전세가율 59.9% | 최근 매매 단가 하락 신호 0.0% | 비아파트 건물 비중 11.1%,seoul-dong-v1.0,서울 법정동 시장·건물구조 상대위험,"전세사기 발생확률이 아니며, 공식 동별 피해집계가 없는 지역의 피해 건수를 추정하지 않습니다.",2026-06,2024-12
1165010300,11650,우면동,서초구,4868.0,901.0,20.0,405.0,51.86299650350252,14.814814814814813,14.814814814814813,4868.0,938.0,19.268693508627774,7.0,30.0,12.207015030940296,0.0,179.0,54.0,231.4814814814815,0.0,202607,202607,118.0,13.0,3930.0,571.0,502.0,140.0,318.0,177.0,765.0,605.0,87.0,26.0,264.0,188.0,10032.0,8362.0,14.380165289256198,43.63636363636363,31.074380165289256,4.297520661157025,1.1997129873236068,표제부,764,35,4.5811518324607325,10718.0,10718.0,240.0,1600500000.0,6249977.353339156,240.0,3,10,16,29,173895,0.16676730210759366,5,1573500000,0.8,26.0,16.488222698072803,63.55013550135501,43.39378238341969,34.41558441558442,45.5026455026455,12.686567164179104,37.301587301587304,66.12021857923497,27.371273712737125,37.60641597753114,39.511973622796106,36.341842992217714,높음,주의,0,,,,,80% 이상 매칭 비중 14.8% | 20년 이상 주거건물 비중 43.6% | 비아파트 건물 비중 14.4%,seoul-dong-v1.0,서울 법정동 시장·건물구조 상대위험,"전세사기 발생확률이 아니며, 공식 동별 피해집계가 없는 지역의 피해 건수를 추정하지 않습니다.",2026-07,2026-07
1114015600,11140,입정동,중구,302.0,62.0,3.0,55.0,61.79543037464798,3.6363636363636362,0.0,302.0,0.0,0.0,,,,,36.0,0.0,,,202607,202607,0.0,5.0,302.0,57.0,0.0,0.0,0.0,0.0,,,,,,,,,,,,,,,22,2,9.090909090909092,1594.0,1594.0,,,,,2,10,7,19,63882,0.2974233743464512,2,350000000,0.4,18.0,37.04496788008566,40.921409214092144,,,,1.4925373134328357,,,50.135501355013545,40.578408769162316,37.04496788008566,36.308287231518804,낮음,주의,0,,,,,최근 36개월 추정 전세가율 61.8% | 80% 이상 매칭 비중 3.6% | 중구 공식 피해·보증사고 배경지표 상위,seoul-dong-v1.0,서울 법정동 시장·건물구조 상대위험,"전세사기 발생확률이 아니며, 공식 동별 피해집계가 없는 지역의 피해 건수를 추정하지 않습니다.",2026-07,2026-07
1168010400,11680,청담동,강남구,3328.0,1061.0,35.0,394.0,48.95560345125279,2.284263959390863,2.284263959390863,3328.0,1097.0,32.96274038461539,9.0,55.0,-2.7111149640856596,2.7111149640856596,232.0,93.0,149.46236559139786,0.0,202607,202607,312.0,34.0,2231.0,551.0,729.0,235.0,56.0,241.0,43.0,34.0,8.0,7.0,14.0,1.0,4135.0,5272.0,23.52941176470588,41.17647058823529,2.941176470588235,20.588235294117645,0.7843323216995448,총괄표제부_보완,1748,224,12.814645308924485,10679.0,10679.0,376.0,2243500000.0,5968252.465472126,376.0,11,30,27,68,244779,0.27780160879814036,5,1585000000,0.6,21.0,54.603854389721626,37.53387533875339,43.39378238341969,82.46753246753246,45.23809523809524,21.393034825870647,43.91534391534391,40.98360655737705,19.51219512195122,36.03715847452774,45.94397323721226,36.25828839401971,보통,주의,0,,,,,최근 매매 단가 하락 신호 2.7% | 20년 이상 주거건물 비중 41.2% | 비아파트 건물 비중 23.5%,seoul-dong-v1.0,서울 법정동 시장·건물구조 상대위험,"전세사기 발생확률이 아니며, 공식 동별 피해집계가 없는 지역의 피해 건수를 추정하지 않습니다.",2026-07,2026-07
1120010800,11200,응봉동,성동구,2259.0,932.0,12.0,410.0,38.46015655152186,0.0,0.0,2259.0,603.0,26.693227091633464,5.0,44.0,-10.880687999147332,10.880687999147332,213.0,53.0,301.8867924528302,0.0,202607,202607,95.0,16.0,1656.0,553.0,508.0,363.0,0.0,0.0,571.0,538.0,232.0,50.0,529.0,433.0,5843.0,1571.0,43.12267657992565,98.3271375464684,80.48327137546468,9.293680297397769,3.71928707829408,표제부,566,39,6.890459363957597,5447.0,5447.0,144.0,529000000.0,3787742.2336396184,144.0,4,9,12,25,133771,0.1868865449163122,1,300000000,0.2,10.0,25.910064239828696,15.853658536585366,43.39378238341969,94.48051948051948,97.88359788359789,18.407960199004975,75.13227513227513,92.62295081967213,7.317073170731707,27.242496082759413,73.59926499472607,36.245313898337166,높음,주의,0,,,,,20년 이상 주거건물 비중 98.3% | 최근 매매 단가 하락 신호 10.9% | 비아파트 건물 비중 43.1%,seoul-dong-v1.0,서울 법정동 시장·건물구조 상대위험,"전세사기 발생확률이 아니며, 공식 동별 피해집계가 없는 지역의 피해 건수를 추정하지 않습니다.",2026-07,2026-07
1111012100,11110,신문로2가,종로구,103.0,125.0,5.0,13.0,64.55234560573948,0.0,0.0,103.0,93.0,90.29126213592234,2.0,6.0,5.347466415850281,0.0,26.0,14.0,85.71428571428572,0.0,202607,202607,28.0,15.0,10.0,15.0,32.0,38.0,33.0,57.0,4.0,1.0,0.0,1.0,0.0,0.0,1.0,0.0,0.0,0.0,0.0,100.0,,총괄표제부_보완,223,15,6.726457399103139,466.0,466.0,77.0,588000000.0,5668642.102550888,77.0,5,14,15,34,72503,0.46894611257465213,3,527000000,1.0,40.0,25.267665952890795,15.853658536585366,43.39378238341969,34.41558441558442,13.492063492063492,67.91044776119402,11.772486772486772,,59.078590785907856,43.88761162530852,15.453580908927929,36.19596220241709,낮음,주의,0,,,,,최근 36개월 추정 전세가율 64.6% | 종로구 공식 피해·보증사고 배경지표 상위 | 최근 매매 단가 하락 신호 0.0%,seoul-dong-v1.0,서울 법정동 시장·건물구조 상대위험,"전세사기 발생확률이 아니며, 공식 동별 피해집계가 없는 지역의 피해 건수를 추정하지 않습니다.",2026-07,2026-07
1165010600,11650,잠원동,서초구,8058.0,1827.0,23.0,579.0,36.73723245211753,0.8635578583765112,0.0,8058.0,667.0,8.277488210474063,5.0,19.0,-1.9250921287769278,1.9250921287769278,253.0,39.0,548.7179487179487,0.0,202607,202607,274.0,7.0,7391.0,1638.0,336.0,81.0,57.0,101.0,972.0,626.0,180.0,158.0,429.0,259.0,18020.0,8886.0,28.753993610223645,68.53035143769968,41.373801916932905,25.23961661341853,2.0279090704478957,표제부,969,167,17.234262125902994,20156.0,20156.0,262.0,1169500000.0,3959886.066057574,262.0,3,10,16,29,173895,0.16676730210759366,5,1573500000,0.8,26.0,74.08993576017131,34.417344173441734,43.39378238341969,78.24675324675324,59.523809523809526,8.45771144278607,49.47089947089947,84.69945355191257,5.9620596205962055,27.91132226123248,62.19221735413332,36.19484769527282,높음,주의,0,,,,,최근 매매 단가 하락 신호 1.9% | 20년 이상 주거건물 비중 68.5% | 비아파트 건물 비중 28.8%,seoul-dong-v1.0,서울 법정동 시장·건물구조 상대위험,"전세사기 발생확률이 아니며, 공식 동별 피해집계가 없는 지역의 피해 건수를 추정하지 않습니다.",2026-07,2026-07
1117010800,11170,서계동,용산구,908.0,374.0,14.0,137.0,35.11000725904547,13.138686131386862,0.0,908.0,908.0,100.0,6.0,35.0,6.622678460568454,0.0,147.0,48.0,206.25,0.0,202607,202607,327.0,71.0,0.0,70.0,543.0,194.0,38.0,39.0,5.0,2.0,1.0,1.0,0.0,0.0,37.0,47.0,50.0,0.0,0.0,50.0,0.7872340425531915,총괄표제부_보완,1174,73,6.218057921635435,1860.0,1860.0,647.0,399000000.0,4582140.067690706,647.0,1,1,2,4,101982,0.03922260791120002,5,1290000000,0.7,18.0,22.91220556745182,59.891598915989164,43.39378238341969,34.41558441558442,13.492063492063492,91.91542288557214,83.994708994709,41.2568306010929,5.149051490514905,35.7257785144401,47.74186517455377,36.07093340230251,낮음,주의,0,,,,,비아파트 건물 비중 50.0% | 80% 이상 매칭 비중 13.1% | 최근 매매 단가 하락 신호 0.0%,seoul-dong-v1.0,서울 법정동 시장·건물구조 상대위험,"전세사기 발생확률이 아니며, 공식 동별 피해집계가 없는 지역의 피해 건수를 추정하지 않습니다.",2026-07,2026-07
1159010400,11590,본동,동작구,1836.0,524.0,9.0,223.0,46.257199854024975,0.0,0.0,1836.0,409.0,22.27668845315904,1.0,2.0,-24.832155798147294,24.832155798147294,128.0,28.0,357.1428571428571,0.0,202607,202607,232.0,47.0,1427.0,424.0,177.0,53.0,0.0,0.0,881.0,742.0,97.0,43.0,351.0,289.0,4683.0,4217.0,13.07277628032345,47.304582210242586,38.94878706199461,5.795148247978436,1.1105050984111928,표제부,881,41,4.6538024971623155,3736.0,3736.0,335.0,430000000.0,3068699.267471788,333.0,188,392,394,974,188064,5.179087970052748,5,1111000000,0.6,55.0,16.70235546038544,15.853658536585366,43.39378238341969,98.05194805194806,46.82539682539682,14.17910447761194,35.18518518518518,62.295081967213115,14.634146341463413,30.282154064627075,38.465156667582335,36.03558160567183,높음,주의,0,,,,,최근 매매 단가 하락 신호 24.8% | 동작구 공식 피해·보증사고 배경지표 상위 | 20년 이상 주거건물 비중 47.3%,seoul-dong-v1.0,서울 법정동 시장·건물구조 상대위험,"전세사기 발생확률이 아니며, 공식 동별 피해집계가 없는 지역의 피해 건수를 추정하지 않습니다.",2026-07,2026-07
1117012800,11170,한강로3가,용산구,1263.0,464.0,16.0,174.0,57.75894899956736,20.689655172413794,20.689655172413794,1263.0,330.0,26.128266033254157,2.0,18.0,23.425643122608992,0.0,116.0,39.0,197.43589743589746,0.0,202607,202607,147.0,33.0,933.0,216.0,66.0,13.0,117.0,202.0,9.0,4.0,0.0,3.0,2.0,0.0,1383.0,2879.0,0.0,50.0,0.0,75.0,0.48037513025356027,총괄표제부_보완,881,53,6.015891032917139,5225.0,5225.0,396.0,832000000.0,16929276.46220956,390.0,1,1,2,4,101982,0.03922260791120002,5,1290000000,0.7,18.0,21.841541755888652,70.73170731707317,43.39378238341969,34.41558441558442,47.75132275132275,17.412935323383085,11.772486772486772,25.683060109289617,40.65040650406504,45.18609886391226,24.867592764396573,36.0285575094465,낮음,주의,0,,,,,80% 이상 매칭 비중 20.7% | 20년 이상 주거건물 비중 50.0% | 최근 36개월 추정 전세가율 57.8%,seoul-dong-v1.0,서울 법정동 시장·건물구조 상대위험,"전세사기 발생확률이 아니며, 공식 동별 피해집계가 없는 지역의 피해 건수를 추정하지 않습니다.",2026-07,2026-07
1165010700,11650,반포동,서초구,11894.0,2857.0,40.0,896.0,49.067795411195426,2.34375,1.8973214285714284,11894.0,3451.0,29.014629224819238,12.0,99.0,21.797116808319156,0.0,442.0,109.0,305.5045871559633,0.0,202607,202607,595.0,45.0,8443.0,1867.0,2856.0,943.0,0.0,2.0,2256.0,1713.0,603.0,274.0,1066.0,655.0,28931.0,24435.0,35.20140105078809,62.23000583771162,38.23701109165207,15.995329830706362,1.183998363003888,표제부,2255,310,13.747228381374724,29347.0,29347.0,629.0,1541000000.0,4203581.087382263,629.0,3,10,16,29,173895,0.16676730210759366,5,1573500000,0.8,26.0,58.886509635974306,38.21138211382114,43.39378238341969,34.41558441558442,52.38095238095239,19.900497512437813,60.317460317460316,65.02732240437157,20.05420054200542,29.066291397180866,58.753622510072816,36.02818046582672,높음,주의,0,,,,,비아파트 건물 비중 35.2% | 20년 이상 주거건물 비중 62.2% | 80% 이상 매칭 비중 2.3%,seoul-dong-v1.0,서울 법정동 시장·건물구조 상대위험,"전세사기 발생확률이 아니며, 공식 동별 피해집계가 없는 지역의 피해 건수를 추정하지 않습니다.",2026-07,2026-07
1156013400,11560,양평동,영등포구,,,,,,,,,,,,,,,,,,,,,,,,,,,,,25.0,24.0,0.0,0.0,0.0,0.0,86.0,0.0,0.0,0.0,0.0,0.0,,총괄표제부_보완,149,0,0.0,,,,,,,84,213,201,498,193619,2.572061626183381,30,7456770000,1.8,79.0,3.1049250535331905,,,,13.492063492063492,,11.772486772486772,,,,10.2388183443732,36.024261465233245,낮음,주의,0,,,,,영등포구 공식 피해·보증사고 배경지표 상위 | 20년 이상 주거건물 비중 0.0% | 비아파트 건물 비중 0.0%,seoul-dong-v1.0,서울 법정동 시장·건물구조 상대위험,"전세사기 발생확률이 아니며, 공식 동별 피해집계가 없는 지역의 피해 건수를 추정하지 않습니다.",,
1129010100,11290,성북동,성북구,1985.0,585.0,24.0,206.0,45.25459345433549,0.0,0.0,1985.0,1955.0,98.48866498740554,11.0,45.0,12.443849612165597,0.0,138.0,61.0,126.2295081967213,0.0,202607,202607,472.0,198.0,30.0,12.0,1483.0,375.0,0.0,0.0,2556.0,2120.0,389.0,139.0,1601.0,1370.0,4696.0,4705.0,18.349056603773583,75.5188679245283,64.62264150943396,6.556603773584905,0.9980871413390011,표제부,2556,202,7.902973395931142,2073.0,2073.0,1737.0,537000000.0,5095962.938451357,1737.0,92,123,56,271,199807,1.3563088380286978,5,1445500000,0.8,48.0,31.049250535331907,15.853658536585366,43.39378238341969,34.41558441558442,71.95767195767195,79.35323383084577,40.21164021164021,55.73770491803278,13.821138211382115,26.928909202463394,48.64457991884537,35.518490501189376,높음,주의,0,,,,,20년 이상 주거건물 비중 75.5% | 성북구 공식 피해·보증사고 배경지표 상위 | 비아파트 건물 비중 18.3%,seoul-dong-v1.0,서울 법정동 시장·건물구조 상대위험,"전세사기 발생확률이 아니며, 공식 동별 피해집계가 없는 지역의 피해 건수를 추정하지 않습니다.",2026-07,2026-07
1111014700,11110,재동,종로구,0.0,8.0,,,,,,,,,,,,,2.0,1.0,100.0,0.0,,202510,0.0,8.0,0.0,0.0,0.0,0.0,0.0,0.0,,,,,,,,,,,,,,,123,5,4.0650406504065035,,,24.0,589500000.0,8580057.355257977,24.0,5,14,15,34,72503,0.46894611257465213,3,527000000,1.0,40.0,13.9186295503212,,43.39378238341969,,,,,,,43.39378238341969,13.9186295503212,35.51592681763211,낮음,주의,0,,,,,종로구 공식 피해·보증사고 배경지표 상위,seoul-dong-v1.0,서울 법정동 시장·건물구조 상대위험,"전세사기 발생확률이 아니며, 공식 동별 피해집계가 없는 지역의 피해 건수를 추정하지 않습니다.",2025-10,
1141010200,11410,충정로3가,서대문구,602.0,274.0,17.0,109.0,35.86319680610208,0.0,0.0,602.0,357.0,59.30232558139535,5.0,14.0,21.038150594936116,0.0,67.0,34.0,97.05882352941177,0.0,202607,202607,104.0,48.0,245.0,103.0,241.0,99.0,12.0,24.0,630.0,507.0,69.0,75.0,429.0,389.0,2315.0,2824.0,13.609467455621301,84.61538461538461,76.72583826429981,14.792899408284024,0.8197592067988668,표제부,633,102,16.113744075829384,2016.0,2016.0,326.0,378000000.0,4061203.857599594,324.0,31,109,60,200,147178,1.3588987484542527,7,1682000000,1.2,62.0,70.44967880085653,15.853658536585366,43.39378238341969,34.41558441558442,87.56613756613757,42.28855721393035,35.44973544973545,43.169398907103826,5.420054200542006,19.862007936435813,56.63677416766545,35.37639830377785,높음,주의,0,,,,,20년 이상 주거건물 비중 84.6% | 서대문구 공식 피해·보증사고 배경지표 상위 | 비아파트 건물 비중 13.6%,seoul-dong-v1.0,서울 법정동 시장·건물구조 상대위험,"전세사기 발생확률이 아니며, 공식 동별 피해집계가 없는 지역의 피해 건수를 추정하지 않습니다.",2026-07,2026-07
1114015700,11140,산림동,중구,3.0,36.0,,,,,,3.0,0.0,0.0,,,,,0.0,2.0,-100.0,100.0,202402,202412,0.0,35.0,3.0,1.0,0.0,0.0,0.0,0.0,,,,,,,,,,,,,,,167,5,2.9940119760479043,1470.0,1470.0,3.0,720000000.0,10183387.270765912,3.0,2,10,7,19,63882,0.2974233743464512,2,350000000,0.4,18.0,9.421841541755889,,98.96373056994818,,,1.4925373134328357,,,,50.2281339416905,9.421841541755889,35.192340750453276,낮음,주의,0,,,,,중구 공식 피해·보증사고 배경지표 상위,seoul-dong-v1.0,서울 법정동 시장·건물구조 상대위험,"전세사기 발생확률이 아니며, 공식 동별 피해집계가 없는 지역의 피해 건수를 추정하지 않습니다.",2024-12,2024-02
1114016700,11140,정동,중구,153.0,37.0,3.0,14.0,74.21656897102275,0.0,0.0,153.0,0.0,0.0,,,,,5.0,0.0,,,202607,202607,0.0,0.0,153.0,37.0,0.0,0.0,0.0,0.0,15.0,3.0,0.0,0.0,0.0,0.0,3.0,497.0,0.0,0.0,0.0,0.0,0.006036217303822937,총괄표제부_보완,114,6,5.263157894736842,359.0,359.0,2.0,978000000.0,2812703.888804353,2.0,2,10,7,19,63882,0.2974233743464512,2,350000000,0.4,18.0,18.950749464668093,15.853658536585366,,,13.492063492063492,1.4925373134328357,11.772486772486772,4.098360655737705,81.30081300813008,48.84399142498888,12.486914573304857,35.12812349831954,낮음,주의,0,,,,,최근 36개월 추정 전세가율 74.2% | 중구 공식 피해·보증사고 배경지표 상위 | 80% 이상 매칭 비중 0.0%,seoul-dong-v1.0,서울 법정동 시장·건물구조 상대위험,"전세사기 발생확률이 아니며, 공식 동별 피해집계가 없는 지역의 피해 건수를 추정하지 않습니다.",2026-07,2026-07
1129010500,11290,동소문동2가,성북구,31.0,12.0,1.0,2.0,14.38149334453311,0.0,0.0,31.0,31.0,100.0,,,,,3.0,4.0,-25.0,25.0,202606,202606,31.0,12.0,0.0,0.0,0.0,0.0,0.0,0.0,256.0,175.0,17.0,26.0,58.0,55.0,288.0,48.0,9.714285714285714,33.14285714285714,31.428571428571427,14.857142857142858,6.0,표제부,256,34,13.28125,2.0,2.0,164.0,256000000.0,6568045.925859684,164.0,92,123,56,271,199807,1.3563088380286978,5,1445500000,0.8,48.0,56.74518201284796,15.853658536585366,89.50777202072538,,42.857142857142854,91.91542288557214,30.423280423280424,97.6775956284153,0.27100271002710025,26.134276716219926,48.884273630429774,35.1016344373394,낮음,주의,0,,,,,성북구 공식 피해·보증사고 배경지표 상위 | 20년 이상 주거건물 비중 33.1% | 비아파트 건물 비중 9.7%,seoul-dong-v1.0,서울 법정동 시장·건물구조 상대위험,"전세사기 발생확률이 아니며, 공식 동별 피해집계가 없는 지역의 피해 건수를 추정하지 않습니다.",2026-06,2026-06
1156010100,11560,영등포동,영등포구,2107.0,545.0,12.0,278.0,49.081471628637125,0.0,0.0,2107.0,727.0,34.50403417180826,2.0,6.0,68.34960556175936,0.0,176.0,15.0,1073.3333333333333,0.0,202607,202607,263.0,18.0,1380.0,420.0,446.0,98.0,18.0,9.0,73.0,69.0,7.0,18.0,3.0,2.0,3535.0,4314.0,10.144927536231885,4.3478260869565215,2.898550724637681,26.08695652173913,0.8194251274918869,총괄표제부_보완,1147,128,11.159546643417611,3949.0,3949.0,430.0,473000000.0,2661333.940815198,430.0,84,213,201,498,193619,2.572061626183381,30,7456770000,1.8,79.0,47.75160599571734,15.853658536585366,43.39378238341969,34.41558441558442,28.306878306878307,22.388059701492537,31.216931216931215,42.89617486338798,20.32520325203252,23.834017805788235,35.54823949214373,35.03747055650887,보통,주의,0,,,,,영등포구 공식 피해·보증사고 배경지표 상위 | 최근 매매 단가 하락 신호 0.0% | 비아파트 건물 비중 10.1%,seoul-dong-v1.0,서울 법정동 시장·건물구조 상대위험,"전세사기 발생확률이 아니며, 공식 동별 피해집계가 없는 지역의 피해 건수를 추정하지 않습니다.",2026-07,2026-07
1111017400,11110,창신동,종로구,2139.0,864.0,25.0,355.0,48.9764094753171,0.8450704225352111,0.0,2139.0,1172.0,54.79195885928003,4.0,19.0,10.548776974377724,0.0,233.0,32.0,628.125,0.0,202607,202607,407.0,117.0,967.0,359.0,680.0,277.0,85.0,111.0,114.0,71.0,1.0,2.0,4.0,2.0,2314.0,558.0,1.4084507042253522,5.633802816901409,2.8169014084507045,2.8169014084507045,4.146953405017921,총괄표제부_보완,2860,442,15.454545454545453,7993.0,7993.0,1478.0,265000000.0,2471984.777274224,1478.0,5,14,15,34,72503,0.46894611257465213,3,527000000,1.0,40.0,66.80942184154176,34.146341463414636,43.39378238341969,34.41558441558442,29.100529100529098,38.80597014925373,24.074074074074073,94.53551912568307,19.78319783197832,29.832177414249994,44.446974141922716,35.01104998403068,보통,주의,0,,,,,종로구 공식 피해·보증사고 배경지표 상위 | 최근 매매 단가 하락 신호 0.0% | 80% 이상 매칭 비중 0.8%,seoul-dong-v1.0,서울 법정동 시장·건물구조 상대위험,"전세사기 발생확률이 아니며, 공식 동별 피해집계가 없는 지역의 피해 건수를 추정하지 않습니다.",2026-07,2026-07
1129013400,11290,길음동,성북구,7473.0,2580.0,16.0,378.0,55.898308172113275,0.0,0.0,7473.0,380.0,5.084972567911147,2.0,8.0,9.098185958130008,0.0,930.0,23.0,3943.478260869565,0.0,202607,202607,237.0,40.0,7093.0,2442.0,143.0,98.0,0.0,0.0,1378.0,1121.0,169.0,74.0,784.0,553.0,19913.0,40511.0,15.075825156110614,69.93755575379126,49.33095450490633,6.601248884924176,0.4915455061588211,표제부,1382,121,8.755426917510855,20169.0,20169.0,408.0,389000000.0,2561158.4090435677,407.0,92,123,56,271,199807,1.3563088380286978,5,1445500000,0.8,48.0,34.90364025695932,15.853658536585366,43.39378238341969,34.41558441558442,62.43386243386243,6.218905472636816,37.56613756613756,25.956284153005466,36.31436314363143,28.61276633954223,41.50909130926332,34.744932631041166,높음,낮음,0,,,,,20년 이상 주거건물 비중 69.9% | 성북구 공식 피해·보증사고 배경지표 상위 | 비아파트 건물 비중 15.1%,seoul-dong-v1.0,서울 법정동 시장·건물구조 상대위험,"전세사기 발생확률이 아니며, 공식 동별 피해집계가 없는 지역의 피해 건수를 추정하지 않습니다.",2026-07,2026-07
1114014300,11140,장충동1가,중구,211.0,98.0,8.0,26.0,61.964736756337544,0.0,0.0,211.0,203.0,96.2085308056872,1.0,2.0,11.055726296004575,0.0,10.0,13.0,-23.076923076923073,23.076923076923073,202605,202607,48.0,13.0,8.0,9.0,155.0,76.0,0.0,0.0,2.0,1.0,0.0,1.0,0.0,0.0,1.0,35.0,0.0,0.0,0.0,100.0,0.02857142857142857,총괄표제부_보완,339,35,10.32448377581121,466.0,466.0,165.0,430000000.0,2806535.671526164,165.0,2,10,7,19,63882,0.2974233743464512,2,350000000,0.4,18.0,44.11134903640257,15.853658536585366,88.86010362694302,34.41558441558442,13.492063492063492,75.3731343283582,11.772486772486772,7.103825136612022,50.67750677506775,45.82007880204123,17.969854159782898,34.68451082117046,낮음,낮음,0,,,,,최근 36개월 추정 전세가율 62.0% | 최근 매매 단가 하락 신호 0.0% | 중구 공식 피해·보증사고 배경지표 상위,seoul-dong-v1.0,서울 법정동 시장·건물구조 상대위험,"전세사기 발생확률이 아니며, 공식 동별 피해집계가 없는 지역의 피해 건수를 추정하지 않습니다.",2026-07,2026-05
1138010100,11380,수색동,은평구,3291.0,810.0,17.0,352.0,53.18665677504405,0.5681818181818182,0.0,3291.0,618.0,18.77848678213309,1.0,4.0,21.88080108246575,0.0,400.0,20.0,1900.0,0.0,202607,202607,64.0,13.0,2673.0,691.0,554.0,106.0,0.0,0.0,39.0,22.0,2.0,5.0,5.0,2.0,7297.0,8593.0,9.090909090909092,22.727272727272727,9.090909090909092,22.727272727272727,0.8491795647620156,총괄표제부_보완,729,73,10.013717421124829,8405.0,8405.0,167.0,343000000.0,2508735.1502445843,167.0,135,182,100,417,214777,1.9415486760686664,6,1752000000,0.6,45.0,42.398286937901496,32.52032520325203,43.39378238341969,34.41558441558442,40.476190476190474,12.437810945273633,30.02645502645503,45.3551912568306,30.081300813008134,30.908098621223257,37.41256570573452,34.64800059916759,낮음,낮음,0,,,,,은평구 공식 피해·보증사고 배경지표 상위 | 20년 이상 주거건물 비중 22.7% | 최근 매매 단가 하락 신호 0.0%,seoul-dong-v1.0,서울 법정동 시장·건물구조 상대위험,"전세사기 발생확률이 아니며, 공식 동별 피해집계가 없는 지역의 피해 건수를 추정하지 않습니다.",2026-07,2026-07
1114011200,11140,남창동,중구,12.0,20.0,,,,,,12.0,9.0,75.0,,,,,6.0,4.0,50.0,0.0,202601,202606,5.0,13.0,3.0,5.0,4.0,2.0,0.0,0.0,1.0,0.0,0.0,0.0,0.0,0.0,0.0,75.0,,,,,0.0,총괄표제부_보완,705,25,3.546099290780142,3582.0,3582.0,56.0,277000000.0,3693916.982652526,56.0,2,10,7,19,63882,0.2974233743464512,2,350000000,0.4,18.0,11.991434689507495,,43.39378238341969,,,56.46766169154229,,1.912568306010929,,49.93072203748099,7.671920525151823,34.57641335377655,낮음,낮음,0,,,,,중구 공식 피해·보증사고 배경지표 상위,seoul-dong-v1.0,서울 법정동 시장·건물구조 상대위험,"전세사기 발생확률이 아니며, 공식 동별 피해집계가 없는 지역의 피해 건수를 추정하지 않습니다.",2026-06,2026-01
1114016200,11140,신당동,중구,8629.0,3493.0,43.0,1119.0,51.691233699665155,5.093833780160858,2.949061662198391,8629.0,4804.0,55.672731486846686,24.0,273.0,15.458454961977763,0.0,862.0,360.0,139.44444444444443,0.0,202607,202607,1439.0,308.0,3825.0,1576.0,2901.0,1382.0,464.0,227.0,246.0,174.0,12.0,10.0,3.0,0.0,12567.0,12083.0,6.896551724137931,1.7241379310344827,0.0,5.747126436781609,1.0400562774145494,총괄표제부_보완,5960,1135,19.043624161073826,38416.0,38416.0,2983.0,380000000.0,3177959.2102267183,2983.0,2,10,7,19,63882,0.2974233743464512,2,350000000,0.4,18.0,80.51391862955032,44.173441734417345,43.39378238341969,34.41558441558442,27.513227513227513,39.0547263681592,27.513227513227513,58.19672131147541,26.82926829268293,35.18225628817306,42.715889806229264,34.488326224461154,높음,낮음,0,,,,,80% 이상 매칭 비중 5.1% | 최근 매매 단가 하락 신호 0.0% | 비아파트 건물 비중 6.9%,seoul-dong-v1.0,서울 법정동 시장·건물구조 상대위험,"전세사기 발생확률이 아니며, 공식 동별 피해집계가 없는 지역의 피해 건수를 추정하지 않습니다.",2026-07,2026-07
1144011200,11440,현석동,마포구,886.0,303.0,8.0,128.0,45.81859089870572,0.0,0.0,886.0,212.0,23.927765237020317,2.0,4.0,-0.13758560185996238,0.13758560185996238,76.0,8.0,850.0,0.0,202607,202607,19.0,2.0,674.0,192.0,193.0,109.0,0.0,0.0,109.0,99.0,35.0,16.0,63.0,42.0,2061.0,1077.0,35.35353535353536,63.63636363636363,42.42424242424242,16.161616161616163,1.9136490250696379,표제부,109,14,12.844036697247708,1993.0,1993.0,30.0,662500000.0,3910537.2263318985,30.0,44,86,34,164,180580,0.908184738066231,4,760000000,0.3,24.0,54.81798715203426,15.853658536585366,43.39378238341969,69.48051948051948,53.17460317460318,15.671641791044777,61.37566137566137,83.06010928961749,14.092140921409213,25.928891342234394,61.266529167764816,34.47396709728184,보통,낮음,0,,,,,최근 매매 단가 하락 신호 0.1% | 비아파트 건물 비중 35.4% | 20년 이상 주거건물 비중 63.6%,seoul-dong-v1.0,서울 법정동 시장·건물구조 상대위험,"전세사기 발생확률이 아니며, 공식 동별 피해집계가 없는 지역의 피해 건수를 추정하지 않습니다.",2026-07,2026-07
1144011300,11440,구수동,마포구,214.0,53.0,5.0,19.0,42.975029449804374,0.0,0.0,214.0,211.0,98.5981308411215,1.0,3.0,37.57996952327887,0.0,12.0,6.0,100.0,0.0,202607,202603,33.0,3.0,3.0,2.0,178.0,48.0,0.0,0.0,110.0,77.0,32.0,24.0,53.0,43.0,316.0,325.0,41.55844155844156,68.83116883116884,55.84415584415584,31.16883116883117,0.9723076923076923,표제부,110,12,10.909090909090908,218.0,218.0,50.0,542500000.0,3470554.262398205,50.0,44,86,34,164,180580,0.908184738066231,4,760000000,0.3,24.0,46.25267665952891,15.853658536585366,43.39378238341969,34.41558441558442,60.05291005291006,80.09950248756219,72.4867724867725,54.37158469945356,10.569105691056912,25.702723060004956,61.414209544760325,34.37518622219306,보통,낮음,0,,,,,비아파트 건물 비중 41.6% | 20년 이상 주거건물 비중 68.8% | 최근 매매 단가 하락 신호 0.0%,seoul-dong-v1.0,서울 법정동 시장·건물구조 상대위험,"전세사기 발생확률이 아니며, 공식 동별 피해집계가 없는 지역의 피해 건수를 추정하지 않습니다.",2026-03,2026-07
1111011200,11110,체부동,종로구,67.0,36.0,1.0,2.0,21.131513620526288,0.0,0.0,67.0,67.0,100.0,,,,,7.0,3.0,133.33333333333334,0.0,202606,202605,34.0,20.0,0.0,0.0,33.0,16.0,0.0,0.0,1.0,0.0,0.0,0.0,0.0,0.0,0.0,0.0,,,,,,총괄표제부_보완,282,40,14.184397163120568,58.0,58.0,183.0,392000000.0,7451923.076923077,182.0,5,14,15,34,72503,0.46894611257465213,3,527000000,1.0,40.0,61.02783725910065,15.853658536585366,43.39378238341969,,,91.91542288557214,,,1.6260162601626018,21.346754900130076,61.02783725910065,34.06501225485321,낮음,낮음,0,,,,,종로구 공식 피해·보증사고 배경지표 상위 | 80% 이상 매칭 비중 0.0% | 최근 36개월 추정 전세가율 21.1%,seoul-dong-v1.0,서울 법정동 시장·건물구조 상대위험,"전세사기 발생확률이 아니며, 공식 동별 피해집계가 없는 지역의 피해 건수를 추정하지 않습니다.",2026-05,2026-06
1114012100,11140,회현동1가,중구,468.0,165.0,11.0,45.0,62.88120623707645,0.0,0.0,468.0,296.0,63.24786324786324,,,,,26.0,7.0,271.42857142857144,0.0,202607,202606,58.0,28.0,172.0,120.0,230.0,17.0,8.0,0.0,34.0,15.0,1.0,1.0,0.0,0.0,33.0,292.0,6.666666666666667,0.0,0.0,6.666666666666667,0.11301369863013698,총괄표제부_보완,474,66,13.924050632911392,2352.0,2352.0,150.0,348000000.0,3320447.7739101416,149.0,2,10,7,19,63882,0.2974233743464512,2,350000000,0.4,18.0,59.314775160599574,15.853658536585366,43.39378238341969,,13.492063492063492,46.26865671641791,27.24867724867725,12.841530054644808,53.65853658536586,40.462439033266406,28.06167131280341,33.9928812481607,낮음,낮음,0,,,,,최근 36개월 추정 전세가율 62.9% | 비아파트 건물 비중 6.7% | 중구 공식 피해·보증사고 배경지표 상위,seoul-dong-v1.0,서울 법정동 시장·건물구조 상대위험,"전세사기 발생확률이 아니며, 공식 동별 피해집계가 없는 지역의 피해 건수를 추정하지 않습니다.",2026-06,2026-07
1144011100,11440,신수동,마포구,2539.0,777.0,13.0,380.0,47.64012268142907,0.0,0.0,2539.0,1227.0,48.32611264277274,6.0,63.0,35.276917126273716,0.0,205.0,98.0,109.18367346938776,0.0,202607,202607,412.0,65.0,1312.0,387.0,786.0,325.0,29.0,0.0,1042.0,816.0,358.0,211.0,562.0,429.0,6059.0,7090.0,43.872549019607845,68.87254901960785,52.57352941176471,25.857843137254903,0.8545839210155148,표제부,1041,141,13.544668587896252,4617.0,4617.0,541.0,584000000.0,3449033.3919156413,540.0,44,86,34,164,180580,0.908184738066231,4,760000000,0.3,24.0,58.02997858672377,15.853658536585366,43.39378238341969,34.41558441558442,60.317460317460316,33.33333333333333,76.45502645502646,45.90163934426229,17.615176151761517,23.84453432886391,64.15261728035975,33.944874917408285,높음,낮음,0,,,,,비아파트 건물 비중 43.9% | 20년 이상 주거건물 비중 68.9% | 최근 매매 단가 하락 신호 0.0%,seoul-dong-v1.0,서울 법정동 시장·건물구조 상대위험,"전세사기 발생확률이 아니며, 공식 동별 피해집계가 없는 지역의 피해 건수를 추정하지 않습니다.",2026-07,2026-07
1114016000,11140,인현동1가,중구,0.0,7.0,,,,,,,,,,,,,1.0,1.0,0.0,-0.0,,202508,0.0,7.0,0.0,0.0,0.0,0.0,0.0,0.0,28.0,12.0,0.0,2.0,0.0,0.0,45.0,0.0,0.0,0.0,0.0,16.666666666666664,,총괄표제부_보완,355,39,10.985915492957748,355.0,355.0,1.0,235000000.0,4488158.899923606,1.0,2,10,7,19,63882,0.2974233743464512,2,350000000,0.4,18.0,46.680942184154176,,43.39378238341969,,13.492063492063492,,11.772486772486772,,,43.39378238341969,20.491998845695786,33.859269141475764,낮음,낮음,0,,,,,중구 공식 피해·보증사고 배경지표 상위 | 20년 이상 주거건물 비중 0.0% | 비아파트 건물 비중 0.0%,seoul-dong-v1.0,서울 법정동 시장·건물구조 상대위험,"전세사기 발생확률이 아니며, 공식 동별 피해집계가 없는 지역의 피해 건수를 추정하지 않습니다.",2025-08,
1117012400,11170,한강로1가,용산구,785.0,320.0,16.0,151.0,63.75522279661236,0.0,0.0,785.0,636.0,81.01910828025478,6.0,35.0,0.11824759644437717,0.0,82.0,53.0,54.71698113207548,0.0,202607,202606,44.0,6.0,149.0,82.0,309.0,33.0,283.0,199.0,3.0,3.0,0.0,2.0,0.0,0.0,4.0,0.0,0.0,0.0,0.0,66.66666666666666,,총괄표제부_보완,397,43,10.831234256926953,2355.0,2355.0,92.0,855500000.0,13396379.687524345,92.0,1,1,2,4,101982,0.03922260791120002,5,1290000000,0.7,18.0,46.03854389721627,15.853658536585366,43.39378238341969,34.41558441558442,13.492063492063492,62.189054726368155,11.772486772486772,,56.639566395663955,42.33986256572838,20.34084630759275,33.18912911633522,낮음,낮음,0,,,,,최근 36개월 추정 전세가율 63.8% | 최근 매매 단가 하락 신호 0.0% | 용산구 공식 피해·보증사고 배경지표 상위,seoul-dong-v1.0,서울 법정동 시장·건물구조 상대위험,"전세사기 발생확률이 아니며, 공식 동별 피해집계가 없는 지역의 피해 건수를 추정하지 않습니다.",2026-06,2026-07
1111011000,11110,누하동,종로구,51.0,36.0,4.0,9.0,27.757135500163646,0.0,0.0,51.0,51.0,100.0,,,,,9.0,3.0,200.0,0.0,202605,202607,37.0,33.0,0.0,0.0,14.0,3.0,0.0,0.0,,,,,,,,,,,,,,,330,43,13.030303030303031,60.0,60.0,225.0,324000000.0,6655665.566556656,225.0,5,14,15,34,72503,0.46894611257465213,3,527000000,1.0,40.0,55.6745182012848,15.853658536585366,43.39378238341969,,,91.91542288557214,,,3.2520325203252036,22.111939022559536,55.6745182012848,33.18579296385692,낮음,낮음,0,,,,,종로구 공식 피해·보증사고 배경지표 상위 | 80% 이상 매칭 비중 0.0% | 최근 36개월 추정 전세가율 27.8%,seoul-dong-v1.0,서울 법정동 시장·건물구조 상대위험,"전세사기 발생확률이 아니며, 공식 동별 피해집계가 없는 지역의 피해 건수를 추정하지 않습니다.",2026-07,2026-05
1120010900,11200,금호동1가,성동구,2045.0,729.0,8.0,321.0,46.748305205025474,0.0,0.0,2045.0,299.0,14.621026894865526,3.0,10.0,47.74444087986685,0.0,228.0,18.0,1166.6666666666665,0.0,202607,202607,40.0,4.0,1746.0,565.0,252.0,153.0,7.0,7.0,467.0,371.0,163.0,65.0,337.0,205.0,6385.0,1158.0,43.93530997304582,90.83557951482479,55.25606469002695,17.52021563342318,5.513816925734024,표제부,441,39,8.843537414965986,6232.0,6232.0,74.0,315500000.0,2412338.417864089,74.0,4,9,12,25,133771,0.1868865449163122,1,300000000,0.2,10.0,35.11777301927195,15.853658536585366,43.39378238341969,34.41558441558442,96.29629629629629,10.44776119402985,76.71957671957672,96.72131147540983,15.447154471544716,20.688768442846847,76.29365608707063,32.98667508747577,높음,낮음,0,,,,,20년 이상 주거건물 비중 90.8% | 비아파트 건물 비중 43.9% | 최근 매매 단가 하락 신호 0.0%,seoul-dong-v1.0,서울 법정동 시장·건물구조 상대위험,"전세사기 발생확률이 아니며, 공식 동별 피해집계가 없는 지역의 피해 건수를 추정하지 않습니다.",2026-07,2026-07
1144010900,11440,염리동,마포구,4323.0,963.0,20.0,447.0,46.35252298542485,3.3557046979865772,0.0,4323.0,2154.0,49.8265093684941,6.0,46.0,25.14502993992832,0.0,202.0,139.0,45.32374100719425,0.0,202607,202607,377.0,56.0,2169.0,601.0,1697.0,261.0,80.0,45.0,1049.0,870.0,268.0,201.0,601.0,516.0,7375.0,17932.0,30.804597701149426,69.08045977011494,59.310344827586206,23.103448275862068,0.41127593129600715,표제부,1049,96,9.151572926596758,6729.0,6729.0,522.0,524500000.0,4447793.953729685,522.0,44,86,34,164,180580,0.908184738066231,4,760000000,0.3,24.0,37.687366167023555,40.65040650406504,43.39378238341969,34.41558441558442,60.58201058201058,34.57711442786069,52.910052910052904,22.950819672131146,14.905149051490515,29.084088590078167,47.28961999374819,32.87285815248395,높음,낮음,0,,,,,20년 이상 주거건물 비중 69.1% | 비아파트 건물 비중 30.8% | 80% 이상 매칭 비중 3.4%,seoul-dong-v1.0,서울 법정동 시장·건물구조 상대위험,"전세사기 발생확률이 아니며, 공식 동별 피해집계가 없는 지역의 피해 건수를 추정하지 않습니다.",2026-07,2026-07
1168010300,11680,개포동,강남구,14259.0,2886.0,27.0,1134.0,46.004231690981904,4.320987654320987,4.320987654320987,14259.0,3738.0,26.215022091310754,11.0,158.0,3.7382171392989476,0.0,622.0,169.0,268.0473372781065,0.0,202607,202607,492.0,17.0,10521.0,1607.0,3055.0,1080.0,191.0,182.0,32.0,23.0,7.0,9.0,2.0,1.0,19412.0,16688.0,30.434782608695656,8.695652173913043,4.3478260869565215,39.130434782608695,1.1632310642377757,총괄표제부_보완,1736,276,15.898617511520738,26981.0,26981.0,484.0,823000000.0,3476517.352306556,484.0,11,30,27,68,244779,0.27780160879814036,5,1585000000,0.6,21.0,69.16488222698072,42.54742547425474,43.39378238341969,34.41558441558442,31.746031746031743,17.91044776119403,52.38095238095239,64.20765027322405,14.363143631436316,27.674874497937246,52.35301287526865,32.84317791757951,낮음,낮음,0,,,,,비아파트 건물 비중 30.4% | 80% 이상 매칭 비중 4.3% | 최근 매매 단가 하락 신호 0.0%,seoul-dong-v1.0,서울 법정동 시장·건물구조 상대위험,"전세사기 발생확률이 아니며, 공식 동별 피해집계가 없는 지역의 피해 건수를 추정하지 않습니다.",2026-07,2026-07
1111011500,11110,사직동,종로구,307.0,237.0,11.0,81.0,62.84977382535569,0.0,0.0,307.0,151.0,49.185667752442995,2.0,12.0,2.8048944727028498,0.0,50.0,18.0,177.77777777777777,0.0,202606,202607,31.0,23.0,156.0,107.0,70.0,36.0,50.0,71.0,16.0,10.0,0.0,0.0,0.0,0.0,1041.0,1496.0,0.0,0.0,0.0,0.0,0.695855614973262,총괄표제부_보완,364,11,3.021978021978022,1377.0,1377.0,142.0,354000000.0,6048068.835065417,142.0,5,14,15,34,72503,0.46894611257465213,3,527000000,1.0,40.0,9.635974304068522,15.853658536585366,43.39378238341969,34.41558441558442,13.492063492063492,34.32835820895522,11.772486772486772,36.885245901639344,53.387533875338754,38.252979905856996,15.541992328070188,32.837286025531746,낮음,낮음,0,,,,,최근 36개월 추정 전세가율 62.8% | 종로구 공식 피해·보증사고 배경지표 상위 | 최근 매매 단가 하락 신호 0.0%,seoul-dong-v1.0,서울 법정동 시장·건물구조 상대위험,"전세사기 발생확률이 아니며, 공식 동별 피해집계가 없는 지역의 피해 건수를 추정하지 않습니다.",2026-07,2026-06
1129013000,11290,보문동1가,성북구,170.0,44.0,2.0,27.0,55.572022993258834,0.0,0.0,170.0,42.0,24.705882352941178,,,,,25.0,0.0,,,202607,202607,22.0,7.0,128.0,27.0,20.0,10.0,0.0,0.0,190.0,154.0,27.0,16.0,71.0,67.0,727.0,14698.0,17.532467532467532,46.103896103896105,43.506493506493506,10.38961038961039,0.04946251190638182,표제부,190,21,11.052631578947368,538.0,538.0,59.0,349000000.0,2785582.40346793,59.0,92,123,56,271,199807,1.3563088380286978,5,1445500000,0.8,48.0,47.53747323340471,15.853658536585366,,,46.2962962962963,15.92039800995025,39.682539682539684,8.469945355191257,35.50135501355013,26.34132858741523,38.22507639704958,32.56106625171153,보통,낮음,0,,,,,성북구 공식 피해·보증사고 배경지표 상위 | 20년 이상 주거건물 비중 46.1% | 비아파트 건물 비중 17.5%,seoul-dong-v1.0,서울 법정동 시장·건물구조 상대위험,"전세사기 발생확률이 아니며, 공식 동별 피해집계가 없는 지역의 피해 건수를 추정하지 않습니다.",2026-07,2026-07
1114017300,11140,만리동1가,중구,331.0,68.0,4.0,34.0,53.691197094040824,0.0,0.0,331.0,205.0,61.933534743202415,1.0,2.0,-6.135064693007186,6.135064693007186,24.0,6.0,300.0,0.0,202607,202606,22.0,4.0,126.0,34.0,112.0,5.0,71.0,25.0,19.0,12.0,0.0,0.0,0.0,0.0,204.0,221.0,0.0,0.0,0.0,0.0,0.9230769230769231,총괄표제부_보완,158,18,11.39240506329114,607.0,607.0,30.0,399000000.0,2544269.9273226513,30.0,2,10,7,19,63882,0.2974233743464512,2,350000000,0.4,18.0,48.394004282655246,15.853658536585366,43.39378238341969,89.6103896103896,13.492063492063492,44.527363184079604,11.772486772486772,52.18579234972678,31.70731707317073,38.88001446172301,25.588680291000646,32.42517874978397,낮음,낮음,0,,,,,최근 매매 단가 하락 신호 6.1% | 최근 36개월 추정 전세가율 53.7% | 중구 공식 피해·보증사고 배경지표 상위,seoul-dong-v1.0,서울 법정동 시장·건물구조 상대위험,"전세사기 발생확률이 아니며, 공식 동별 피해집계가 없는 지역의 피해 건수를 추정하지 않습니다.",2026-06,2026-07
1141010900,11410,현저동,서대문구,615.0,248.0,4.0,141.0,53.49886900578051,0.0,0.0,615.0,2.0,0.3252032520325203,,,,,95.0,0.0,,,202607,202607,2.0,2.0,613.0,246.0,0.0,0.0,0.0,0.0,218.0,132.0,1.0,6.0,74.0,52.0,2294.0,187.0,0.7575757575757576,56.060606060606055,39.39393939393939,4.545454545454546,12.267379679144385,표제부,207,5,2.4154589371980677,2327.0,2327.0,6.0,247000000.0,2272647.051652458,6.0,31,109,60,200,147178,1.3588987484542527,7,1682000000,1.2,62.0,8.35117773019272,15.853658536585366,,,50.79365079365079,2.9850746268656714,23.809523809523807,99.4535519125683,30.89430894308943,22.159527565424913,38.81049055514601,32.298339178041445,보통,낮음,0,,,,,서대문구 공식 피해·보증사고 배경지표 상위 | 20년 이상 주거건물 비중 56.1% | 최근 36개월 추정 전세가율 53.5%,seoul-dong-v1.0,서울 법정동 시장·건물구조 상대위험,"전세사기 발생확률이 아니며, 공식 동별 피해집계가 없는 지역의 피해 건수를 추정하지 않습니다.",2026-07,2026-07
1117011400,11170,신창동,용산구,671.0,109.0,6.0,45.0,36.824085046748124,0.0,0.0,671.0,606.0,90.31296572280179,1.0,2.0,-4.638390001674941,4.638390001674941,14.0,9.0,55.55555555555556,0.0,202607,202605,113.0,18.0,65.0,10.0,493.0,81.0,0.0,0.0,2.0,1.0,0.0,0.0,1.0,0.0,176.0,196.0,0.0,100.0,0.0,0.0,0.8979591836734694,총괄표제부_보완,253,24,9.486166007905137,705.0,705.0,158.0,430000000.0,3362956.5016151657,158.0,1,1,2,4,101982,0.03922260791120002,5,1290000000,0.7,18.0,39.82869379014989,15.853658536585366,43.39378238341969,86.68831168831169,99.07407407407408,68.1592039800995,11.772486772486772,49.45355191256831,6.233062330623306,30.615184955994334,44.861284772428455,32.284432166703716,낮음,낮음,0,,,,,20년 이상 주거건물 비중 100.0% | 최근 매매 단가 하락 신호 4.6% | 용산구 공식 피해·보증사고 배경지표 상위,seoul-dong-v1.0,서울 법정동 시장·건물구조 상대위험,"전세사기 발생확률이 아니며, 공식 동별 피해집계가 없는 지역의 피해 건수를 추정하지 않습니다.",2026-05,2026-07
1117011000,11170,청파동2가,용산구,773.0,138.0,6.0,61.0,39.045010118279215,0.0,0.0,773.0,773.0,100.0,3.0,15.0,8.933878987913856,0.0,27.0,36.0,-25.0,25.0,202607,202607,137.0,21.0,0.0,0.0,636.0,117.0,0.0,0.0,5.0,2.0,1.0,0.0,0.0,0.0,53.0,929.0,50.0,0.0,0.0,0.0,0.05705059203444564,총괄표제부_보완,513,38,7.4074074074074066,934.0,934.0,236.0,564000000.0,3921616.0714575225,236.0,1,1,2,4,101982,0.03922260791120002,5,1290000000,0.7,18.0,28.586723768736615,15.853658536585366,89.50777202072538,34.41558441558442,13.492063492063492,91.91542288557214,83.994708994709,8.743169398907105,8.130081300813007,30.520104307438963,43.99971963448286,32.011992493084094,낮음,낮음,0,,,,,비아파트 건물 비중 50.0% | 최근 매매 단가 하락 신호 0.0% | 용산구 공식 피해·보증사고 배경지표 상위,seoul-dong-v1.0,서울 법정동 시장·건물구조 상대위험,"전세사기 발생확률이 아니며, 공식 동별 피해집계가 없는 지역의 피해 건수를 추정하지 않습니다.",2026-07,2026-07
1141010800,11410,영천동,서대문구,298.0,112.0,5.0,74.0,50.911696324070114,0.0,0.0,298.0,21.0,7.046979865771812,,,,,51.0,2.0,2450.0,0.0,202607,202607,7.0,0.0,277.0,107.0,9.0,5.0,5.0,0.0,166.0,115.0,16.0,20.0,73.0,66.0,1079.0,9609.0,13.91304347826087,63.47826086956522,57.391304347826086,17.391304347826086,0.11229056093245915,표제부,169,18,10.650887573964498,967.0,967.0,33.0,306000000.0,2385089.243405465,33.0,31,109,60,200,147178,1.3588987484542527,7,1682000000,1.2,62.0,45.396145610278374,15.853658536585366,43.39378238341969,,52.910052910052904,7.711442786069651,36.24338624338625,12.568306010928962,23.306233062330623,21.642859265914733,38.689342748562744,31.95805124668952,높음,낮음,0,,,,,서대문구 공식 피해·보증사고 배경지표 상위 | 20년 이상 주거건물 비중 63.5% | 비아파트 건물 비중 13.9%,seoul-dong-v1.0,서울 법정동 시장·건물구조 상대위험,"전세사기 발생확률이 아니며, 공식 동별 피해집계가 없는 지역의 피해 건수를 추정하지 않습니다.",2026-07,2026-07
1156012200,11560,문래동4가,영등포구,218.0,78.0,2.0,37.0,52.37723045649557,0.0,0.0,218.0,9.0,4.128440366972478,,,,,30.0,1.0,2900.0,0.0,202607,202607,9.0,10.0,209.0,68.0,0.0,0.0,0.0,0.0,30.0,12.0,0.0,2.0,0.0,0.0,621.0,673.0,0.0,0.0,0.0,16.666666666666664,0.9227340267459139,총괄표제부_보완,734,66,8.991825613079019,617.0,617.0,66.0,323000000.0,5830542.157128101,66.0,84,213,201,498,193619,2.572061626183381,30,7456770000,1.8,79.0,36.61670235546038,15.853658536585366,43.39378238341969,,13.492063492063492,5.472636815920398,11.772486772486772,51.91256830601093,28.455284552845526,23.802553382610075,23.1922362990043,31.92959110431712,낮음,낮음,0,,,,,영등포구 공식 피해·보증사고 배경지표 상위 | 최근 36개월 추정 전세가율 52.4% | 80% 이상 매칭 비중 0.0%,seoul-dong-v1.0,서울 법정동 시장·건물구조 상대위험,"전세사기 발생확률이 아니며, 공식 동별 피해집계가 없는 지역의 피해 건수를 추정하지 않습니다.",2026-07,2026-07
1117010100,11170,후암동,용산구,4375.0,1127.0,22.0,440.0,39.04710057534441,0.0,0.0,4375.0,4161.0,95.10857142857144,11.0,100.0,25.070406975206648,0.0,195.0,145.0,34.48275862068966,0.0,202607,202607,935.0,162.0,214.0,74.0,3187.0,861.0,39.0,30.0,21.0,12.0,8.0,1.0,4.0,2.0,299.0,492.0,66.66666666666666,33.33333333333333,16.666666666666664,8.333333333333332,0.6077235772357723,총괄표제부_보완,2356,157,6.66383701188455,4567.0,4567.0,1295.0,507000000.0,4469687.615755032,1295.0,1,1,2,4,101982,0.03922260791120002,5,1290000000,0.7,18.0,24.839400428265524,15.853658536585366,43.39378238341969,34.41558441558442,43.386243386243386,72.13930348258707,95.5026455026455,32.240437158469945,8.401084010840108,24.039494487420722,58.85156470704265,31.836587869213094,낮음,낮음,0,,,,,비아파트 건물 비중 66.7% | 20년 이상 주거건물 비중 33.3% | 최근 매매 단가 하락 신호 0.0%,seoul-dong-v1.0,서울 법정동 시장·건물구조 상대위험,"전세사기 발생확률이 아니며, 공식 동별 피해집계가 없는 지역의 피해 건수를 추정하지 않습니다.",2026-07,2026-07
1117010200,11170,용산동2가,용산구,1663.0,755.0,15.0,331.0,37.947590157791836,0.0,0.0,1663.0,1595.0,95.91100420926037,10.0,98.0,31.90384363608054,0.0,169.0,120.0,40.83333333333334,0.0,202607,202607,502.0,139.0,68.0,14.0,1093.0,602.0,0.0,0.0,9.0,2.0,2.0,0.0,1.0,0.0,11.0,234.0,100.0,50.0,0.0,0.0,0.04700854700854701,총괄표제부_보완,1566,134,8.55683269476373,2098.0,2098.0,957.0,543000000.0,3513890.6507674744,957.0,1,1,2,4,101982,0.03922260791120002,5,1290000000,0.7,18.0,33.40471092077088,15.853658536585366,43.39378238341969,34.41558441558442,47.75132275132275,74.87562189054727,98.80952380952381,7.923497267759563,7.046070460704606,23.771120908162544,59.33110698595833,31.795449291387108,낮음,낮음,0,,,,,비아파트 건물 비중 100.0% | 20년 이상 주거건물 비중 50.0% | 최근 매매 단가 하락 신호 0.0%,seoul-dong-v1.0,서울 법정동 시장·건물구조 상대위험,"전세사기 발생확률이 아니며, 공식 동별 피해집계가 없는 지역의 피해 건수를 추정하지 않습니다.",2026-07,2026-07
1117012100,11170,용문동,용산구,2356.0,373.0,11.0,183.0,46.94921338943174,0.0,0.0,2356.0,2190.0,92.9541595925297,5.0,47.0,6.3363549537736406,0.0,89.0,57.0,56.14035087719298,0.0,202607,202607,166.0,30.0,166.0,28.0,2024.0,315.0,0.0,0.0,7.0,6.0,2.0,2.0,2.0,1.0,248.0,271.0,33.33333333333333,33.33333333333333,16.666666666666664,33.33333333333333,0.915129151291513,총괄표제부_보완,850,100,11.76470588235294,2251.0,2251.0,378.0,499000000.0,3956885.3359189103,378.0,1,1,2,4,101982,0.03922260791120002,5,1290000000,0.7,18.0,50.32119914346895,15.853658536585366,43.39378238341969,34.41558441558442,43.386243386243386,70.39800995024875,57.01058201058201,51.63934426229508,16.260162601626014,27.008996570501257,51.460935118831706,31.770631722008677,낮음,낮음,0,,,,,비아파트 건물 비중 33.3% | 20년 이상 주거건물 비중 33.3% | 최근 매매 단가 하락 신호 0.0%,seoul-dong-v1.0,서울 법정동 시장·건물구조 상대위험,"전세사기 발생확률이 아니며, 공식 동별 피해집계가 없는 지역의 피해 건수를 추정하지 않습니다.",2026-07,2026-07
1114010500,11140,을지로2가,중구,0.0,16.0,,,,,,,,,,,,,3.0,1.0,200.0,0.0,,202606,0.0,0.0,0.0,0.0,0.0,0.0,0.0,16.0,,,,,,,,,,,,,,,115,4,3.4782608695652173,340.0,340.0,,,,,2,10,7,19,63882,0.2974233743464512,2,350000000,0.4,18.0,11.777301927194861,,43.39378238341969,,,,,,,43.39378238341969,11.777301927194861,31.680594911850527,낮음,낮음,0,,,,,중구 공식 피해·보증사고 배경지표 상위,seoul-dong-v1.0,서울 법정동 시장·건물구조 상대위험,"전세사기 발생확률이 아니며, 공식 동별 피해집계가 없는 지역의 피해 건수를 추정하지 않습니다.",2026-06,
1114013600,11140,묵정동,중구,238.0,70.0,4.0,28.0,60.698466711710815,0.0,0.0,238.0,95.0,39.91596638655462,,,,,24.0,0.0,,,202607,202607,8.0,6.0,143.0,59.0,19.0,2.0,68.0,3.0,10.0,5.0,0.0,1.0,0.0,0.0,289.0,302.0,0.0,0.0,0.0,20.0,0.956953642384106,총괄표제부_보완,182,40,21.978021978021978,758.0,758.0,58.0,332500000.0,2785686.0419138,58.0,2,10,7,19,63882,0.2974233743464512,2,350000000,0.4,18.0,89.50749464668094,15.853658536585366,,,13.492063492063492,27.363184079601986,11.772486772486772,54.09836065573771,47.15447154471545,34.0820288799903,34.09826360970743,31.673783230421034,낮음,낮음,0,,,,,최근 36개월 추정 전세가율 60.7% | 중구 공식 피해·보증사고 배경지표 상위 | 80% 이상 매칭 비중 0.0%,seoul-dong-v1.0,서울 법정동 시장·건물구조 상대위험,"전세사기 발생확률이 아니며, 공식 동별 피해집계가 없는 지역의 피해 건수를 추정하지 않습니다.",2026-07,2026-07
1159010500,11590,흑석동,동작구,4750.0,1209.0,20.0,416.0,44.87862857949112,0.0,0.0,4750.0,940.0,19.789473684210527,3.0,14.0,39.028359313340204,0.0,307.0,32.0,859.375,0.0,202607,202607,578.0,127.0,3810.0,860.0,362.0,222.0,0.0,0.0,1779.0,1423.0,278.0,185.0,761.0,668.0,11526.0,12696.0,19.53619114546732,53.47856640899508,46.943078004216446,13.000702740688686,0.9078449905482041,표제부,1777,159,8.947664603263927,9902.0,9902.0,650.0,589000000.0,3892179.825843894,650.0,188,392,394,974,188064,5.179087970052748,5,1111000000,0.6,55.0,36.402569593147746,15.853658536585366,43.39378238341969,34.41558441558442,49.2063492063492,12.935323383084576,41.00529100529101,50.81967213114754,13.279132791327914,20.070315989665595,43.60716844200539,31.193981704300704,높음,낮음,0,,,,,동작구 공식 피해·보증사고 배경지표 상위 | 20년 이상 주거건물 비중 53.5% | 비아파트 건물 비중 19.5%,seoul-dong-v1.0,서울 법정동 시장·건물구조 상대위험,"전세사기 발생확률이 아니며, 공식 동별 피해집계가 없는 지역의 피해 건수를 추정하지 않습니다.",2026-07,2026-07
1111018100,11110,행촌동,종로구,538.0,261.0,9.0,104.0,47.57386959261927,0.0,0.0,538.0,521.0,96.84014869888475,5.0,36.0,30.693346283224653,0.0,45.0,48.0,-6.25,6.25,202607,202606,120.0,17.0,17.0,19.0,401.0,225.0,0.0,0.0,8.0,6.0,0.0,0.0,0.0,0.0,595.0,566.0,0.0,0.0,0.0,0.0,1.0512367491166077,총괄표제부_보완,515,40,7.766990291262135,1687.0,1687.0,214.0,181000000.0,2185595.2574672117,214.0,5,14,15,34,72503,0.46894611257465213,3,527000000,1.0,40.0,29.978586723768736,15.853658536585366,87.30569948186529,34.41558441558442,13.492063492063492,76.3681592039801,11.772486772486772,59.01639344262295,17.073170731707318,32.32240645775147,22.93018694315777,31.125990610440326,낮음,낮음,0,,,,,종로구 공식 피해·보증사고 배경지표 상위 | 최근 매매 단가 하락 신호 0.0% | 최근 36개월 추정 전세가율 47.6%,seoul-dong-v1.0,서울 법정동 시장·건물구조 상대위험,"전세사기 발생확률이 아니며, 공식 동별 피해집계가 없는 지역의 피해 건수를 추정하지 않습니다.",2026-06,2026-07
1168011800,11680,도곡동,강남구,6776.0,2084.0,41.0,747.0,50.25802757674554,1.2048192771084338,0.0,6776.0,1006.0,14.846517119244393,6.0,33.0,9.95569846480308,0.0,359.0,71.0,405.6338028169014,0.0,202607,202607,226.0,10.0,5770.0,1613.0,564.0,194.0,216.0,267.0,39.0,34.0,3.0,13.0,12.0,2.0,13068.0,16853.0,8.823529411764707,35.294117647058826,5.88235294117647,38.23529411764706,0.7754109060701359,총괄표제부_보완,1099,173,15.741583257506825,20062.0,20062.0,242.0,956500000.0,4280464.342387676,242.0,11,30,27,68,244779,0.27780160879814036,5,1585000000,0.6,21.0,68.3083511777302,34.959349593495936,43.39378238341969,34.41558441558442,44.44444444444444,10.696517412935323,29.629629629629626,40.16393442622951,22.493224932249323,28.30849501324688,42.64922336244343,30.79740284855898,보통,낮음,0,,,,,20년 이상 주거건물 비중 35.3% | 80% 이상 매칭 비중 1.2% | 최근 매매 단가 하락 신호 0.0%,seoul-dong-v1.0,서울 법정동 시장·건물구조 상대위험,"전세사기 발생확률이 아니며, 공식 동별 피해집계가 없는 지역의 피해 건수를 추정하지 않습니다.",2026-07,2026-07
1114017400,11140,만리동2가,중구,983.0,169.0,5.0,135.0,50.06485634985434,0.0,0.0,983.0,110.0,11.190233977619531,1.0,4.0,-4.676393565282455,4.676393565282455,62.0,5.0,1140.0,0.0,202607,202607,0.0,0.0,873.0,137.0,0.0,0.0,110.0,32.0,12.0,8.0,2.0,2.0,1.0,0.0,1833.0,2075.0,25.0,12.5,0.0,25.0,0.8833734939759036,총괄표제부_보완,121,7,5.785123966942149,1891.0,1891.0,2.0,226500000.0,2561529.788445957,2.0,2,10,7,19,63882,0.2974233743464512,2,350000000,0.4,18.0,21.627408993576015,15.853658536585366,43.39378238341969,87.01298701298701,34.25925925925926,9.203980099502488,44.97354497354497,48.08743169398907,21.680216802168022,30.947225655253817,38.09282935704637,30.79154273241388,낮음,낮음,0,,,,,최근 매매 단가 하락 신호 4.7% | 비아파트 건물 비중 25.0% | 20년 이상 주거건물 비중 12.5%,seoul-dong-v1.0,서울 법정동 시장·건물구조 상대위험,"전세사기 발생확률이 아니며, 공식 동별 피해집계가 없는 지역의 피해 건수를 추정하지 않습니다.",2026-07,2026-07
1114013500,11140,예관동,중구,,,,,,,,,,,,,,,,,,,,,,,,,,,,,,,,,,,,,,,,,,,131,12,9.16030534351145,2.0,2.0,6.0,379500000.0,5260971.555467702,6.0,2,10,7,19,63882,0.2974233743464512,2,350000000,0.4,18.0,37.901498929336185,,,,,,,,,,37.901498929336185,30.438436830835112,자료 부족,자료 부족,0,,,,,중구 공식 피해·보증사고 배경지표 상위,seoul-dong-v1.0,서울 법정동 시장·건물구조 상대위험,"전세사기 발생확률이 아니며, 공식 동별 피해집계가 없는 지역의 피해 건수를 추정하지 않습니다.",,
1114013200,11140,충무로4가,중구,141.0,88.0,6.0,33.0,53.66420416515492,0.0,0.0,141.0,0.0,0.0,,,,,24.0,2.0,1100.0,0.0,202607,202606,0.0,10.0,141.0,78.0,0.0,0.0,0.0,0.0,1.0,0.0,0.0,0.0,0.0,0.0,0.0,0.0,,,,,,총괄표제부_보완,247,29,11.740890688259109,2107.0,2107.0,3.0,89200000.0,2969374.1677762982,3.0,2,10,7,19,63882,0.2974233743464512,2,350000000,0.4,18.0,49.892933618843685,15.853658536585366,43.39378238341969,,,1.4925373134328357,,,31.43631436314363,24.73714394010476,49.892933618843685,30.015519768773775,낮음,낮음,0,,,,,최근 36개월 추정 전세가율 53.7% | 중구 공식 피해·보증사고 배경지표 상위 | 80% 이상 매칭 비중 0.0%,seoul-dong-v1.0,서울 법정동 시장·건물구조 상대위험,"전세사기 발생확률이 아니며, 공식 동별 피해집계가 없는 지역의 피해 건수를 추정하지 않습니다.",2026-06,2026-07
1117012600,11170,용산동3가,용산구,29.0,6.0,1.0,4.0,50.05946984886819,0.0,0.0,29.0,29.0,100.0,,,,,0.0,2.0,-100.0,100.0,202607,202505,7.0,2.0,0.0,0.0,22.0,4.0,0.0,0.0,2.0,1.0,0.0,0.0,0.0,0.0,3.0,28.0,0.0,0.0,0.0,0.0,0.10714285714285714,총괄표제부_보완,105,12,11.428571428571429,95.0,95.0,50.0,971000000.0,13766788.161139159,50.0,1,1,2,4,101982,0.03922260791120002,5,1290000000,0.7,18.0,48.60813704496788,15.853658536585366,98.96373056994818,,13.492063492063492,91.91542288557214,11.772486772486772,12.021857923497267,21.40921409214092,37.19413601947617,19.606916679528748,29.918210781567886,낮음,낮음,0,,,,,최근 36개월 추정 전세가율 50.1% | 용산구 공식 피해·보증사고 배경지표 상위 | 80% 이상 매칭 비중 0.0%,seoul-dong-v1.0,서울 법정동 시장·건물구조 상대위험,"전세사기 발생확률이 아니며, 공식 동별 피해집계가 없는 지역의 피해 건수를 추정하지 않습니다.",2025-05,2026-07
1117011900,11170,효창동,용산구,3214.0,720.0,15.0,353.0,44.83348156387743,0.0,0.0,3214.0,2311.0,71.90416925948973,8.0,81.0,18.0914071411407,0.0,172.0,90.0,91.11111111111111,0.0,202607,202607,168.0,27.0,903.0,216.0,2143.0,477.0,0.0,0.0,16.0,12.0,5.0,2.0,3.0,0.0,1581.0,1840.0,41.66666666666667,25.0,0.0,16.666666666666664,0.8592391304347826,총괄표제부_보완,739,45,6.089309878213803,3885.0,3885.0,255.0,591000000.0,3410414.2405589754,255.0,1,1,2,4,101982,0.03922260791120002,5,1290000000,0.7,18.0,22.483940042826553,15.853658536585366,43.39378238341969,34.41558441558442,41.53439153439153,53.482587064676615,73.01587301587301,46.994535519125684,13.008130081300814,24.01664127381396,51.13591542638125,29.893963620883685,낮음,낮음,0,,,,,비아파트 건물 비중 41.7% | 20년 이상 주거건물 비중 25.0% | 최근 매매 단가 하락 신호 0.0%,seoul-dong-v1.0,서울 법정동 시장·건물구조 상대위험,"전세사기 발생확률이 아니며, 공식 동별 피해집계가 없는 지역의 피해 건수를 추정하지 않습니다.",2026-07,2026-07
1120011000,11200,금호동2가,성동구,1477.0,525.0,7.0,224.0,46.85726360409567,0.0,0.0,1477.0,264.0,17.87406905890318,3.0,10.0,12.934603530743747,0.0,102.0,32.0,218.75,0.0,202607,202607,134.0,22.0,1213.0,431.0,130.0,72.0,0.0,0.0,483.0,426.0,108.0,78.0,365.0,330.0,3683.0,627.0,25.352112676056336,85.68075117370893,77.46478873239437,18.30985915492958,5.8740031897926634,표제부,483,43,8.902691511387163,3272.0,3272.0,252.0,404000000.0,3104757.4419850404,252.0,4,9,12,25,133771,0.1868865449163122,1,300000000,0.2,10.0,35.76017130620985,15.853658536585366,43.39378238341969,34.41558441558442,89.68253968253968,11.691542288557214,45.767195767195766,97.26775956284153,15.718157181571815,20.92154763631042,62.46971142318143,29.67035643758161,높음,낮음,0,,,,,20년 이상 주거건물 비중 85.7% | 비아파트 건물 비중 25.4% | 최근 매매 단가 하락 신호 0.0%,seoul-dong-v1.0,서울 법정동 시장·건물구조 상대위험,"전세사기 발생확률이 아니며, 공식 동별 피해집계가 없는 지역의 피해 건수를 추정하지 않습니다.",2026-07,2026-07
1120011300,11200,옥수동,성동구,4476.0,1236.0,16.0,389.0,43.27970426626287,4.627249357326478,0.0,4476.0,225.0,5.02680965147453,1.0,12.0,5.928351782388375,0.0,307.0,20.0,1435.0,0.0,202607,202607,78.0,4.0,4251.0,1134.0,107.0,27.0,40.0,71.0,552.0,429.0,65.0,72.0,280.0,213.0,11132.0,4357.0,15.151515151515152,65.26806526806527,49.65034965034965,16.783216783216783,2.5549690153775533,표제부,552,59,10.68840579710145,10813.0,10813.0,134.0,446500000.0,2757434.0764940577,134.0,4,9,12,25,133771,0.1868865449163122,1,300000000,0.2,10.0,45.82441113490364,43.360433604336045,43.39378238341969,34.41558441558442,55.55555555555556,5.970149253731343,37.83068783068783,89.61748633879782,10.840108401084011,25.27488258757038,51.62866919896442,29.57209685228333,높음,낮음,0,,,,,20년 이상 주거건물 비중 65.3% | 80% 이상 매칭 비중 4.6% | 비아파트 건물 비중 15.2%,seoul-dong-v1.0,서울 법정동 시장·건물구조 상대위험,"전세사기 발생확률이 아니며, 공식 동별 피해집계가 없는 지역의 피해 건수를 추정하지 않습니다.",2026-07,2026-07
1117010900,11170,청파동1가,용산구,1955.0,381.0,11.0,185.0,32.74821577554455,0.0,0.0,1955.0,1940.0,99.23273657289002,7.0,59.0,22.573801123557775,0.0,106.0,74.0,43.24324324324324,0.0,202607,202607,249.0,35.0,15.0,4.0,1649.0,340.0,42.0,2.0,2.0,2.0,1.0,0.0,0.0,0.0,29.0,21.0,50.0,0.0,0.0,0.0,1.380952380952381,총괄표제부_보완,946,43,4.545454545454546,2555.0,2555.0,427.0,458000000.0,3803641.092327698,427.0,1,1,2,4,101982,0.03922260791120002,5,1290000000,0.7,18.0,15.738758029978586,15.853658536585366,43.39378238341969,34.41558441558442,13.492063492063492,81.8407960199005,83.994708994709,73.224043715847,4.607046070460704,23.492028565000304,51.10225763427224,29.57078154756824,낮음,낮음,0,,,,,비아파트 건물 비중 50.0% | 최근 매매 단가 하락 신호 0.0% | 용산구 공식 피해·보증사고 배경지표 상위,seoul-dong-v1.0,서울 법정동 시장·건물구조 상대위험,"전세사기 발생확률이 아니며, 공식 동별 피해집계가 없는 지역의 피해 건수를 추정하지 않습니다.",2026-07,2026-07
1144011700,11440,신정동,마포구,245.0,69.0,3.0,48.0,46.74235693419305,0.0,0.0,245.0,1.0,0.40816326530612246,,,,,32.0,1.0,3100.0,0.0,202607,202607,0.0,0.0,244.0,69.0,0.0,0.0,1.0,0.0,20.0,12.0,1.0,2.0,12.0,3.0,601.0,121.0,8.333333333333332,100.0,25.0,16.666666666666664,4.966942148760331,표제부,20,2,10.0,617.0,617.0,1.0,435000000.0,2120503.0710734134,1.0,44,86,34,164,180580,0.908184738066231,4,760000000,0.3,24.0,42.184154175588866,15.853658536585366,43.39378238341969,,99.07407407407408,3.233830845771144,29.365079365079367,95.90163934426229,15.176151761517614,17.290160778438203,59.336627001307384,28.80825321738977,낮음,낮음,0,,,,,20년 이상 주거건물 비중 100.0% | 비아파트 건물 비중 8.3% | 마포구 공식 피해·보증사고 배경지표 상위,seoul-dong-v1.0,서울 법정동 시장·건물구조 상대위험,"전세사기 발생확률이 아니며, 공식 동별 피해집계가 없는 지역의 피해 건수를 추정하지 않습니다.",2026-07,2026-07
1111015800,11110,예지동,종로구,,,,,,,,,,,,,,,,,,,,,,,,,,,,,,,,,,,,,,,,,,,149,9,6.0402684563758395,750.0,750.0,,,,,5,14,15,34,72503,0.46894611257465213,3,527000000,1.0,40.0,22.055674518201286,,,,,,,,,,22.055674518201286,28.784796573875802,자료 부족,자료 부족,0,,,,,종로구 공식 피해·보증사고 배경지표 상위,seoul-dong-v1.0,서울 법정동 시장·건물구조 상대위험,"전세사기 발생확률이 아니며, 공식 동별 피해집계가 없는 지역의 피해 건수를 추정하지 않습니다.",,
1111014600,11110,가회동,종로구,50.0,46.0,3.0,7.0,21.64970484288904,0.0,0.0,50.0,50.0,100.0,,,,,8.0,7.0,14.28571428571428,0.0,202606,202605,50.0,37.0,0.0,0.0,0.0,9.0,0.0,0.0,16.0,11.0,1.0,0.0,1.0,0.0,35.0,16.0,9.090909090909092,9.090909090909092,0.0,0.0,2.1875,총괄표제부_보완,454,25,5.506607929515418,75.0,75.0,243.0,604000000.0,9031296.57228018,243.0,5,14,15,34,72503,0.46894611257465213,3,527000000,1.0,40.0,19.700214132762312,15.853658536585366,43.39378238341969,,32.407407407407405,91.91542288557214,30.02645502645503,86.6120218579235,1.8970189701897018,21.474285587201653,37.04427996767485,28.145641344239706,낮음,낮음,0,,,,,종로구 공식 피해·보증사고 배경지표 상위 | 20년 이상 주거건물 비중 9.1% | 비아파트 건물 비중 9.1%,seoul-dong-v1.0,서울 법정동 시장·건물구조 상대위험,"전세사기 발생확률이 아니며, 공식 동별 피해집계가 없는 지역의 피해 건수를 추정하지 않습니다.",2026-05,2026-06
1120011100,11200,금호동3가,성동구,1983.0,605.0,16.0,339.0,35.99641675389917,0.0,0.0,1983.0,873.0,44.024205748865356,9.0,52.0,38.3941905266007,0.0,166.0,89.0,86.51685393258425,0.0,202607,202607,372.0,84.0,1110.0,316.0,501.0,205.0,0.0,0.0,1015.0,866.0,355.0,138.0,802.0,672.0,4768.0,12800.0,40.993071593533486,92.60969976905312,77.59815242494227,15.935334872979215,0.3725,표제부,1015,73,7.192118226600986,3560.0,3560.0,577.0,391000000.0,2964049.2378793936,577.0,4,9,12,25,133771,0.1868865449163122,1,300000000,0.2,10.0,27.40899357601713,15.853658536585366,43.39378238341969,34.41558441558442,97.08994708994709,30.597014925373134,70.1058201058201,21.311475409836063,5.691056910569105,18.80125479159093,60.99333484149364,28.029086585327967,높음,낮음,0,,,,,20년 이상 주거건물 비중 92.6% | 비아파트 건물 비중 41.0% | 최근 매매 단가 하락 신호 0.0%,seoul-dong-v1.0,서울 법정동 시장·건물구조 상대위험,"전세사기 발생확률이 아니며, 공식 동별 피해집계가 없는 지역의 피해 건수를 추정하지 않습니다.",2026-07,2026-07
1111010500,11110,창성동,종로구,34.0,27.0,1.0,2.0,25.82781456953643,0.0,0.0,34.0,34.0,100.0,,,,,8.0,5.0,60.00000000000001,0.0,202605,202607,31.0,20.0,0.0,0.0,3.0,7.0,0.0,0.0,,,,,,,,,,,,,,,162,14,8.641975308641975,58.0,58.0,77.0,357000000.0,6005482.182905557,77.0,5,14,15,34,72503,0.46894611257465213,3,527000000,1.0,40.0,33.83297644539615,15.853658536585366,43.39378238341969,,,91.91542288557214,,,2.9810298102981028,21.984408335487963,33.83297644539615,27.648889112641815,낮음,낮음,0,,,,,종로구 공식 피해·보증사고 배경지표 상위 | 80% 이상 매칭 비중 0.0% | 최근 36개월 추정 전세가율 25.8%,seoul-dong-v1.0,서울 법정동 시장·건물구조 상대위험,"전세사기 발생확률이 아니며, 공식 동별 피해집계가 없는 지역의 피해 건수를 추정하지 않습니다.",2026-07,2026-05
1111018700,11110,무악동,종로구,750.0,319.0,6.0,170.0,53.989743502715775,0.0,0.0,750.0,29.0,3.8666666666666667,,,,,110.0,2.0,5400.0,0.0,202607,202607,7.0,2.0,721.0,309.0,22.0,8.0,0.0,0.0,16.0,13.0,0.0,0.0,0.0,0.0,2707.0,3135.0,0.0,0.0,0.0,0.0,0.8634768740031898,총괄표제부_보완,227,28,12.334801762114537,3027.0,3027.0,38.0,286000000.0,2907692.4592036717,38.0,5,14,15,34,72503,0.46894611257465213,3,527000000,1.0,40.0,52.03426124197003,15.853658536585366,43.39378238341969,,13.492063492063492,4.975124378109453,11.772486772486772,47.26775956284153,31.978319783197833,25.40192143950399,25.579026764830818,27.635909554910096,낮음,낮음,0,,,,,종로구 공식 피해·보증사고 배경지표 상위 | 최근 36개월 추정 전세가율 54.0% | 80% 이상 매칭 비중 0.0%,seoul-dong-v1.0,서울 법정동 시장·건물구조 상대위험,"전세사기 발생확률이 아니며, 공식 동별 피해집계가 없는 지역의 피해 건수를 추정하지 않습니다.",2026-07,2026-07
1117013000,11170,이태원동,용산구,2489.0,858.0,29.0,345.0,37.78827340754656,0.0,0.0,2489.0,1944.0,78.10365608678184,10.0,56.0,-0.2786643207120295,0.2786643207120295,149.0,127.0,17.322834645669282,0.0,202607,202607,768.0,218.0,545.0,164.0,1153.0,476.0,23.0,0.0,21.0,14.0,2.0,2.0,0.0,0.0,486.0,428.0,14.285714285714285,0.0,0.0,14.285714285714285,1.1355140186915889,총괄표제부_보완,3169,247,7.794256863363837,3829.0,3829.0,1685.0,772000000.0,4994494.258297939,1673.0,1,1,2,4,101982,0.03922260791120002,5,1290000000,0.7,18.0,30.19271948608137,15.853658536585366,43.39378238341969,70.77922077922078,13.492063492063492,58.95522388059702,36.77248677248677,63.114754098360656,6.775067750677506,27.525225477702133,33.587767593980956,27.61207718511652,낮음,낮음,0,,,,,최근 매매 단가 하락 신호 0.3% | 비아파트 건물 비중 14.3% | 용산구 공식 피해·보증사고 배경지표 상위,seoul-dong-v1.0,서울 법정동 시장·건물구조 상대위험,"전세사기 발생확률이 아니며, 공식 동별 피해집계가 없는 지역의 피해 건수를 추정하지 않습니다.",2026-07,2026-07
1117013300,11170,서빙고동,용산구,749.0,187.0,9.0,76.0,30.727099001151206,0.0,0.0,749.0,212.0,28.304405874499334,2.0,7.0,-1.9487840423442395,1.9487840423442395,52.0,25.0,108.0,0.0,202607,202607,58.0,32.0,537.0,120.0,154.0,35.0,0.0,0.0,6.0,4.0,1.0,1.0,0.0,0.0,1655.0,515.0,25.0,0.0,0.0,25.0,3.2135922330097086,총괄표제부_보완,233,21,9.012875536480687,1998.0,1998.0,103.0,722000000.0,6376925.340920239,103.0,1,1,2,4,101982,0.03922260791120002,5,1290000000,0.7,18.0,36.83083511777302,15.853658536585366,43.39378238341969,78.57142857142857,13.492063492063492,19.154228855721392,44.97354497354497,91.80327868852459,3.7940379403794036,23.521545219926494,42.49909268926715,27.437700304272685,낮음,낮음,0,,,,,최근 매매 단가 하락 신호 1.9% | 비아파트 건물 비중 25.0% | 용산구 공식 피해·보증사고 배경지표 상위,seoul-dong-v1.0,서울 법정동 시장·건물구조 상대위험,"전세사기 발생확률이 아니며, 공식 동별 피해집계가 없는 지역의 피해 건수를 추정하지 않습니다.",2026-07,2026-07
1120011200,11200,금호동4가,성동구,2045.0,656.0,12.0,281.0,44.708305967437724,0.0,0.0,2045.0,311.0,15.207823960880196,2.0,4.0,30.407591429390926,0.0,200.0,11.0,1718.1818181818182,0.0,202607,202607,193.0,55.0,1734.0,541.0,104.0,57.0,14.0,3.0,720.0,598.0,117.0,97.0,476.0,421.0,5713.0,2728.0,19.565217391304348,79.59866220735786,70.40133779264214,16.220735785953178,2.094208211143695,표제부,720,54,7.5,5225.0,5225.0,343.0,410000000.0,3139258.9888665816,343.0,4,9,12,25,133771,0.1868865449163122,1,300000000,0.2,10.0,28.90792291220557,15.853658536585366,43.39378238341969,34.41558441558442,78.57142857142857,11.194029850746269,41.269841269841265,85.24590163934425,12.737127371273713,19.679384468410085,54.719263479136394,26.98744655083015,높음,낮음,0,,,,,20년 이상 주거건물 비중 79.6% | 비아파트 건물 비중 19.6% | 최근 매매 단가 하락 신호 0.0%,seoul-dong-v1.0,서울 법정동 시장·건물구조 상대위험,"전세사기 발생확률이 아니며, 공식 동별 피해집계가 없는 지역의 피해 건수를 추정하지 않습니다.",2026-07,2026-07
1141010400,11410,미근동,서대문구,67.0,6.0,1.0,2.0,15.713627754820934,0.0,0.0,67.0,24.0,35.82089552238806,,,,,3.0,1.0,200.0,0.0,202603,202606,24.0,6.0,43.0,0.0,0.0,0.0,0.0,0.0,137.0,84.0,6.0,14.0,61.0,58.0,250.0,806.0,7.142857142857142,72.61904761904762,69.04761904761905,16.666666666666664,0.31017369727047145,표제부,138,14,10.144927536231885,190.0,190.0,62.0,239500000.0,5589227.362332135,62.0,31,109,60,200,147178,1.3588987484542527,7,1682000000,1.2,62.0,43.46895074946467,15.853658536585366,43.39378238341969,,65.87301587301587,24.129353233830848,27.91005291005291,19.672131147540984,0.8130081300813009,12.989331115181077,39.27688495429921,26.91281990768345,낮음,낮음,0,,,,,20년 이상 주거건물 비중 72.6% | 서대문구 공식 피해·보증사고 배경지표 상위 | 비아파트 건물 비중 7.1%,seoul-dong-v1.0,서울 법정동 시장·건물구조 상대위험,"전세사기 발생확률이 아니며, 공식 동별 피해집계가 없는 지역의 피해 건수를 추정하지 않습니다.",2026-06,2026-03
1168011300,11680,율현동,강남구,778.0,53.0,3.0,21.0,32.46083594280487,0.0,0.0,778.0,403.0,51.79948586118252,1.0,2.0,-48.645640700899975,48.645640700899975,16.0,3.0,433.3333333333333,0.0,202607,202606,386.0,23.0,375.0,30.0,9.0,0.0,8.0,0.0,7.0,6.0,0.0,2.0,1.0,0.0,552.0,608.0,0.0,16.666666666666664,0.0,33.33333333333333,0.9078947368421053,총괄표제부_보완,381,19,4.986876640419948,914.0,914.0,270.0,1425000000.0,5456064.367813824,270.0,11,30,27,68,244779,0.27780160879814036,5,1585000000,0.6,21.0,17.987152034261243,15.853658536585366,43.39378238341969,100.0,36.64021164021164,36.318407960199,11.772486772486772,51.09289617486339,4.336043360433604,28.669051012681653,25.130412452129377,26.634033720641334,낮음,낮음,0,,,,,최근 매매 단가 하락 신호 48.6% | 20년 이상 주거건물 비중 16.7% | 강남구 공식 피해·보증사고 배경지표 상위,seoul-dong-v1.0,서울 법정동 시장·건물구조 상대위험,"전세사기 발생확률이 아니며, 공식 동별 피해집계가 없는 지역의 피해 건수를 추정하지 않습니다.",2026-06,2026-07
1114011800,11140,남대문로5가,중구,36.0,24.0,2.0,5.0,56.3009771206667,0.0,0.0,36.0,0.0,0.0,,,,,4.0,7.0,-42.85714285714286,42.85714285714286,202602,202604,0.0,3.0,36.0,13.0,0.0,0.0,0.0,8.0,11.0,0.0,0.0,0.0,0.0,0.0,3.0,457.0,,,,,0.006564551422319475,총괄표제부_보완,148,7,4.72972972972973,462.0,462.0,1.0,543000000.0,9333104.159504985,1.0,2,10,7,19,63882,0.2974233743464512,2,350000000,0.4,18.0,17.34475374732334,15.853658536585366,93.13471502590673,,,1.4925373134328357,,4.371584699453552,37.39837398373984,33.39469348420734,11.784824155379146,25.683022129369185,낮음,낮음,0,,,,,최근 36개월 추정 전세가율 56.3% | 중구 공식 피해·보증사고 배경지표 상위 | 80% 이상 매칭 비중 0.0%,seoul-dong-v1.0,서울 법정동 시장·건물구조 상대위험,"전세사기 발생확률이 아니며, 공식 동별 피해집계가 없는 지역의 피해 건수를 추정하지 않습니다.",2026-04,2026-02
1111014000,11110,삼청동,종로구,69.0,42.0,1.0,3.0,17.618364445997535,0.0,0.0,69.0,69.0,100.0,,,,,5.0,7.0,-28.57142857142857,28.57142857142857,202606,202605,68.0,31.0,0.0,0.0,1.0,11.0,0.0,0.0,20.0,13.0,0.0,0.0,0.0,0.0,24.0,127.0,0.0,0.0,0.0,0.0,0.1889763779527559,총괄표제부_보완,504,28,5.555555555555555,41.0,41.0,249.0,557000000.0,7690803.623802385,249.0,5,14,15,34,72503,0.46894611257465213,3,527000000,1.0,40.0,20.235546038543898,15.853658536585366,90.41450777202073,,13.492063492063492,91.91542288557214,11.772486772486772,15.300546448087433,1.3550135501355014,26.75107425877627,14.424201756932476,25.65669499449888,낮음,낮음,0,,,,,종로구 공식 피해·보증사고 배경지표 상위 | 80% 이상 매칭 비중 0.0% | 20년 이상 주거건물 비중 0.0%,seoul-dong-v1.0,서울 법정동 시장·건물구조 상대위험,"전세사기 발생확률이 아니며, 공식 동별 피해집계가 없는 지역의 피해 건수를 추정하지 않습니다.",2026-05,2026-06
1117013600,11170,보광동,용산구,1254.0,445.0,8.0,56.0,16.649756415899553,0.0,0.0,1254.0,953.0,75.99681020733652,4.0,11.0,45.37293245874579,0.0,37.0,91.0,-59.34065934065934,59.34065934065934,202607,202606,755.0,293.0,301.0,75.0,198.0,77.0,0.0,0.0,11.0,7.0,1.0,1.0,1.0,1.0,258.0,543.0,14.285714285714285,14.285714285714285,14.285714285714285,14.285714285714285,0.47513812154696133,총괄표제부_보완,2424,140,5.775577557755775,1586.0,1586.0,1933.0,990000000.0,7013125.763125763,1933.0,1,1,2,4,101982,0.03922260791120002,5,1290000000,0.7,18.0,21.413276231263385,15.853658536585366,95.85492227979275,34.41558441558442,35.05291005291005,57.46268656716418,36.77248677248677,25.40983606557377,1.084010840108401,24.89111751722306,31.566352878310965,25.526258729911575,낮음,낮음,0,,,,,비아파트 건물 비중 14.3% | 20년 이상 주거건물 비중 14.3% | 최근 매매 단가 하락 신호 0.0%,seoul-dong-v1.0,서울 법정동 시장·건물구조 상대위험,"전세사기 발생확률이 아니며, 공식 동별 피해집계가 없는 지역의 피해 건수를 추정하지 않습니다.",2026-06,2026-07
1144010600,11440,토정동,마포구,402.0,66.0,4.0,32.0,44.54378358287912,0.0,0.0,402.0,101.0,25.12437810945274,,,,,17.0,0.0,,,202607,202607,7.0,0.0,301.0,53.0,94.0,13.0,0.0,0.0,30.0,27.0,7.0,4.0,22.0,14.0,541.0,480.0,25.925925925925924,81.48148148148148,51.85185185185185,14.814814814814813,1.1270833333333334,표제부,30,2,6.666666666666667,555.0,555.0,7.0,457000000.0,3549571.6034271726,7.0,44,86,34,164,180580,0.908184738066231,4,760000000,0.3,24.0,25.053533190578158,15.853658536585366,,,83.06878306878306,16.666666666666664,46.82539682539682,62.568306010928964,12.195121951219512,14.010840108401084,53.89330703710947,25.47983082431802,낮음,낮음,0,,,,,20년 이상 주거건물 비중 81.5% | 비아파트 건물 비중 25.9% | 마포구 공식 피해·보증사고 배경지표 상위,seoul-dong-v1.0,서울 법정동 시장·건물구조 상대위험,"전세사기 발생확률이 아니며, 공식 동별 피해집계가 없는 지역의 피해 건수를 추정하지 않습니다.",2026-07,2026-07
1117011600,11170,청암동,용산구,45.0,26.0,3.0,9.0,51.67639462428889,0.0,0.0,45.0,19.0,42.22222222222222,,,,,7.0,0.0,,,202606,202607,19.0,3.0,26.0,23.0,0.0,0.0,0.0,0.0,1.0,1.0,0.0,0.0,1.0,0.0,170.0,534.0,0.0,100.0,0.0,0.0,0.31835205992509363,총괄표제부_보완,51,2,3.9215686274509802,208.0,208.0,9.0,669000000.0,4140862.173649059,9.0,1,1,2,4,101982,0.03922260791120002,5,1290000000,0.7,18.0,13.062098501070663,15.853658536585366,,,99.07407407407408,28.855721393034827,11.772486772486772,20.21857923497268,26.558265582655828,23.296390675349542,35.122719812973266,25.45851435845304,낮음,낮음,0,,,,,20년 이상 주거건물 비중 100.0% | 최근 36개월 추정 전세가율 51.7% | 용산구 공식 피해·보증사고 배경지표 상위,seoul-dong-v1.0,서울 법정동 시장·건물구조 상대위험,"전세사기 발생확률이 아니며, 공식 동별 피해집계가 없는 지역의 피해 건수를 추정하지 않습니다.",2026-07,2026-06
1165010900,11650,내곡동,서초구,1518.0,161.0,4.0,78.0,47.74928549555413,0.0,0.0,1518.0,122.0,8.036890645586297,,,,,46.0,2.0,2200.0,0.0,202607,202607,81.0,15.0,1396.0,140.0,41.0,6.0,0.0,0.0,511.0,299.0,22.0,23.0,157.0,128.0,2713.0,1836.0,7.357859531772576,52.508361204013376,42.80936454849498,7.6923076923076925,1.4776688453159041,표제부,480,30,6.25,2459.0,2459.0,188.0,1388000000.0,5883679.485094896,188.0,3,10,16,29,173895,0.16676730210759366,5,1573500000,0.8,26.0,23.233404710920773,15.853658536585366,43.39378238341969,,48.41269841269841,8.208955223880597,28.306878306878307,75.13661202185791,17.88617886178862,19.15077639951979,39.343098671388766,25.226240507559062,보통,낮음,0,,,,,20년 이상 주거건물 비중 52.5% | 비아파트 건물 비중 7.4% | 서초구 공식 피해·보증사고 배경지표 상위,seoul-dong-v1.0,서울 법정동 시장·건물구조 상대위험,"전세사기 발생확률이 아니며, 공식 동별 피해집계가 없는 지역의 피해 건수를 추정하지 않습니다.",2026-07,2026-07
1111013600,11110,인사동,종로구,0.0,3.0,,,,,,,,,,,,,3.0,0.0,,,,202607,0.0,0.0,0.0,0.0,0.0,0.0,0.0,3.0,1.0,0.0,0.0,0.0,0.0,0.0,0.0,0.0,,,,,,총괄표제부_보완,153,7,4.57516339869281,520.0,520.0,,,,,5,14,15,34,72503,0.46894611257465213,3,527000000,1.0,40.0,16.274089935760173,,,,,,,,,,16.274089935760173,25.17130620985011,낮음,낮음,0,,,,,종로구 공식 피해·보증사고 배경지표 상위,seoul-dong-v1.0,서울 법정동 시장·건물구조 상대위험,"전세사기 발생확률이 아니며, 공식 동별 피해집계가 없는 지역의 피해 건수를 추정하지 않습니다.",2026-07,
1168011500,11680,수서동,강남구,4025.0,1219.0,14.0,405.0,41.01586175933519,7.901234567901234,0.0,4025.0,137.0,3.4037267080745344,3.0,44.0,5.138746148776039,0.0,264.0,62.0,325.8064516129032,0.0,202607,202607,28.0,2.0,3888.0,905.0,0.0,0.0,109.0,312.0,20.0,10.0,0.0,8.0,0.0,0.0,9978.0,2485.0,0.0,0.0,0.0,80.0,4.015291750503018,총괄표제부_보완,333,11,3.303303303303303,12780.0,12780.0,61.0,1662000000.0,7806395.02432023,61.0,11,30,27,68,244779,0.27780160879814036,5,1585000000,0.6,21.0,10.706638115631693,50.135501355013545,43.39378238341969,34.41558441558442,13.492063492063492,4.477611940298507,11.772486772486772,93.71584699453553,9.214092140921409,26.168989289831433,24.28071525431725,24.92157238747817,낮음,낮음,0,,,,,80% 이상 매칭 비중 7.9% | 최근 매매 단가 하락 신호 0.0% | 강남구 공식 피해·보증사고 배경지표 상위,seoul-dong-v1.0,서울 법정동 시장·건물구조 상대위험,"전세사기 발생확률이 아니며, 공식 동별 피해집계가 없는 지역의 피해 건수를 추정하지 않습니다.",2026-07,2026-07
1111015200,11110,봉익동,종로구,,,,,,,,,,,,,,,,,,,,,,,,,,,,,,,,,,,,,,,,,,,172,7,4.069767441860465,28.0,28.0,3.0,635000000.0,7541976.328103496,3.0,5,14,15,34,72503,0.46894611257465213,3,527000000,1.0,40.0,14.23982869379015,,,,,,,,,,14.23982869379015,23.899892933618844,자료 부족,자료 부족,0,,,,,종로구 공식 피해·보증사고 배경지표 상위,seoul-dong-v1.0,서울 법정동 시장·건물구조 상대위험,"전세사기 발생확률이 아니며, 공식 동별 피해집계가 없는 지역의 피해 건수를 추정하지 않습니다.",,
1111015400,11110,장사동,종로구,0.0,1.0,,,,,,,,,,,,,,,,,,202103,0.0,1.0,0.0,0.0,0.0,0.0,0.0,0.0,8.0,1.0,0.0,0.0,0.0,0.0,6.0,0.0,0.0,0.0,0.0,0.0,,총괄표제부_보완,231,12,5.194805194805195,563.0,563.0,,,,,5,14,15,34,72503,0.46894611257465213,3,527000000,1.0,40.0,18.41541755888651,,,,13.492063492063492,,11.772486772486772,,,,13.841287169162214,23.650804480726382,낮음,낮음,0,,,,,종로구 공식 피해·보증사고 배경지표 상위 | 20년 이상 주거건물 비중 0.0% | 비아파트 건물 비중 0.0%,seoul-dong-v1.0,서울 법정동 시장·건물구조 상대위험,"전세사기 발생확률이 아니며, 공식 동별 피해집계가 없는 지역의 피해 건수를 추정하지 않습니다.",2021-03,
1168011400,11680,일원동,강남구,6851.0,1203.0,18.0,589.0,38.54453877165887,0.0,0.0,6851.0,2801.0,40.88454240256897,7.0,69.0,10.952382283201324,0.0,250.0,82.0,204.8780487804878,0.0,202607,202607,617.0,35.0,4050.0,799.0,2184.0,369.0,0.0,0.0,18.0,15.0,0.0,6.0,1.0,1.0,13298.0,10588.0,0.0,6.666666666666667,6.666666666666667,40.0,1.2559501322251605,총괄표제부_보완,1286,169,13.141524105754277,16067.0,16067.0,588.0,1304000000.0,5085487.153629979,588.0,11,30,27,68,244779,0.27780160879814036,5,1585000000,0.6,21.0,56.102783725910065,15.853658536585366,43.39378238341969,34.41558441558442,30.158730158730158,27.860696517412936,11.772486772486772,68.5792349726776,7.588075880758807,19.28643053887079,33.7561192397609,23.160888133262695,낮음,낮음,0,,,,,최근 매매 단가 하락 신호 0.0% | 20년 이상 주거건물 비중 6.7% | 강남구 공식 피해·보증사고 배경지표 상위,seoul-dong-v1.0,서울 법정동 시장·건물구조 상대위험,"전세사기 발생확률이 아니며, 공식 동별 피해집계가 없는 지역의 피해 건수를 추정하지 않습니다.",2026-07,2026-07
1114015300,11140,방산동,중구,,,,,,,,,,,,,,,,,,,,,,,,,,,,,,,,,,,,,,,,,,,130,9,6.923076923076923,2078.0,2078.0,1.0,972000000.0,2468696.822695756,1.0,2,10,7,19,63882,0.2974233743464512,2,350000000,0.4,18.0,26.124197002141326,,,,,,,,,,26.12419700214133,23.077623126338327,자료 부족,자료 부족,0,,,,,중구 공식 피해·보증사고 배경지표 상위,seoul-dong-v1.0,서울 법정동 시장·건물구조 상대위험,"전세사기 발생확률이 아니며, 공식 동별 피해집계가 없는 지역의 피해 건수를 추정하지 않습니다.",,
1111014800,11110,계동,종로구,94.0,43.0,1.0,2.0,25.07516536912135,0.0,0.0,94.0,94.0,100.0,,,,,13.0,6.0,116.66666666666666,0.0,202606,202607,58.0,36.0,0.0,0.0,36.0,7.0,0.0,0.0,13.0,7.0,0.0,0.0,0.0,0.0,9.0,134.0,0.0,0.0,0.0,0.0,0.06716417910447761,총괄표제부_보완,421,33,7.8384798099762465,69.0,69.0,249.0,425000000.0,7380520.266182697,249.0,5,14,15,34,72503,0.46894611257465213,3,527000000,1.0,40.0,30.620985010706637,15.853658536585366,43.39378238341969,,13.492063492063492,91.91542288557214,11.772486772486772,9.836065573770492,2.710027100271003,21.856877648416383,15.681617420217483,23.0345309441042,낮음,낮음,0,,,,,종로구 공식 피해·보증사고 배경지표 상위 | 80% 이상 매칭 비중 0.0% | 20년 이상 주거건물 비중 0.0%,seoul-dong-v1.0,서울 법정동 시장·건물구조 상대위험,"전세사기 발생확률이 아니며, 공식 동별 피해집계가 없는 지역의 피해 건수를 추정하지 않습니다.",2026-07,2026-06
1111016100,11110,종로4가,종로구,,,,,,,,,,,,,,,,,,,,,,,,,,,,,,,,,,,,,,,,,,,105,4,3.8095238095238098,194.0,194.0,1.0,298000000.0,3210169.126360013,1.0,5,14,15,34,72503,0.46894611257465213,3,527000000,1.0,40.0,12.84796573875803,,,,,,,,,,12.84796573875803,23.029978586723765,자료 부족,자료 부족,0,,,,,종로구 공식 피해·보증사고 배경지표 상위,seoul-dong-v1.0,서울 법정동 시장·건물구조 상대위험,"전세사기 발생확률이 아니며, 공식 동별 피해집계가 없는 지역의 피해 건수를 추정하지 않습니다.",,
1111010300,11110,궁정동,종로구,,,,,,,,,,,,,,,,,,,,,,,,,,,,,9.0,6.0,0.0,0.0,0.0,0.0,12.0,0.0,0.0,0.0,0.0,0.0,,총괄표제부_보완,108,4,3.7037037037037033,7.0,7.0,7.0,399000000.0,8981667.555263912,7.0,5,14,15,34,72503,0.46894611257465213,3,527000000,1.0,40.0,12.633832976445397,,,,13.492063492063492,,11.772486772486772,,,,12.480914326234894,22.800571453896808,낮음,낮음,0,,,,,종로구 공식 피해·보증사고 배경지표 상위 | 20년 이상 주거건물 비중 0.0% | 비아파트 건물 비중 0.0%,seoul-dong-v1.0,서울 법정동 시장·건물구조 상대위험,"전세사기 발생확률이 아니며, 공식 동별 피해집계가 없는 지역의 피해 건수를 추정하지 않습니다.",,
1111017900,11110,홍파동,종로구,625.0,160.0,6.0,82.0,51.03670740575221,0.0,0.0,625.0,24.0,3.84,,,,,27.0,2.0,1250.0,0.0,202607,202607,0.0,0.0,601.0,154.0,24.0,6.0,0.0,0.0,1.0,1.0,0.0,0.0,0.0,0.0,1148.0,1506.0,0.0,0.0,0.0,0.0,0.7622841965471447,총괄표제부_보완,53,0,0.0,1305.0,1305.0,,,,,5,14,15,34,72503,0.46894611257465213,3,527000000,1.0,40.0,3.1049250535331905,15.853658536585366,43.39378238341969,,13.492063492063492,4.72636815920398,11.772486772486772,39.61748633879781,24.390243902439025,21.801796763981557,14.64561854353689,22.742482694273157,낮음,낮음,0,,,,,종로구 공식 피해·보증사고 배경지표 상위 | 최근 36개월 추정 전세가율 51.0% | 80% 이상 매칭 비중 0.0%,seoul-dong-v1.0,서울 법정동 시장·건물구조 상대위험,"전세사기 발생확률이 아니며, 공식 동별 피해집계가 없는 지역의 피해 건수를 추정하지 않습니다.",2026-07,2026-07
1117012700,11170,용산동5가,용산구,239.0,101.0,7.0,32.0,44.58203962974935,0.0,0.0,239.0,11.0,4.602510460251046,,,,,27.0,4.0,575.0,0.0,202607,202606,0.0,0.0,228.0,83.0,0.0,0.0,11.0,18.0,,,,,,,,,,,,,,,21,2,9.523809523809524,1076.0,1076.0,,,,,1,1,2,4,101982,0.03922260791120002,5,1290000000,0.7,18.0,40.364025695931474,15.853658536585366,43.39378238341969,,,5.721393034825871,,,12.466124661246612,16.307508282905346,40.364025695931474,22.575511393726075,낮음,낮음,0,,,,,용산구 공식 피해·보증사고 배경지표 상위 | 80% 이상 매칭 비중 0.0% | 최근 36개월 추정 전세가율 44.6%,seoul-dong-v1.0,서울 법정동 시장·건물구조 상대위험,"전세사기 발생확률이 아니며, 공식 동별 피해집계가 없는 지역의 피해 건수를 추정하지 않습니다.",2026-06,2026-07
1114014600,11140,광희동2가,중구,131.0,27.0,1.0,2.0,38.76749932703628,0.0,0.0,131.0,131.0,100.0,,,,,5.0,2.0,150.0,0.0,202607,202605,54.0,26.0,0.0,0.0,57.0,1.0,20.0,0.0,16.0,12.0,0.0,0.0,0.0,0.0,15.0,0.0,0.0,0.0,0.0,0.0,,총괄표제부_보완,312,35,11.217948717948719,145.0,145.0,165.0,308000000.0,3504761.904761905,165.0,2,10,7,19,63882,0.2974233743464512,2,350000000,0.4,18.0,47.96573875802998,15.853658536585366,43.39378238341969,,13.492063492063492,91.91542288557214,11.772486772486772,,7.8590785907859075,24.279960702776336,20.794303921901857,22.466552402141264,낮음,낮음,0,,,,,중구 공식 피해·보증사고 배경지표 상위 | 80% 이상 매칭 비중 0.0% | 20년 이상 주거건물 비중 0.0%,seoul-dong-v1.0,서울 법정동 시장·건물구조 상대위험,"전세사기 발생확률이 아니며, 공식 동별 피해집계가 없는 지역의 피해 건수를 추정하지 않습니다.",2026-05,2026-07
1171010200,11710,신천동,송파구,5700.0,1716.0,23.0,546.0,42.0938099850409,0.0,0.0,5700.0,57.0,1.0,5.0,13.0,21.343040332998218,0.0,414.0,33.0,1154.5454545454545,0.0,202607,202607,0.0,0.0,5643.0,1508.0,0.0,0.0,57.0,208.0,190.0,133.0,1.0,2.0,45.0,42.0,12994.0,214177.0,0.7518796992481203,33.83458646616541,31.57894736842105,1.5037593984962405,0.06066944629908907,표제부,190,10,5.263157894736842,15207.0,15207.0,,,,,23,69,106,198,289693,0.6834821690548271,16,3253500000,0.8,36.0,18.950749464668093,15.853658536585366,43.39378238341969,34.41558441558442,44.17989417989418,3.482587064676617,23.544973544973544,9.01639344262295,9.75609756097561,17.71582826568388,25.605571872290025,22.43088992748283,높음,낮음,0,,,,,20년 이상 주거건물 비중 33.8% | 송파구 공식 피해·보증사고 배경지표 상위 | 최근 매매 단가 하락 신호 0.0%,seoul-dong-v1.0,서울 법정동 시장·건물구조 상대위험,"전세사기 발생확률이 아니며, 공식 동별 피해집계가 없는 지역의 피해 건수를 추정하지 않습니다.",2026-07,2026-07
1144011600,11440,하중동,마포구,157.0,61.0,4.0,27.0,50.238500791552575,0.0,0.0,157.0,2.0,1.2738853503184715,,,,,13.0,0.0,,,202607,202606,0.0,0.0,155.0,61.0,2.0,0.0,0.0,0.0,23.0,18.0,0.0,2.0,4.0,4.0,505.0,27.0,0.0,22.22222222222222,22.22222222222222,11.11111111111111,18.703703703703702,표제부,23,1,4.3478260869565215,502.0,502.0,3.0,309000000.0,3495883.470550982,3.0,44,86,34,164,180580,0.908184738066231,4,760000000,0.3,24.0,15.203426124197003,15.853658536585366,,,40.21164021164021,3.731343283582089,11.772486772486772,99.72677595628416,22.22222222222222,17.63391713519125,32.761606380186784,22.37075187616145,낮음,낮음,0,,,,,20년 이상 주거건물 비중 22.2% | 마포구 공식 피해·보증사고 배경지표 상위 | 최근 36개월 추정 전세가율 50.2%,seoul-dong-v1.0,서울 법정동 시장·건물구조 상대위험,"전세사기 발생확률이 아니며, 공식 동별 피해집계가 없는 지역의 피해 건수를 추정하지 않습니다.",2026-06,2026-07
1111015600,11110,종로3가,종로구,,,,,,,,,,,,,,,,,,,,,,,,,,,,,1.0,0.0,0.0,0.0,0.0,0.0,0.0,0.0,,,,,,총괄표제부_보완,119,4,3.361344537815126,26.0,26.0,2.0,792000000.0,12963390.175410647,2.0,5,14,15,34,72503,0.46894611257465213,3,527000000,1.0,40.0,11.45610278372591,,,,,,,,,,11.456102783725909,22.160064239828692,자료 부족,자료 부족,0,,,,,종로구 공식 피해·보증사고 배경지표 상위,seoul-dong-v1.0,서울 법정동 시장·건물구조 상대위험,"전세사기 발생확률이 아니며, 공식 동별 피해집계가 없는 지역의 피해 건수를 추정하지 않습니다.",,
1114014100,11140,주자동,중구,,,,,,,,,,,,,,,,,,,,,,,,,,,,,,,,,,,,,,,,,,,47,3,6.382978723404255,,,2.0,755000000.0,5187125.594369776,2.0,2,10,7,19,63882,0.2974233743464512,2,350000000,0.4,18.0,23.768736616702355,,,,,,,,,,23.768736616702355,21.60546038543897,자료 부족,자료 부족,0,,,,,중구 공식 피해·보증사고 배경지표 상위,seoul-dong-v1.0,서울 법정동 시장·건물구조 상대위험,"전세사기 발생확률이 아니며, 공식 동별 피해집계가 없는 지역의 피해 건수를 추정하지 않습니다.",,
1156012000,11560,문래동2가,영등포구,125.0,58.0,3.0,44.0,23.528168366655862,0.0,0.0,125.0,4.0,3.2,,,,,40.0,0.0,,,202607,202607,4.0,2.0,121.0,56.0,0.0,0.0,0.0,0.0,34.0,9.0,0.0,1.0,1.0,1.0,441.0,0.0,0.0,11.11111111111111,11.11111111111111,11.11111111111111,,총괄표제부_보완,358,26,7.262569832402235,416.0,416.0,15.0,342000000.0,4571428.571428572,15.0,84,213,201,498,193619,2.572061626183381,30,7456770000,1.8,79.0,27.8372591006424,15.853658536585366,,,33.2010582010582,4.228855721393035,11.772486772486772,,2.4390243902439024,7.149213283177609,21.854954211044397,21.603266522667667,낮음,낮음,0,,,,,영등포구 공식 피해·보증사고 배경지표 상위 | 20년 이상 주거건물 비중 11.1% | 80% 이상 매칭 비중 0.0%,seoul-dong-v1.0,서울 법정동 시장·건물구조 상대위험,"전세사기 발생확률이 아니며, 공식 동별 피해집계가 없는 지역의 피해 건수를 추정하지 않습니다.",2026-07,2026-07
1111015100,11110,묘동,종로구,,,,,,,,,,,,,,,,,,,,,,,,,,,,,2.0,0.0,0.0,0.0,0.0,0.0,0.0,0.0,,,,,,총괄표제부_보완,125,4,3.2,14.0,14.0,2.0,175500000.0,6340960.600535505,2.0,5,14,15,34,72503,0.46894611257465213,3,527000000,1.0,40.0,10.278372591006423,,,,,,,,,,10.278372591006423,21.423982869379014,자료 부족,자료 부족,0,,,,,종로구 공식 피해·보증사고 배경지표 상위,seoul-dong-v1.0,서울 법정동 시장·건물구조 상대위험,"전세사기 발생확률이 아니며, 공식 동별 피해집계가 없는 지역의 피해 건수를 추정하지 않습니다.",,
1111017700,11110,평동,종로구,363.0,103.0,4.0,57.0,51.254764808401184,0.0,0.0,363.0,0.0,0.0,,,,,21.0,0.0,,,202607,202605,0.0,0.0,363.0,103.0,0.0,0.0,0.0,0.0,9.0,6.0,0.0,0.0,0.0,0.0,600.0,803.0,0.0,0.0,0.0,0.0,0.7471980074719801,총괄표제부_보완,73,1,1.36986301369863,651.0,651.0,,,,,5,14,15,34,72503,0.46894611257465213,3,527000000,1.0,40.0,7.708779443254818,15.853658536585366,,,13.492063492063492,1.4925373134328357,11.772486772486772,38.79781420765027,25.203252032520325,18.92529223799701,15.443438601809088,21.216034993250478,낮음,낮음,0,,,,,종로구 공식 피해·보증사고 배경지표 상위 | 최근 36개월 추정 전세가율 51.3% | 80% 이상 매칭 비중 0.0%,seoul-dong-v1.0,서울 법정동 시장·건물구조 상대위험,"전세사기 발생확률이 아니며, 공식 동별 피해집계가 없는 지역의 피해 건수를 추정하지 않습니다.",2026-05,2026-07
1111012500,11110,중학동,종로구,,,,,,,,,,,,,,,,,,,,,,,,,,,,,7.0,4.0,0.0,0.0,0.0,0.0,7.0,624.0,0.0,0.0,0.0,0.0,0.011217948717948718,총괄표제부_보완,44,0,0.0,52.0,52.0,2.0,3831500000.0,17696339.05045425,2.0,5,14,15,34,72503,0.46894611257465213,3,527000000,1.0,40.0,3.1049250535331905,,,,13.492063492063492,,11.772486772486772,5.737704918032787,,,9.56365133042214,20.977282081513835,낮음,낮음,0,,,,,종로구 공식 피해·보증사고 배경지표 상위 | 20년 이상 주거건물 비중 0.0% | 비아파트 건물 비중 0.0%,seoul-dong-v1.0,서울 법정동 시장·건물구조 상대위험,"전세사기 발생확률이 아니며, 공식 동별 피해집계가 없는 지역의 피해 건수를 추정하지 않습니다.",,
1114013000,11140,남산동3가,중구,,,,,,,,,,,,,,,,,,,,,,,,,,,,,5.0,2.0,0.0,0.0,0.0,0.0,3.0,120.0,0.0,0.0,0.0,0.0,0.025,총괄표제부_보완,58,9,15.517241379310345,5.0,5.0,8.0,215500000.0,3741523.5119847753,8.0,2,10,7,19,63882,0.2974233743464512,2,350000000,0.4,18.0,67.23768736616702,,,,13.492063492063492,,11.772486772486772,6.557377049180328,,,22.513154612621033,20.820721632888144,낮음,낮음,0,,,,,중구 공식 피해·보증사고 배경지표 상위 | 20년 이상 주거건물 비중 0.0% | 비아파트 건물 비중 0.0%,seoul-dong-v1.0,서울 법정동 시장·건물구조 상대위험,"전세사기 발생확률이 아니며, 공식 동별 피해집계가 없는 지역의 피해 건수를 추정하지 않습니다.",,
1117012300,11170,신계동,용산구,716.0,106.0,5.0,54.0,44.050308884882604,0.0,0.0,716.0,268.0,37.43016759776536,1.0,5.0,21.850907631322958,0.0,25.0,8.0,212.5,0.0,202607,202607,3.0,5.0,448.0,69.0,265.0,32.0,0.0,0.0,2.0,2.0,0.0,0.0,0.0,0.0,893.0,1069.0,0.0,0.0,0.0,0.0,0.8353601496725912,총괄표제부_보완,267,25,9.363295880149813,1103.0,1103.0,34.0,332500000.0,5935299.142075537,34.0,1,1,2,4,101982,0.03922260791120002,5,1290000000,0.7,18.0,38.97216274089936,15.853658536585366,43.39378238341969,34.41558441558442,13.492063492063492,25.621890547263682,11.772486772486772,43.98907103825137,11.653116531165312,20.688566202018468,22.47480378592816,20.731840667693117,낮음,낮음,0,,,,,최근 매매 단가 하락 신호 0.0% | 용산구 공식 피해·보증사고 배경지표 상위 | 80% 이상 매칭 비중 0.0%,seoul-dong-v1.0,서울 법정동 시장·건물구조 상대위험,"전세사기 발생확률이 아니며, 공식 동별 피해집계가 없는 지역의 피해 건수를 추정하지 않습니다.",2026-07,2026-07
1117012900,11170,이촌동,용산구,5629.0,1446.0,23.0,537.0,33.160030247828956,0.0,0.0,5629.0,223.0,3.961627287262391,3.0,7.0,36.07418708412865,0.0,318.0,9.0,3433.3333333333335,0.0,202607,202607,21.0,4.0,5406.0,1351.0,202.0,91.0,0.0,0.0,23.0,19.0,0.0,1.0,4.0,2.0,7270.0,10994.0,0.0,21.052631578947366,10.526315789473683,5.263157894736842,0.6612697835182827,총괄표제부_보완,505,79,15.643564356435643,13778.0,13778.0,58.0,987000000.0,9421075.431718066,58.0,1,1,2,4,101982,0.03922260791120002,5,1290000000,0.7,18.0,68.09421841541756,15.853658536585366,43.39378238341969,34.41558441558442,39.285714285714285,5.223880597014925,11.772486772486772,34.97267759562842,4.878048780487805,15.938738106722587,33.39516860285105,20.612035014746315,낮음,낮음,0,,,,,20년 이상 주거건물 비중 21.1% | 최근 매매 단가 하락 신호 0.0% | 용산구 공식 피해·보증사고 배경지표 상위,seoul-dong-v1.0,서울 법정동 시장·건물구조 상대위험,"전세사기 발생확률이 아니며, 공식 동별 피해집계가 없는 지역의 피해 건수를 추정하지 않습니다.",2026-07,2026-07
1111013000,11110,와룡동,종로구,0.0,2.0,,,,,,,,,,,,,2.0,0.0,,,,202509,0.0,2.0,0.0,0.0,0.0,0.0,0.0,0.0,2.0,0.0,0.0,0.0,0.0,0.0,0.0,0.0,,,,,,총괄표제부_보완,301,4,1.3289036544850499,,,17.0,420000000.0,5082284.607938045,17.0,5,14,15,34,72503,0.46894611257465213,3,527000000,1.0,40.0,7.494646680942184,,,,,,,,,,7.494646680942184,19.684154175588862,낮음,낮음,0,,,,,종로구 공식 피해·보증사고 배경지표 상위,seoul-dong-v1.0,서울 법정동 시장·건물구조 상대위험,"전세사기 발생확률이 아니며, 공식 동별 피해집계가 없는 지역의 피해 건수를 추정하지 않습니다.",2025-09,
1114010300,11140,태평로1가,중구,,,,,,,,,,,,,,,,,,,,,,,,,,,,,,,,,,,,,,,,,,,36,2,5.555555555555555,2.0,2.0,,,,,2,10,7,19,63882,0.2974233743464512,2,350000000,0.4,18.0,20.235546038543898,,,,,,,,,,20.235546038543898,19.397216274089935,자료 부족,자료 부족,0,,,,,중구 공식 피해·보증사고 배경지표 상위,seoul-dong-v1.0,서울 법정동 시장·건물구조 상대위험,"전세사기 발생확률이 아니며, 공식 동별 피해집계가 없는 지역의 피해 건수를 추정하지 않습니다.",,
1114013100,11140,저동1가,중구,,,,,,,,,,,,,,,,,,,,,,,,,,,,,4.0,1.0,0.0,0.0,0.0,0.0,1.0,0.0,0.0,0.0,0.0,0.0,,총괄표제부_보완,29,3,10.344827586206897,2.0,2.0,2.0,339000000.0,5298180.985639992,2.0,2,10,7,19,63882,0.2974233743464512,2,350000000,0.4,18.0,44.53961456102783,,,,13.492063492063492,,11.772486772486772,,,,19.988157052018998,19.24259815751187,낮음,낮음,0,,,,,중구 공식 피해·보증사고 배경지표 상위 | 20년 이상 주거건물 비중 0.0% | 비아파트 건물 비중 0.0%,seoul-dong-v1.0,서울 법정동 시장·건물구조 상대위험,"전세사기 발생확률이 아니며, 공식 동별 피해집계가 없는 지역의 피해 건수를 추정하지 않습니다.",,
1117011800,11170,원효로4가,용산구,1108.0,259.0,11.0,105.0,28.847446278245744,0.0,0.0,1108.0,596.0,53.79061371841155,2.0,7.0,9.55771205532634,0.0,65.0,18.0,261.11111111111114,0.0,202607,202607,41.0,15.0,512.0,152.0,555.0,92.0,0.0,0.0,4.0,2.0,0.0,0.0,0.0,0.0,302.0,380.0,0.0,0.0,0.0,0.0,0.7947368421052632,총괄표제부_보완,220,17,7.727272727272727,1566.0,1566.0,68.0,459500000.0,3613922.183996767,68.0,1,1,2,4,101982,0.03922260791120002,5,1290000000,0.7,18.0,29.764453961456105,15.853658536585366,43.39378238341969,34.41558441558442,13.492063492063492,38.308457711442784,11.772486772486772,41.80327868852459,3.523035230352303,18.705190398111174,20.30539317758049,18.999462533261827,낮음,낮음,0,,,,,최근 매매 단가 하락 신호 0.0% | 용산구 공식 피해·보증사고 배경지표 상위 | 80% 이상 매칭 비중 0.0%,seoul-dong-v1.0,서울 법정동 시장·건물구조 상대위험,"전세사기 발생확률이 아니며, 공식 동별 피해집계가 없는 지역의 피해 건수를 추정하지 않습니다.",2026-07,2026-07
1171010900,11710,장지동,송파구,7074.0,1227.0,6.0,327.0,42.90306668003543,0.0,0.0,7074.0,0.0,0.0,,,,,335.0,0.0,,,202607,202607,0.0,0.0,7074.0,1227.0,0.0,0.0,0.0,0.0,670.0,497.0,0.0,4.0,6.0,6.0,15013.0,4023.0,0.0,1.2072434607645874,1.2072434607645874,0.8048289738430584,3.7317921948794432,표제부,671,3,0.44709388971684055,17022.0,17022.0,1.0,317000000.0,6031202.435312024,1.0,23,69,106,198,289693,0.6834821690548271,16,3253500000,0.8,36.0,6.209850107066381,15.853658536585366,,,27.24867724867725,1.4925373134328357,11.772486772486772,92.89617486338798,10.29810298102981,10.975879410535399,26.697560272085497,18.659917714342612,높음,낮음,0,,,,,송파구 공식 피해·보증사고 배경지표 상위 | 20년 이상 주거건물 비중 1.2% | 80% 이상 매칭 비중 0.0%,seoul-dong-v1.0,서울 법정동 시장·건물구조 상대위험,"전세사기 발생확률이 아니며, 공식 동별 피해집계가 없는 지역의 피해 건수를 추정하지 않습니다.",2026-07,2026-07
1114015200,11140,주교동,중구,0.0,5.0,,,,,,,,,,,,,1.0,0.0,,,,202508,0.0,5.0,0.0,0.0,0.0,0.0,0.0,0.0,,,,,,,,,,,,,,,400,21,5.25,1158.0,1158.0,,,,,2,10,7,19,63882,0.2974233743464512,2,350000000,0.4,18.0,18.629550321199144,,,,,,,,,,18.629550321199144,18.393468950749465,낮음,낮음,0,,,,,중구 공식 피해·보증사고 배경지표 상위,seoul-dong-v1.0,서울 법정동 시장·건물구조 상대위험,"전세사기 발생확률이 아니며, 공식 동별 피해집계가 없는 지역의 피해 건수를 추정하지 않습니다.",2025-08,
1111011900,11110,세종로,종로구,,,,,,,,,,,,,,,,,,,,,,,,,,,,,4.0,0.0,0.0,0.0,0.0,0.0,0.0,250.0,,,,,0.0,총괄표제부_보완,251,2,0.796812749003984,26.0,26.0,,,,,5,14,15,34,72503,0.46894611257465213,3,527000000,1.0,40.0,6.423982869379015,,,,,,,1.912568306010929,,,4.490519485078407,17.806574678174005,자료 부족,자료 부족,0,,,,,종로구 공식 피해·보증사고 배경지표 상위,seoul-dong-v1.0,서울 법정동 시장·건물구조 상대위험,"전세사기 발생확률이 아니며, 공식 동별 피해집계가 없는 지역의 피해 건수를 추정하지 않습니다.",,
1114015900,11140,초동,중구,,,,,,,,,,,,,,,,,,,,,,,,,,,,,9.0,0.0,0.0,0.0,0.0,0.0,3.0,0.0,,,,,,총괄표제부_보완,193,9,4.66321243523316,101.0,101.0,3.0,271000000.0,4758500.158881474,3.0,2,10,7,19,63882,0.2974233743464512,2,350000000,0.4,18.0,16.916488222698074,,,,,,,,,,16.916488222698074,17.322805139186297,자료 부족,자료 부족,0,,,,,중구 공식 피해·보증사고 배경지표 상위,seoul-dong-v1.0,서울 법정동 시장·건물구조 상대위험,"전세사기 발생확률이 아니며, 공식 동별 피해집계가 없는 지역의 피해 건수를 추정하지 않습니다.",,
1111017600,11110,교남동,종로구,0.0,4.0,,,,,,,,,,,,,,,,,,202203,0.0,4.0,0.0,0.0,0.0,0.0,0.0,0.0,,,,,,,,,,,,,,,3,0,0.0,,,7.0,864000000.0,10404624.277456647,7.0,5,14,15,34,72503,0.46894611257465213,3,527000000,1.0,40.0,3.1049250535331905,,,,,,,,,,3.1049250535331905,16.940578158458244,낮음,낮음,0,,,,,종로구 공식 피해·보증사고 배경지표 상위,seoul-dong-v1.0,서울 법정동 시장·건물구조 상대위험,"전세사기 발생확률이 아니며, 공식 동별 피해집계가 없는 지역의 피해 건수를 추정하지 않습니다.",2022-03,
1111011600,11110,도렴동,종로구,,,,,,,,,,,,,,,,,,,,,,,,,,,,,,,,,,,,,,,,,,,33,0,0.0,133.0,133.0,,,,,5,14,15,34,72503,0.46894611257465213,3,527000000,1.0,40.0,3.1049250535331905,,,,,,,,,,3.1049250535331905,16.940578158458244,자료 부족,자료 부족,0,,,,,종로구 공식 피해·보증사고 배경지표 상위,seoul-dong-v1.0,서울 법정동 시장·건물구조 상대위험,"전세사기 발생확률이 아니며, 공식 동별 피해집계가 없는 지역의 피해 건수를 추정하지 않습니다.",,
1111012300,11110,서린동,종로구,,,,,,,,,,,,,,,,,,,,,,,,,,,,,,,,,,,,,,,,,,,28,0,0.0,66.0,66.0,,,,,5,14,15,34,72503,0.46894611257465213,3,527000000,1.0,40.0,3.1049250535331905,,,,,,,,,,3.1049250535331905,16.940578158458244,자료 부족,자료 부족,0,,,,,종로구 공식 피해·보증사고 배경지표 상위,seoul-dong-v1.0,서울 법정동 시장·건물구조 상대위험,"전세사기 발생확률이 아니며, 공식 동별 피해집계가 없는 지역의 피해 건수를 추정하지 않습니다.",,
1111014500,11110,송현동,종로구,,,,,,,,,,,,,,,,,,,,,,,,,,,,,,,,,,,,,,,,,,,30,0,0.0,,,,,,,5,14,15,34,72503,0.46894611257465213,3,527000000,1.0,40.0,3.1049250535331905,,,,,,,,,,3.1049250535331905,16.940578158458244,자료 부족,자료 부족,0,,,,,종로구 공식 피해·보증사고 배경지표 상위,seoul-dong-v1.0,서울 법정동 시장·건물구조 상대위험,"전세사기 발생확률이 아니며, 공식 동별 피해집계가 없는 지역의 피해 건수를 추정하지 않습니다.",,
1111013800,11110,종로2가,종로구,,,,,,,,,,,,,,,,,,,,,,,,,,,,,1.0,0.0,0.0,0.0,0.0,0.0,0.0,0.0,,,,,,총괄표제부_보완,70,0,0.0,51.0,51.0,,,,,5,14,15,34,72503,0.46894611257465213,3,527000000,1.0,40.0,3.1049250535331905,,,,,,,,,,3.1049250535331905,16.940578158458244,자료 부족,자료 부족,0,,,,,종로구 공식 피해·보증사고 배경지표 상위,seoul-dong-v1.0,서울 법정동 시장·건물구조 상대위험,"전세사기 발생확률이 아니며, 공식 동별 피해집계가 없는 지역의 피해 건수를 추정하지 않습니다.",,
1111015000,11110,훈정동,종로구,,,,,,,,,,,,,,,,,,,,,,,,,,,,,1.0,0.0,0.0,0.0,0.0,0.0,0.0,0.0,,,,,,총괄표제부_보완,33,0,0.0,,,,,,,5,14,15,34,72503,0.46894611257465213,3,527000000,1.0,40.0,3.1049250535331905,,,,,,,,,,3.1049250535331905,16.940578158458244,자료 부족,자료 부족,0,,,,,종로구 공식 피해·보증사고 배경지표 상위,seoul-dong-v1.0,서울 법정동 시장·건물구조 상대위험,"전세사기 발생확률이 아니며, 공식 동별 피해집계가 없는 지역의 피해 건수를 추정하지 않습니다.",,
1111017800,11110,송월동,종로구,,,,,,,,,,,,,,,,,,,,,,,,,,,,,2.0,0.0,0.0,0.0,0.0,0.0,0.0,47.0,,,,,0.0,총괄표제부_보완,11,0,0.0,,,,,,,5,14,15,34,72503,0.46894611257465213,3,527000000,1.0,40.0,3.1049250535331905,,,,,,,1.912568306010929,,,2.593915018880793,16.621196886800494,자료 부족,자료 부족,0,,,,,종로구 공식 피해·보증사고 배경지표 상위,seoul-dong-v1.0,서울 법정동 시장·건물구조 상대위험,"전세사기 발생확률이 아니며, 공식 동별 피해집계가 없는 지역의 피해 건수를 추정하지 않습니다.",,
1117011500,11170,산천동,용산구,743.0,196.0,5.0,104.0,42.69740186739442,0.0,0.0,743.0,68.0,9.152086137281291,,,,,65.0,4.0,1525.0,0.0,202607,202607,20.0,5.0,675.0,174.0,48.0,17.0,0.0,0.0,5.0,3.0,0.0,0.0,0.0,0.0,1754.0,1860.0,0.0,0.0,0.0,0.0,0.943010752688172,총괄표제부_보완,119,4,3.361344537815126,1939.0,1939.0,39.0,474000000.0,2742666.3486763653,39.0,1,1,2,4,101982,0.03922260791120002,5,1290000000,0.7,18.0,11.45610278372591,15.853658536585366,43.39378238341969,,13.492063492063492,8.706467661691542,11.772486772486772,53.551912568306015,10.02710027100271,15.510917349480646,18.406018024001668,16.608054915688804,낮음,낮음,0,,,,,용산구 공식 피해·보증사고 배경지표 상위 | 80% 이상 매칭 비중 0.0% | 20년 이상 주거건물 비중 0.0%,seoul-dong-v1.0,서울 법정동 시장·건물구조 상대위험,"전세사기 발생확률이 아니며, 공식 동별 피해집계가 없는 지역의 피해 건수를 추정하지 않습니다.",2026-07,2026-07
1117012000,11170,도원동,용산구,692.0,190.0,3.0,97.0,41.4867160588691,0.0,0.0,692.0,38.0,5.491329479768786,,,,,57.0,0.0,,,202607,202606,3.0,1.0,654.0,187.0,35.0,2.0,0.0,0.0,2.0,2.0,0.0,1.0,1.0,0.0,1992.0,2237.0,0.0,50.0,0.0,50.0,0.8904783191774698,총괄표제부_보완,71,4,5.633802816901409,2130.0,2130.0,14.0,273000000.0,3487550.867599823,14.0,1,1,2,4,101982,0.03922260791120002,5,1290000000,0.7,18.0,20.770877944325484,15.853658536585366,,,47.75132275132275,6.7164179104477615,11.772486772486772,48.63387978142077,9.48509485094851,11.23879248742736,28.09608295290361,16.46729623068232,낮음,낮음,0,,,,,20년 이상 주거건물 비중 50.0% | 용산구 공식 피해·보증사고 배경지표 상위 | 80% 이상 매칭 비중 0.0%,seoul-dong-v1.0,서울 법정동 시장·건물구조 상대위험,"전세사기 발생확률이 아니며, 공식 동별 피해집계가 없는 지역의 피해 건수를 추정하지 않습니다.",2026-06,2026-07
1114012600,11140,명동1가,중구,,,,,,,,,,,,,,,,,,,,,,,,,,,,,1.0,0.0,0.0,0.0,0.0,0.0,0.0,0.0,,,,,,총괄표제부_보완,91,4,4.395604395604396,15.0,15.0,,,,,2,10,7,19,63882,0.2974233743464512,2,350000000,0.4,18.0,15.417558886509635,,,,,,,,,,15.417558886509637,16.385974304068522,자료 부족,자료 부족,0,,,,,중구 공식 피해·보증사고 배경지표 상위,seoul-dong-v1.0,서울 법정동 시장·건물구조 상대위험,"전세사기 발생확률이 아니며, 공식 동별 피해집계가 없는 지역의 피해 건수를 추정하지 않습니다.",,
1114016600,11140,서소문동,중구,,,,,,,,,,,,,,,,,,,,,,,,,,,,,10.0,4.0,0.0,0.0,0.0,0.0,6.0,0.0,0.0,0.0,0.0,0.0,,총괄표제부_보완,108,2,1.8518518518518516,245.0,245.0,1.0,426000000.0,6897668.393782384,1.0,2,10,7,19,63882,0.2974233743464512,2,350000000,0.4,18.0,8.137044967880087,,,,13.492063492063492,,11.772486772486772,,,,11.422846559513646,13.889279099696028,낮음,낮음,0,,,,,중구 공식 피해·보증사고 배경지표 상위 | 20년 이상 주거건물 비중 0.0% | 비아파트 건물 비중 0.0%,seoul-dong-v1.0,서울 법정동 시장·건물구조 상대위험,"전세사기 발생확률이 아니며, 공식 동별 피해집계가 없는 지역의 피해 건수를 추정하지 않습니다.",,
1114010100,11140,무교동,중구,,,,,,,,,,,,,,,,,,,,,,,,,,,,,,,,,,,,,,,,,,,31,1,3.225806451612903,78.0,78.0,,,,,2,10,7,19,63882,0.2974233743464512,2,350000000,0.4,18.0,10.492505353319057,,,,,,,,,,10.492505353319057,13.307815845824411,자료 부족,자료 부족,0,,,,,중구 공식 피해·보증사고 배경지표 상위,seoul-dong-v1.0,서울 법정동 시장·건물구조 상대위험,"전세사기 발생확률이 아니며, 공식 동별 피해집계가 없는 지역의 피해 건수를 추정하지 않습니다.",,
1168011000,11680,압구정동,강남구,4029.0,728.0,16.0,238.0,22.96791788504354,0.0,0.0,4029.0,0.0,0.0,,,,,38.0,0.0,,,202607,202607,0.0,0.0,4029.0,728.0,0.0,0.0,0.0,0.0,25.0,21.0,0.0,5.0,0.0,0.0,10204.0,123.0,0.0,0.0,0.0,23.809523809523807,82.95934959349593,총괄표제부_보완,230,2,0.8695652173913043,10787.0,10787.0,,,,,11,30,27,68,244779,0.27780160879814036,5,1585000000,0.6,21.0,6.638115631691649,15.853658536585366,,,13.492063492063492,1.4925373134328357,11.772486772486772,100.0,2.168021680216802,6.639836050101795,24.409633708348913,13.236310057148305,낮음,낮음,0,,,,,강남구 공식 피해·보증사고 배경지표 상위 | 80% 이상 매칭 비중 0.0% | 20년 이상 주거건물 비중 0.0%,seoul-dong-v1.0,서울 법정동 시장·건물구조 상대위험,"전세사기 발생확률이 아니며, 공식 동별 피해집계가 없는 지역의 피해 건수를 추정하지 않습니다.",2026-07,2026-07
1114010200,11140,다동,중구,,,,,,,,,,,,,,,,,,,,,,,,,,,,,,,,,,,,,,,,,,,80,2,2.5,332.0,332.0,,,,,2,10,7,19,63882,0.2974233743464512,2,350000000,0.4,18.0,8.565310492505352,,,,,,,,,,8.565310492505352,12.103319057815844,자료 부족,자료 부족,0,,,,,중구 공식 피해·보증사고 배경지표 상위,seoul-dong-v1.0,서울 법정동 시장·건물구조 상대위험,"전세사기 발생확률이 아니며, 공식 동별 피해집계가 없는 지역의 피해 건수를 추정하지 않습니다.",,
1114011700,11140,남대문로4가,중구,,,,,,,,,,,,,,,,,,,,,,,,,,,,,,,,,,,,,,,,,,,87,1,1.1494252873563218,18.0,18.0,,,,,2,10,7,19,63882,0.2974233743464512,2,350000000,0.4,18.0,7.173447537473233,,,,,,,,,,7.173447537473234,11.233404710920771,자료 부족,자료 부족,0,,,,,중구 공식 피해·보증사고 배경지표 상위,seoul-dong-v1.0,서울 법정동 시장·건물구조 상대위험,"전세사기 발생확률이 아니며, 공식 동별 피해집계가 없는 지역의 피해 건수를 추정하지 않습니다.",,
1117013500,11170,용산동6가,용산구,,,,,,,,,,,,,,,,,,,,,,,,,,,,,1.0,0.0,0.0,0.0,0.0,0.0,0.0,50.0,,,,,0.0,총괄표제부_보완,30,1,3.3333333333333335,,,,,,,1,1,2,4,101982,0.03922260791120002,5,1290000000,0.7,18.0,11.027837259100643,,,,,,,1.912568306010929,,,7.121293422062195,11.20080838878887,자료 부족,자료 부족,0,,,,,용산구 공식 피해·보증사고 배경지표 상위,seoul-dong-v1.0,서울 법정동 시장·건물구조 상대위험,"전세사기 발생확률이 아니며, 공식 동별 피해집계가 없는 지역의 피해 건수를 추정하지 않습니다.",,
1114011400,11140,태평로2가,중구,,,,,,,,,,,,,,,,,,,,,,,,,,,,,,,,,,,,,,,,,,,91,1,1.098901098901099,39.0,39.0,,,,,2,10,7,19,63882,0.2974233743464512,2,350000000,0.4,18.0,6.852248394004283,,,,,,,,,,6.852248394004283,11.032655246252675,자료 부족,자료 부족,0,,,,,중구 공식 피해·보증사고 배경지표 상위,seoul-dong-v1.0,서울 법정동 시장·건물구조 상대위험,"전세사기 발생확률이 아니며, 공식 동별 피해집계가 없는 지역의 피해 건수를 추정하지 않습니다.",,
1114012400,11140,충무로1가,중구,,,,,,,,,,,,,,,,,,,,,,,,,,,,,2.0,0.0,0.0,0.0,0.0,0.0,0.0,100.0,,,,,0.0,총괄표제부_보완,95,3,3.1578947368421053,1412.0,1412.0,,,,,2,10,7,19,63882,0.2974233743464512,2,350000000,0.4,18.0,9.850107066381156,,,,,,,1.912568306010929,,,6.448304740508202,10.780190462817623,자료 부족,자료 부족,0,,,,,중구 공식 피해·보증사고 배경지표 상위,seoul-dong-v1.0,서울 법정동 시장·건물구조 상대위험,"전세사기 발생확률이 아니며, 공식 동별 피해집계가 없는 지역의 피해 건수를 추정하지 않습니다.",,
1114012700,11140,명동2가,중구,0.0,1.0,,,,,,,,,,,,,1.0,0.0,,,,202603,0.0,1.0,0.0,0.0,0.0,0.0,0.0,0.0,12.0,0.0,0.0,0.0,0.0,0.0,2.0,212.0,,,,,0.009433962264150943,총괄표제부_보완,261,3,1.1494252873563218,876.0,876.0,1.0,211000000.0,6311696.081364044,1.0,2,10,7,19,63882,0.2974233743464512,2,350000000,0.4,18.0,7.173447537473233,,,,,,,5.191256830601093,,,6.323937234528032,10.702460771580018,낮음,낮음,0,,,,,중구 공식 피해·보증사고 배경지표 상위,seoul-dong-v1.0,서울 법정동 시장·건물구조 상대위험,"전세사기 발생확률이 아니며, 공식 동별 피해집계가 없는 지역의 피해 건수를 추정하지 않습니다.",2026-03,
1114017000,11140,충정로1가,중구,,,,,,,,,,,,,,,,,,,,,,,,,,,,,5.0,0.0,0.0,0.0,0.0,0.0,2.0,238.0,,,,,0.008403361344537815,총괄표제부_보완,33,0,0.0,,,,,,,2,10,7,19,63882,0.2974233743464512,2,350000000,0.4,18.0,3.1049250535331905,,,,,,,4.918032786885246,,,3.881971224969786,9.176232015606116,자료 부족,자료 부족,0,,,,,중구 공식 피해·보증사고 배경지표 상위,seoul-dong-v1.0,서울 법정동 시장·건물구조 상대위험,"전세사기 발생확률이 아니며, 공식 동별 피해집계가 없는 지역의 피해 건수를 추정하지 않습니다.",,
1117010300,11170,용산동4가,용산구,,,,,,,,,,,,,,,,,,,,,,,,,,,,,,,,,,,,,,,,,,,22,0,0.0,,,,,,,1,1,2,4,101982,0.03922260791120002,5,1290000000,0.7,18.0,3.1049250535331905,,,,,,,,,,3.1049250535331905,8.690578158458242,자료 부족,자료 부족,0,,,,,용산구 공식 피해·보증사고 배경지표 상위,seoul-dong-v1.0,서울 법정동 시장·건물구조 상대위험,"전세사기 발생확률이 아니며, 공식 동별 피해집계가 없는 지역의 피해 건수를 추정하지 않습니다.",,
1114010600,11140,남대문로1가,중구,,,,,,,,,,,,,,,,,,,,,,,,,,,,,,,,,,,,,,,,,,,14,0,0.0,,,,,,,2,10,7,19,63882,0.2974233743464512,2,350000000,0.4,18.0,3.1049250535331905,,,,,,,,,,3.1049250535331905,8.690578158458242,자료 부족,자료 부족,0,,,,,중구 공식 피해·보증사고 배경지표 상위,seoul-dong-v1.0,서울 법정동 시장·건물구조 상대위험,"전세사기 발생확률이 아니며, 공식 동별 피해집계가 없는 지역의 피해 건수를 추정하지 않습니다.",,
1114011500,11140,남대문로2가,중구,,,,,,,,,,,,,,,,,,,,,,,,,,,,,,,,,,,,,,,,,,,11,0,0.0,9.0,9.0,,,,,2,10,7,19,63882,0.2974233743464512,2,350000000,0.4,18.0,3.1049250535331905,,,,,,,,,,3.1049250535331905,8.690578158458242,자료 부족,자료 부족,0,,,,,중구 공식 피해·보증사고 배경지표 상위,seoul-dong-v1.0,서울 법정동 시장·건물구조 상대위험,"전세사기 발생확률이 아니며, 공식 동별 피해집계가 없는 지역의 피해 건수를 추정하지 않습니다.",,
1114011600,11140,남대문로3가,중구,,,,,,,,,,,,,,,,,,,,,,,,,,,,,,,,,,,,,,,,,,,35,0,0.0,154.0,154.0,,,,,2,10,7,19,63882,0.2974233743464512,2,350000000,0.4,18.0,3.1049250535331905,,,,,,,,,,3.1049250535331905,8.690578158458242,자료 부족,자료 부족,0,,,,,중구 공식 피해·보증사고 배경지표 상위,seoul-dong-v1.0,서울 법정동 시장·건물구조 상대위험,"전세사기 발생확률이 아니며, 공식 동별 피해집계가 없는 지역의 피해 건수를 추정하지 않습니다.",,
1114011900,11140,봉래동1가,중구,,,,,,,,,,,,,,,,,,,,,,,,,,,,,,,,,,,,,,,,,,,26,0,0.0,56.0,56.0,,,,,2,10,7,19,63882,0.2974233743464512,2,350000000,0.4,18.0,3.1049250535331905,,,,,,,,,,3.1049250535331905,8.690578158458242,자료 부족,자료 부족,0,,,,,중구 공식 피해·보증사고 배경지표 상위,seoul-dong-v1.0,서울 법정동 시장·건물구조 상대위험,"전세사기 발생확률이 아니며, 공식 동별 피해집계가 없는 지역의 피해 건수를 추정하지 않습니다.",,
1114012000,11140,봉래동2가,중구,,,,,,,,,,,,,,,,,,,,,,,,,,,,,,,,,,,,,,,,,,,24,0,0.0,4.0,4.0,,,,,2,10,7,19,63882,0.2974233743464512,2,350000000,0.4,18.0,3.1049250535331905,,,,,,,,,,3.1049250535331905,8.690578158458242,자료 부족,자료 부족,0,,,,,중구 공식 피해·보증사고 배경지표 상위,seoul-dong-v1.0,서울 법정동 시장·건물구조 상대위험,"전세사기 발생확률이 아니며, 공식 동별 피해집계가 없는 지역의 피해 건수를 추정하지 않습니다.",,
1114010700,11140,삼각동,중구,,,,,,,,,,,,,,,,,,,,,,,,,,,,,,,,,,,,,,,,,,,17,0,0.0,,,,,,,2,10,7,19,63882,0.2974233743464512,2,350000000,0.4,18.0,3.1049250535331905,,,,,,,,,,3.1049250535331905,8.690578158458242,자료 부족,자료 부족,0,,,,,중구 공식 피해·보증사고 배경지표 상위,seoul-dong-v1.0,서울 법정동 시장·건물구조 상대위험,"전세사기 발생확률이 아니며, 공식 동별 피해집계가 없는 지역의 피해 건수를 추정하지 않습니다.",,
1114011000,11140,수표동,중구,,,,,,,,,,,,,,,,,,,,,,,,,,,,,2.0,0.0,0.0,0.0,0.0,0.0,1.0,0.0,,,,,,총괄표제부_보완,36,0,0.0,,,,,,,2,10,7,19,63882,0.2974233743464512,2,350000000,0.4,18.0,3.1049250535331905,,,,,,,,,,3.1049250535331905,8.690578158458242,자료 부족,자료 부족,0,,,,,중구 공식 피해·보증사고 배경지표 상위,seoul-dong-v1.0,서울 법정동 시장·건물구조 상대위험,"전세사기 발생확률이 아니며, 공식 동별 피해집계가 없는 지역의 피해 건수를 추정하지 않습니다.",,
1114010800,11140,수하동,중구,,,,,,,,,,,,,,,,,,,,,,,,,,,,,,,,,,,,,,,,,,,5,0,0.0,,,,,,,2,10,7,19,63882,0.2974233743464512,2,350000000,0.4,18.0,3.1049250535331905,,,,,,,,,,3.1049250535331905,8.690578158458242,자료 부족,자료 부족,0,,,,,중구 공식 피해·보증사고 배경지표 상위,seoul-dong-v1.0,서울 법정동 시장·건물구조 상대위험,"전세사기 발생확률이 아니며, 공식 동별 피해집계가 없는 지역의 피해 건수를 추정하지 않습니다.",,
1114010400,11140,을지로1가,중구,,,,,,,,,,,,,,,,,,,,,,,,,,,,,,,,,,,,,,,,,,,35,0,0.0,24.0,24.0,,,,,2,10,7,19,63882,0.2974233743464512,2,350000000,0.4,18.0,3.1049250535331905,,,,,,,,,,3.1049250535331905,8.690578158458242,자료 부족,자료 부족,0,,,,,중구 공식 피해·보증사고 배경지표 상위,seoul-dong-v1.0,서울 법정동 시장·건물구조 상대위험,"전세사기 발생확률이 아니며, 공식 동별 피해집계가 없는 지역의 피해 건수를 추정하지 않습니다.",,
1114017200,11140,의주로2가,중구,,,,,,,,,,,,,,,,,,,,,,,,,,,,,5.0,0.0,0.0,0.0,0.0,0.0,1.0,0.0,,,,,,총괄표제부_보완,38,0,0.0,3.0,3.0,,,,,2,10,7,19,63882,0.2974233743464512,2,350000000,0.4,18.0,3.1049250535331905,,,,,,,,,,3.1049250535331905,8.690578158458242,자료 부족,자료 부족,0,,,,,중구 공식 피해·보증사고 배경지표 상위,seoul-dong-v1.0,서울 법정동 시장·건물구조 상대위험,"전세사기 발생확률이 아니며, 공식 동별 피해집계가 없는 지역의 피해 건수를 추정하지 않습니다.",,
1114010900,11140,장교동,중구,,,,,,,,,,,,,,,,,,,,,,,,,,,,,,,,,,,,,,,,,,,6,0,0.0,395.0,395.0,,,,,2,10,7,19,63882,0.2974233743464512,2,350000000,0.4,18.0,3.1049250535331905,,,,,,,,,,3.1049250535331905,8.690578158458242,자료 부족,자료 부족,0,,,,,중구 공식 피해·보증사고 배경지표 상위,seoul-dong-v1.0,서울 법정동 시장·건물구조 상대위험,"전세사기 발생확률이 아니며, 공식 동별 피해집계가 없는 지역의 피해 건수를 추정하지 않습니다.",,
1117010600,11170,용산동1가,용산구,,,,,,,,,,,,,,,,,,,,,,,,,,,,,1.0,0.0,0.0,0.0,0.0,0.0,0.0,754.0,,,,,0.0,총괄표제부_보완,10,0,0.0,,,,,,,1,1,2,4,101982,0.03922260791120002,5,1290000000,0.7,18.0,3.1049250535331905,,,,,,,1.912568306010929,,,2.593915018880793,8.371196886800494,자료 부족,자료 부족,0,,,,,용산구 공식 피해·보증사고 배경지표 상위,seoul-dong-v1.0,서울 법정동 시장·건물구조 상대위험,"전세사기 발생확률이 아니며, 공식 동별 피해집계가 없는 지역의 피해 건수를 추정하지 않습니다.",,
1114011100,11140,소공동,중구,,,,,,,,,,,,,,,,,,,,,,,,,,,,,1.0,0.0,0.0,0.0,0.0,0.0,0.0,1061.0,,,,,0.0,총괄표제부_보완,50,0,0.0,113.0,113.0,,,,,2,10,7,19,63882,0.2974233743464512,2,350000000,0.4,18.0,3.1049250535331905,,,,,,,1.912568306010929,,,2.593915018880793,8.371196886800494,자료 부족,자료 부족,0,,,,,중구 공식 피해·보증사고 배경지표 상위,seoul-dong-v1.0,서울 법정동 시장·건물구조 상대위험,"전세사기 발생확률이 아니며, 공식 동별 피해집계가 없는 지역의 피해 건수를 추정하지 않습니다.",,
