{"type":"FeatureCollection","name":"서울_법정동_전세시장_건물구조_위험","features":[{"type":"Feature","properties":{"legal_dong_code":"1111010300","sigungu_code":"11110","district":"종로구","legal_dong":"궁정동","risk_score":22.800571453896808,"risk_level":"낮음","data_confidence":"낮음","market_risk_score":null,"building_risk_score":12.480914326234894,"district_context_score":40.0,"jeonse_ratio_pct":null,"high80_share_pct":null,"sale_decline_pct":null,"sale_count":null,"jeonse_count":null,"matched_group_count":null,"nonapt_building_share_pct":0.0,"old20_share_pct":0.0,"official_total":34,"official_dong_evidence_count":0,"major_reasons":"종로구 공식 피해·보증사고 배경지표 상위 | 20년 이상 주거건물 비중 0.0% | 비아파트 건물 비중 0.0%","score_version":"seoul-dong-v1.0","score_scope":"서울 법정동 시장·건물구조 상대위험"},"geometry":{"type":"Polygon","coordinates":[[[126.97031386563575,37.584176356104074],[126.97113680596281,37.585159888548105],[126.97183327897714,37.584805419773616],[126.97266369269958,37.58594412008846],[126.97405786840359,37.58649324289871],[126.97446792809437,37.58548754042977],[126.97403777560541,37.58331094781854],[126.97266440695677,37.58391755122713],[126.97245254707619,37.58350906434599],[126.9705296656105,37.58346827412872],[126.97031386563575,37.584176356104074]]]}},{"type":"Feature","properties":{"legal_dong_code":"1111012000","sigungu_code":"11110","district":"종로구","legal_dong":"신문로1가","risk_score":49.18896880372916,"risk_level":"주의","data_confidence":"낮음","market_risk_score":66.89596156795689,"building_risk_score":12.205567451820128,"district_context_score":40.0,"jeonse_ratio_pct":null,"high80_share_pct":null,"sale_decline_pct":8.337345617650039,"sale_count":56.0,"jeonse_count":7.0,"matched_group_count":null,"nonapt_building_share_pct":null,"old20_share_pct":null,"official_total":34,"official_dong_evidence_count":0,"major_reasons":"최근 매매 단가 하락 신호 8.3% | 종로구 공식 피해·보증사고 배경지표 상위","score_version":"seoul-dong-v1.0","score_scope":"서울 법정동 시장·건물구조 상대위험"},"geometry":{"type":"Polygon","coordinates":[[[126.97185000165048,37.5697952806069],[126.97243174260547,37.57150670764375],[126.97452025664272,37.57062723596035],[126.97626238559347,37.570540802300094],[126.97582784085502,37.56935269282601],[126.97254838843806,37.56935270852409],[126.97185000165048,37.5697952806069]]]}},{"type":"Feature","properties":{"legal_dong_code":"1111016700","sigungu_code":"11110","district":"종로구","legal_dong":"충신동","risk_score":59.16445880248137,"risk_level":"높음","data_confidence":"낮음","market_risk_score":76.60464465693109,"building_risk_score":28.80668803329088,"district_context_score":40.0,"jeonse_ratio_pct":72.91978271969329,"high80_share_pct":15.789473684210526,"sale_decline_pct":33.381572831366334,"sale_count":111.0,"jeonse_count":295.0,"matched_group_count":5.0,"nonapt_building_share_pct":0.0,"old20_share_pct":4.545454545454546,"official_total":34,"official_dong_evidence_count":0,"major_reasons":"최근 매매 단가 하락 신호 33.4% | 최근 36개월 추정 전세가율 72.9% | 80% 이상 매칭 비중 15.8%","score_version":"seoul-dong-v1.0","score_scope":"서울 법정동 시장·건물구조 상대위험"},"geometry":{"type":"Polygon","coordinates":[[[127.0085586656534,37.576742591979645],[127.00887109276734,37.57483501204152],[127.00447682470251,37.57278434933736],[127.00293276598798,37.57544450708381],[127.0085586656534,37.576742591979645]]]}},{"type":"Feature","properties":{"legal_dong_code":"1111018500","sigungu_code":"11110","district":"종로구","legal_dong":"홍지동","risk_score":47.68985488389007,"risk_level":"주의","data_confidence":"낮음","market_risk_score":62.48052253161926,"building_risk_score":16.806165459674077,"district_context_score":40.0,"jeonse_ratio_pct":71.8030122915572,"high80_share_pct":0.0,"sale_decline_pct":null,"sale_count":35.0,"jeonse_count":130.0,"matched_group_count":3.0,"nonapt_building_share_pct":0.0,"old20_share_pct":0.0,"official_total":34,"official_dong_evidence_count":0,"major_reasons":"최근 36개월 추정 전세가율 71.8% | 종로구 공식 피해·보증사고 배경지표 상위 | 80% 이상 매칭 비중 0.0%","score_version":"seoul-dong-v1.0","score_scope":"서울 법정동 시장·건물구조 상대위험"},"geometry":{"type":"Polygon","coordinates":[[[126.95398823810694,37.60475184019048],[126.95570870133417,37.60358447758777],[126.95787747613032,37.60385134162506],[126.95835342639182,37.60188924805325],[126.95933779706117,37.60155380757491],[126.95891300967699,37.60126376368941],[126.96115763028341,37.59948465117376],[126.96041263800569,37.59887370749235],[126.95994136939177,37.59690923592114],[126.95871253028639,37.59637466642286],[126.95801005612473,37.59810907354706],[126.9567033421251,37.598795854878304],[126.95499517533973,37.59924010857654],[126.95317583774747,37.598713554486295],[126.95351119143751,37.60008892536727],[126.95252078898064,37.602445544199156],[126.95398823810694,37.60475184019048]]]}},{"type":"Feature","properties":{"legal_dong_code":"1111015400","sigungu_code":"11110","district":"종로구","legal_dong":"장사동","risk_score":23.650804480726382,"risk_level":"낮음","data_confidence":"낮음","market_risk_score":null,"building_risk_score":13.841287169162214,"district_context_score":40.0,"jeonse_ratio_pct":null,"high80_share_pct":null,"sale_decline_pct":null,"sale_count":1.0,"jeonse_count":0.0,"matched_group_count":null,"nonapt_building_share_pct":0.0,"old20_share_pct":0.0,"official_total":34,"official_dong_evidence_count":0,"major_reasons":"종로구 공식 피해·보증사고 배경지표 상위 | 20년 이상 주거건물 비중 0.0% | 비아파트 건물 비중 0.0%","score_version":"seoul-dong-v1.0","score_scope":"서울 법정동 시장·건물구조 상대위험"},"geometry":{"type":"Polygon","coordinates":[[[126.99229826934554,37.570012867230915],[126.99537789600953,37.57013423243981],[126.99635266085,37.56865314479625],[126.99229725381224,37.56833397489856],[126.99229826934554,37.570012867230915]]]}},{"type":"Feature","properties":{"legal_dong_code":"1111013500","sigungu_code":"11110","district":"종로구","legal_dong":"관철동","risk_score":60.629796859935105,"risk_level":"높음","data_confidence":"낮음","market_risk_score":86.18517499307849,"building_risk_score":11.674767456352038,"district_context_score":40.0,"jeonse_ratio_pct":null,"high80_share_pct":null,"sale_decline_pct":2.1203654997787535,"sale_count":90.0,"jeonse_count":6.0,"matched_group_count":null,"nonapt_building_share_pct":0.0,"old20_share_pct":0.0,"official_total":34,"official_dong_evidence_count":0,"major_reasons":"최근 매매 단가 하락 신호 2.1% | 종로구 공식 피해·보증사고 배경지표 상위 | 20년 이상 주거건물 비중 0.0%","score_version":"seoul-dong-v1.0","score_scope":"서울 법정동 시장·건물구조 상대위험"},"geometry":{"type":"Polygon","coordinates":[[[126.98311365953892,37.570286359761255],[126.98385035888857,37.5698363206961],[126.9885803146424,37.56963849117392],[126.98892710501464,37.56810242493917],[126.98284988113296,37.568972578677766],[126.98311365953892,37.570286359761255]]]}},{"type":"Feature","properties":{"legal_dong_code":"1111017700","sigungu_code":"11110","district":"종로구","legal_dong":"평동","risk_score":21.216034993250478,"risk_level":"낮음","data_confidence":"낮음","market_risk_score":18.92529223799701,"building_risk_score":15.443438601809088,"district_context_score":40.0,"jeonse_ratio_pct":51.254764808401184,"high80_share_pct":0.0,"sale_decline_pct":null,"sale_count":103.0,"jeonse_count":363.0,"matched_group_count":4.0,"nonapt_building_share_pct":0.0,"old20_share_pct":0.0,"official_total":34,"official_dong_evidence_count":0,"major_reasons":"종로구 공식 피해·보증사고 배경지표 상위 | 최근 36개월 추정 전세가율 51.3% | 80% 이상 매칭 비중 0.0%","score_version":"seoul-dong-v1.0","score_scope":"서울 법정동 시장·건물구조 상대위험"},"geometry":{"type":"Polygon","coordinates":[[[126.96658108963229,37.5695217226075],[126.96910077954203,37.568247164732604],[126.96669788485428,37.56582129002696],[126.9645358779916,37.56875317853288],[126.96658108963229,37.5695217226075]]]}},{"type":"Feature","properties":{"legal_dong_code":"1111015600","sigungu_code":"11110","district":"종로구","legal_dong":"종로3가","risk_score":22.160064239828692,"risk_level":"자료 부족","data_confidence":"자료 부족","market_risk_score":null,"building_risk_score":11.456102783725909,"district_context_score":40.0,"jeonse_ratio_pct":null,"high80_share_pct":null,"sale_decline_pct":null,"sale_count":null,"jeonse_count":null,"matched_group_count":null,"nonapt_building_share_pct":null,"old20_share_pct":null,"official_total":34,"official_dong_evidence_count":0,"major_reasons":"종로구 공식 피해·보증사고 배경지표 상위","score_version":"seoul-dong-v1.0","score_scope":"서울 법정동 시장·건물구조 상대위험"},"geometry":{"type":"Polygon","coordinates":[[[126.98936614907741,37.57063180579364],[126.99506235524507,37.57091357916199],[126.99537789600953,37.57013423243981],[126.989461009037,37.56984565848106],[126.98936614907741,37.57063180579364]]]}},{"type":"Feature","properties":{"legal_dong_code":"1111016100","sigungu_code":"11110","district":"종로구","legal_dong":"종로4가","risk_score":23.029978586723765,"risk_level":"자료 부족","data_confidence":"자료 부족","market_risk_score":null,"building_risk_score":12.84796573875803,"district_context_score":40.0,"jeonse_ratio_pct":null,"high80_share_pct":null,"sale_decline_pct":null,"sale_count":null,"jeonse_count":null,"matched_group_count":null,"nonapt_building_share_pct":null,"old20_share_pct":null,"official_total":34,"official_dong_evidence_count":0,"major_reasons":"종로구 공식 피해·보증사고 배경지표 상위","score_version":"seoul-dong-v1.0","score_scope":"서울 법정동 시장·건물구조 상대위험"},"geometry":{"type":"Polygon","coordinates":[[[127.0001690207792,37.57124319418582],[127.00085575689849,37.570347410864095],[126.99537789600953,37.57013423243981],[126.99506235524507,37.57091357916199],[127.0001690207792,37.57124319418582]]]}},{"type":"Feature","properties":{"legal_dong_code":"1111012300","sigungu_code":"11110","district":"종로구","legal_dong":"서린동","risk_score":16.940578158458244,"risk_level":"자료 부족","data_confidence":"자료 부족","market_risk_score":null,"building_risk_score":3.1049250535331905,"district_context_score":40.0,"jeonse_ratio_pct":null,"high80_share_pct":null,"sale_decline_pct":null,"sale_count":null,"jeonse_count":null,"matched_group_count":null,"nonapt_building_share_pct":null,"old20_share_pct":null,"official_total":34,"official_dong_evidence_count":0,"major_reasons":"종로구 공식 피해·보증사고 배경지표 상위","score_version":"seoul-dong-v1.0","score_scope":"서울 법정동 시장·건물구조 상대위험"},"geometry":{"type":"Polygon","coordinates":[[[126.98295897221064,37.56999330723146],[126.98284988113296,37.568972578677766],[126.97762663757233,37.56930039877663],[126.97778829722937,37.570023906743586],[126.98295897221064,37.56999330723146]]]}},{"type":"Feature","properties":{"legal_dong_code":"1111017800","sigungu_code":"11110","district":"종로구","legal_dong":"송월동","risk_score":16.621196886800494,"risk_level":"자료 부족","data_confidence":"자료 부족","market_risk_score":null,"building_risk_score":2.593915018880793,"district_context_score":40.0,"jeonse_ratio_pct":null,"high80_share_pct":null,"sale_decline_pct":null,"sale_count":null,"jeonse_count":null,"matched_group_count":null,"nonapt_building_share_pct":null,"old20_share_pct":null,"official_total":34,"official_dong_evidence_count":0,"major_reasons":"종로구 공식 피해·보증사고 배경지표 상위","score_version":"seoul-dong-v1.0","score_scope":"서울 법정동 시장·건물구조 상대위험"},"geometry":{"type":"Polygon","coordinates":[[[126.96658108963229,37.5695217226075],[126.96543065314687,37.56887189931955],[126.9642238533888,37.56902161988868],[126.96408079735376,37.570293679558304],[126.96501412063716,37.571504926461486],[126.96618851372072,37.57145752238017],[126.96590620451568,37.57061859991473],[126.96658108963229,37.5695217226075]]]}},{"type":"Feature","properties":{"legal_dong_code":"1111015800","sigungu_code":"11110","district":"종로구","legal_dong":"예지동","risk_score":28.784796573875802,"risk_level":"자료 부족","data_confidence":"자료 부족","market_risk_score":null,"building_risk_score":22.055674518201286,"district_context_score":40.0,"jeonse_ratio_pct":null,"high80_share_pct":null,"sale_decline_pct":null,"sale_count":null,"jeonse_count":null,"matched_group_count":null,"nonapt_building_share_pct":null,"old20_share_pct":null,"official_total":34,"official_dong_evidence_count":0,"major_reasons":"종로구 공식 피해·보증사고 배경지표 상위","score_version":"seoul-dong-v1.0","score_scope":"서울 법정동 시장·건물구조 상대위험"},"geometry":{"type":"Polygon","coordinates":[[[127.0014456054133,37.56950925959757],[126.99635266085,37.56865314479625],[126.99537789600953,37.57013423243981],[127.00085575689849,37.570347410864095],[127.0014456054133,37.56950925959757]]]}},{"type":"Feature","properties":{"legal_dong_code":"1111012700","sigungu_code":"11110","district":"종로구","legal_dong":"공평동","risk_score":40.22751605995717,"risk_level":"자료 부족","data_confidence":"자료 부족","market_risk_score":null,"building_risk_score":40.364025695931474,"district_context_score":40.0,"jeonse_ratio_pct":null,"high80_share_pct":null,"sale_decline_pct":null,"sale_count":null,"jeonse_count":null,"matched_group_count":null,"nonapt_building_share_pct":null,"old20_share_pct":null,"official_total":34,"official_dong_evidence_count":0,"major_reasons":"종로구 공식 피해·보증사고 배경지표 상위","score_version":"seoul-dong-v1.0","score_scope":"서울 법정동 시장·건물구조 상대위험"},"geometry":{"type":"Polygon","coordinates":[[[126.98424000879649,37.572230861625805],[126.98462981268882,37.571447058731636],[126.98411226917591,37.57051067700677],[126.98220915285562,37.57037541309741],[126.98207494635557,37.57203971374451],[126.98424000879649,37.572230861625805]]]}},{"type":"Feature","properties":{"legal_dong_code":"1111017900","sigungu_code":"11110","district":"종로구","legal_dong":"홍파동","risk_score":22.742482694273157,"risk_level":"낮음","data_confidence":"낮음","market_risk_score":21.801796763981557,"building_risk_score":14.64561854353689,"district_context_score":40.0,"jeonse_ratio_pct":51.03670740575221,"high80_share_pct":0.0,"sale_decline_pct":null,"sale_count":160.0,"jeonse_count":625.0,"matched_group_count":6.0,"nonapt_building_share_pct":0.0,"old20_share_pct":0.0,"official_total":34,"official_dong_evidence_count":0,"major_reasons":"종로구 공식 피해·보증사고 배경지표 상위 | 최근 36개월 추정 전세가율 51.0% | 80% 이상 매칭 비중 0.0%","score_version":"seoul-dong-v1.0","score_scope":"서울 법정동 시장·건물구조 상대위험"},"geometry":{"type":"Polygon","coordinates":[[[126.96255019185867,37.571545359099474],[126.96372242375874,37.571433350987654],[126.96512969742226,37.57249938219248],[126.96599748867682,37.57158870293136],[126.96501412063716,37.571504926461486],[126.96399970103603,37.56991701383378],[126.96317509909909,37.56981436964743],[126.96255019185867,37.571545359099474]]]}},{"type":"Feature","properties":{"legal_dong_code":"1111012600","sigungu_code":"11110","district":"종로구","legal_dong":"종로1가","risk_score":54.83927510585951,"risk_level":"주의","data_confidence":"낮음","market_risk_score":70.24604380598284,"building_risk_score":26.76659528907923,"district_context_score":40.0,"jeonse_ratio_pct":null,"high80_share_pct":null,"sale_decline_pct":0.7355665768492254,"sale_count":134.0,"jeonse_count":6.0,"matched_group_count":null,"nonapt_building_share_pct":null,"old20_share_pct":null,"official_total":34,"official_dong_evidence_count":0,"major_reasons":"최근 매매 단가 하락 신호 0.7% | 종로구 공식 피해·보증사고 배경지표 상위","score_version":"seoul-dong-v1.0","score_scope":"서울 법정동 시장·건물구조 상대위험"},"geometry":{"type":"Polygon","coordinates":[[[126.97853465079329,37.57052095825252],[126.9831269402223,37.57050465318426],[126.98295897221064,37.56999330723146],[126.97791870133548,37.569939276052054],[126.97750895022276,37.57145213225781],[126.97848685899343,37.57144250631352],[126.97853465079329,37.57052095825252]]]}},{"type":"Feature","properties":{"legal_dong_code":"1111011700","sigungu_code":"11110","district":"종로구","legal_dong":"당주동","risk_score":39.8813906477778,"risk_level":"주의","data_confidence":"낮음","market_risk_score":46.38690018740983,"building_risk_score":24.197002141327623,"district_context_score":40.0,"jeonse_ratio_pct":71.51973365575168,"high80_share_pct":0.0,"sale_decline_pct":null,"sale_count":9.0,"jeonse_count":33.0,"matched_group_count":1.0,"nonapt_building_share_pct":null,"old20_share_pct":null,"official_total":34,"official_dong_evidence_count":0,"major_reasons":"최근 36개월 추정 전세가율 71.5% | 종로구 공식 피해·보증사고 배경지표 상위 | 80% 이상 매칭 비중 0.0%","score_version":"seoul-dong-v1.0","score_scope":"서울 법정동 시장·건물구조 상대위험"},"geometry":{"type":"Polygon","coordinates":[[[126.97429714066979,37.572639405638526],[126.97577689131262,37.57113225002029],[126.97541734847965,37.57054225830258],[126.97170162496366,37.57198633749243],[126.97429714066979,37.572639405638526]]]}},{"type":"Feature","properties":{"legal_dong_code":"1111016300","sigungu_code":"11110","district":"종로구","legal_dong":"종로5가","risk_score":44.86177410192671,"risk_level":"주의","data_confidence":"낮음","market_risk_score":57.453420790862864,"building_risk_score":17.558886509635975,"district_context_score":40.0,"jeonse_ratio_pct":77.10146944046471,"high80_share_pct":0.0,"sale_decline_pct":0.0,"sale_count":15.0,"jeonse_count":71.0,"matched_group_count":1.0,"nonapt_building_share_pct":null,"old20_share_pct":null,"official_total":34,"official_dong_evidence_count":0,"major_reasons":"최근 36개월 추정 전세가율 77.1% | 종로구 공식 피해·보증사고 배경지표 상위 | 최근 매매 단가 하락 신호 0.0%","score_version":"seoul-dong-v1.0","score_scope":"서울 법정동 시장·건물구조 상대위험"},"geometry":{"type":"Polygon","coordinates":[[[127.0062108303304,37.57161469404732],[127.00690839956873,37.569637761658115],[127.0014456054133,37.56950925959757],[126.99975760743182,37.57177845658694],[127.00054547997097,37.57194762615412],[127.00116040491608,37.571378619823534],[127.0062108303304,37.57161469404732]]]}},{"type":"Feature","properties":{"legal_dong_code":"1111015300","sigungu_code":"11110","district":"종로구","legal_dong":"돈의동","risk_score":70.5994019153216,"risk_level":"매우 높음","data_confidence":"낮음","market_risk_score":94.01470626143892,"building_risk_score":32.76231263383298,"district_context_score":40.0,"jeonse_ratio_pct":null,"high80_share_pct":null,"sale_decline_pct":null,"sale_count":31.0,"jeonse_count":1.0,"matched_group_count":null,"nonapt_building_share_pct":null,"old20_share_pct":null,"official_total":34,"official_dong_evidence_count":0,"major_reasons":"종로구 공식 피해·보증사고 배경지표 상위","score_version":"seoul-dong-v1.0","score_scope":"서울 법정동 시장·건물구조 상대위험"},"geometry":{"type":"Polygon","coordinates":[[[126.99101384596455,37.57335834362224],[126.99178357295162,37.57080444291756],[126.99052396956785,37.57070001595861],[126.99017142306614,37.57188788094521],[126.98946806956369,37.57211134629241],[126.98988709529601,37.572899076733115],[126.99101384596455,37.57335834362224]]]}},{"type":"Feature","properties":{"legal_dong_code":"1111013600","sigungu_code":"11110","district":"종로구","legal_dong":"인사동","risk_score":25.17130620985011,"risk_level":"낮음","data_confidence":"낮음","market_risk_score":null,"building_risk_score":16.274089935760173,"district_context_score":40.0,"jeonse_ratio_pct":null,"high80_share_pct":null,"sale_decline_pct":null,"sale_count":3.0,"jeonse_count":0.0,"matched_group_count":null,"nonapt_building_share_pct":null,"old20_share_pct":null,"official_total":34,"official_dong_evidence_count":0,"major_reasons":"종로구 공식 피해·보증사고 배경지표 상위","score_version":"seoul-dong-v1.0","score_scope":"서울 법정동 시장·건물구조 상대위험"},"geometry":{"type":"Polygon","coordinates":[[[126.98670186441952,37.573625528531295],[126.98776017134227,37.57054468423124],[126.98568310574134,37.57049249096659],[126.985144023208,37.57091412480551],[126.98411226917591,37.57051067700677],[126.98437697931054,37.57247281478866],[126.9853895114071,37.57232959231078],[126.98670186441952,37.573625528531295]]]}},{"type":"Feature","properties":{"legal_dong_code":"1111015200","sigungu_code":"11110","district":"종로구","legal_dong":"봉익동","risk_score":23.899892933618844,"risk_level":"자료 부족","data_confidence":"자료 부족","market_risk_score":null,"building_risk_score":14.23982869379015,"district_context_score":40.0,"jeonse_ratio_pct":null,"high80_share_pct":null,"sale_decline_pct":null,"sale_count":null,"jeonse_count":null,"matched_group_count":null,"nonapt_building_share_pct":null,"old20_share_pct":null,"official_total":34,"official_dong_evidence_count":0,"major_reasons":"종로구 공식 피해·보증사고 배경지표 상위","score_version":"seoul-dong-v1.0","score_scope":"서울 법정동 시장·건물구조 상대위험"},"geometry":{"type":"Polygon","coordinates":[[[126.99253650137757,37.57385296723442],[126.99408610801908,37.572063749749674],[126.99427313509639,37.57087405207687],[126.992896801731,37.57085059697267],[126.99163282979123,37.57389133114426],[126.99253650137757,37.57385296723442]]]}},{"type":"Feature","properties":{"legal_dong_code":"1111018000","sigungu_code":"11110","district":"종로구","legal_dong":"교북동","risk_score":48.982719552907845,"risk_level":"주의","data_confidence":"낮음","market_risk_score":50.45467468399882,"building_risk_score":50.83965897003423,"district_context_score":40.0,"jeonse_ratio_pct":62.82618191931562,"high80_share_pct":22.0,"sale_decline_pct":0.0,"sale_count":100.0,"jeonse_count":222.0,"matched_group_count":4.0,"nonapt_building_share_pct":100.0,"old20_share_pct":0.0,"official_total":34,"official_dong_evidence_count":0,"major_reasons":"비아파트 건물 비중 100.0% | 80% 이상 매칭 비중 22.0% | 최근 36개월 추정 전세가율 62.8%","score_version":"seoul-dong-v1.0","score_scope":"서울 법정동 시장·건물구조 상대위험"},"geometry":{"type":"Polygon","coordinates":[[[126.95940600550531,37.573050802739715],[126.96255019185867,37.571545359099474],[126.96317509909909,37.56981436964743],[126.95940600550531,37.573050802739715]]]}},{"type":"Feature","properties":{"legal_dong_code":"1111011600","sigungu_code":"11110","district":"종로구","legal_dong":"도렴동","risk_score":16.940578158458244,"risk_level":"자료 부족","data_confidence":"자료 부족","market_risk_score":null,"building_risk_score":3.1049250535331905,"district_context_score":40.0,"jeonse_ratio_pct":null,"high80_share_pct":null,"sale_decline_pct":null,"sale_count":null,"jeonse_count":null,"matched_group_count":null,"nonapt_building_share_pct":null,"old20_share_pct":null,"official_total":34,"official_dong_evidence_count":0,"major_reasons":"종로구 공식 피해·보증사고 배경지표 상위","score_version":"seoul-dong-v1.0","score_scope":"서울 법정동 시장·건물구조 상대위험"},"geometry":{"type":"Polygon","coordinates":[[[126.975452406161,37.5741769581631],[126.97496759062462,37.57283570331029],[126.97568110347638,37.57126693577987],[126.97345743164342,37.574005106016585],[126.975452406161,37.5741769581631]]]}},{"type":"Feature","properties":{"legal_dong_code":"1111015100","sigungu_code":"11110","district":"종로구","legal_dong":"묘동","risk_score":21.423982869379014,"risk_level":"자료 부족","data_confidence":"자료 부족","market_risk_score":null,"building_risk_score":10.278372591006423,"district_context_score":40.0,"jeonse_ratio_pct":null,"high80_share_pct":null,"sale_decline_pct":null,"sale_count":null,"jeonse_count":null,"matched_group_count":null,"nonapt_building_share_pct":null,"old20_share_pct":null,"official_total":34,"official_dong_evidence_count":0,"major_reasons":"종로구 공식 피해·보증사고 배경지표 상위","score_version":"seoul-dong-v1.0","score_scope":"서울 법정동 시장·건물구조 상대위험"},"geometry":{"type":"Polygon","coordinates":[[[126.99154495645547,37.57420022727307],[126.99229335734928,37.572026781888],[126.992896801731,37.57085059697267],[126.99178357295162,37.57080444291756],[126.99075010555855,37.574201067444015],[126.99154495645547,37.57420022727307]]]}},{"type":"Feature","properties":{"legal_dong_code":"1111015700","sigungu_code":"11110","district":"종로구","legal_dong":"인의동","risk_score":58.98079459966858,"risk_level":"높음","data_confidence":"낮음","market_risk_score":81.48487830111542,"building_risk_score":16.359470475997313,"district_context_score":40.0,"jeonse_ratio_pct":84.62537078763893,"high80_share_pct":59.09090909090909,"sale_decline_pct":10.011947431302293,"sale_count":91.0,"jeonse_count":124.0,"matched_group_count":3.0,"nonapt_building_share_pct":0.0,"old20_share_pct":0.0,"official_total":34,"official_dong_evidence_count":0,"major_reasons":"최근 매매 단가 하락 신호 10.0% | 최근 36개월 추정 전세가율 84.6% | 80% 이상 매칭 비중 59.1%","score_version":"seoul-dong-v1.0","score_scope":"서울 법정동 시장·건물구조 상대위험"},"geometry":{"type":"Polygon","coordinates":[[[126.99641028024726,37.573891634532714],[126.99796934661163,37.57429756849027],[127.0001690207792,37.57124319418582],[126.99591487537447,37.570953058943324],[126.99583454739809,37.57205063839815],[126.99667479799197,37.57280413577273],[126.99641028024726,37.573891634532714]]]}},{"type":"Feature","properties":{"legal_dong_code":"1111011800","sigungu_code":"11110","district":"종로구","legal_dong":"내수동","risk_score":72.48545844305598,"risk_level":"매우 높음","data_confidence":"낮음","market_risk_score":74.49574979624246,"building_risk_score":87.15203426124198,"district_context_score":40.0,"jeonse_ratio_pct":80.79905545646349,"high80_share_pct":75.0,"sale_decline_pct":0.0,"sale_count":476.0,"jeonse_count":358.0,"matched_group_count":10.0,"nonapt_building_share_pct":null,"old20_share_pct":null,"official_total":34,"official_dong_evidence_count":0,"major_reasons":"80% 이상 매칭 비중 75.0% | 최근 36개월 추정 전세가율 80.8% | 종로구 공식 피해·보증사고 배경지표 상위","score_version":"seoul-dong-v1.0","score_scope":"서울 법정동 시장·건물구조 상대위험"},"geometry":{"type":"Polygon","coordinates":[[[126.97051030154749,37.57474276385426],[126.97345743164342,37.574005106016585],[126.97429714066979,37.572639405638526],[126.97170162496366,37.57198633749243],[126.96987243820028,37.57398151261646],[126.97051030154749,37.57474276385426]]]}},{"type":"Feature","properties":{"legal_dong_code":"1111012100","sigungu_code":"11110","district":"종로구","legal_dong":"신문로2가","risk_score":36.19596220241709,"risk_level":"주의","data_confidence":"낮음","market_risk_score":43.88761162530852,"building_risk_score":15.453580908927929,"district_context_score":40.0,"jeonse_ratio_pct":64.55234560573948,"high80_share_pct":0.0,"sale_decline_pct":0.0,"sale_count":125.0,"jeonse_count":103.0,"matched_group_count":5.0,"nonapt_building_share_pct":0.0,"old20_share_pct":0.0,"official_total":34,"official_dong_evidence_count":0,"major_reasons":"최근 36개월 추정 전세가율 64.6% | 종로구 공식 피해·보증사고 배경지표 상위 | 최근 매매 단가 하락 신호 0.0%","score_version":"seoul-dong-v1.0","score_scope":"서울 법정동 시장·건물구조 상대위험"},"geometry":{"type":"Polygon","coordinates":[[[126.96658108963229,37.5695217226075],[126.96526377921036,37.57278272996397],[126.96571356453578,37.572991797221235],[126.96613715914677,37.5721456813817],[126.96685028655422,37.57203807175352],[126.9682909943355,37.57316468441947],[126.96814127405673,37.573729390111005],[126.96957463233896,37.57392397644998],[126.97220073553585,37.57146556546417],[126.97192340628985,37.569656673016155],[126.97320554091509,37.56930216033611],[126.9725517280306,37.56847478651151],[126.97117213814033,37.56881978873967],[126.96927430608979,37.56813393100054],[126.96658108963229,37.5695217226075]]]}},{"type":"Feature","properties":{"legal_dong_code":"1111016200","sigungu_code":"11110","district":"종로구","legal_dong":"효제동","risk_score":73.78706000382796,"risk_level":"매우 높음","data_confidence":"낮음","market_risk_score":86.12258878665156,"building_risk_score":64.4540269273481,"district_context_score":40.0,"jeonse_ratio_pct":105.23794389924242,"high80_share_pct":76.92307692307693,"sale_decline_pct":null,"sale_count":106.0,"jeonse_count":112.0,"matched_group_count":4.0,"nonapt_building_share_pct":100.0,"old20_share_pct":0.0,"official_total":34,"official_dong_evidence_count":0,"major_reasons":"최근 36개월 추정 전세가율 105.2% | 비아파트 건물 비중 100.0% | 80% 이상 매칭 비중 76.9%","score_version":"seoul-dong-v1.0","score_scope":"서울 법정동 시장·건물구조 상대위험"},"geometry":{"type":"Polygon","coordinates":[[[127.00069571814906,37.57479811742486],[127.00300052595267,37.57528474320732],[127.00447682470251,37.57278434933736],[127.0062108303304,37.57161469404732],[127.0014766533883,37.57139582922671],[127.00224974976643,37.57348899240706],[127.00084607611309,37.57441443294027],[127.00069571814906,37.57479811742486]]]}},{"type":"Feature","properties":{"legal_dong_code":"1111012900","sigungu_code":"11110","district":"종로구","legal_dong":"견지동","risk_score":47.49641948845225,"risk_level":"주의","data_confidence":"낮음","market_risk_score":63.22621608716872,"building_risk_score":14.242759344604044,"district_context_score":40.0,"jeonse_ratio_pct":78.49293563579276,"high80_share_pct":0.0,"sale_decline_pct":null,"sale_count":32.0,"jeonse_count":18.0,"matched_group_count":1.0,"nonapt_building_share_pct":0.0,"old20_share_pct":0.0,"official_total":34,"official_dong_evidence_count":0,"major_reasons":"최근 36개월 추정 전세가율 78.5% | 종로구 공식 피해·보증사고 배경지표 상위 | 80% 이상 매칭 비중 0.0%","score_version":"seoul-dong-v1.0","score_scope":"서울 법정동 시장·건물구조 상대위험"},"geometry":{"type":"Polygon","coordinates":[[[126.98300851918306,37.57552068446667],[126.98288877631641,37.57441776717927],[126.98378536658207,37.574403732728584],[126.98421415244795,37.57321788971536],[126.98367776913507,37.57255211523397],[126.98429433794044,37.57225609721844],[126.98317149149862,37.571944853064],[126.9823104488401,37.572015047213036],[126.98266768527078,37.573601077136665],[126.98187201229842,37.573954251595936],[126.98192578488114,37.5749822239637],[126.98300851918306,37.57552068446667]]]}},{"type":"Feature","properties":{"legal_dong_code":"1111013300","sigungu_code":"11110","district":"종로구","legal_dong":"익선동","risk_score":44.5885099323583,"risk_level":"주의","data_confidence":"낮음","market_risk_score":49.50333382730666,"building_risk_score":35.54603854389722,"district_context_score":40.0,"jeonse_ratio_pct":68.09152271543579,"high80_share_pct":6.666666666666667,"sale_decline_pct":0.0,"sale_count":128.0,"jeonse_count":77.0,"matched_group_count":3.0,"nonapt_building_share_pct":null,"old20_share_pct":null,"official_total":34,"official_dong_evidence_count":0,"major_reasons":"최근 36개월 추정 전세가율 68.1% | 80% 이상 매칭 비중 6.7% | 종로구 공식 피해·보증사고 배경지표 상위","score_version":"seoul-dong-v1.0","score_scope":"서울 법정동 시장·건물구조 상대위험"},"geometry":{"type":"Polygon","coordinates":[[[126.99031602018769,37.57559845825618],[126.99101384596455,37.57335834362224],[126.98932778613926,37.572860476056206],[126.98838943454237,37.57538474378344],[126.99031602018769,37.57559845825618]]]}},{"type":"Feature","properties":{"legal_dong_code":"1111012400","sigungu_code":"11110","district":"종로구","legal_dong":"수송동","risk_score":41.53043701201838,"risk_level":"주의","data_confidence":"낮음","market_risk_score":52.54392356156222,"building_risk_score":16.0163315003242,"district_context_score":40.0,"jeonse_ratio_pct":76.297671213264,"high80_share_pct":0.0,"sale_decline_pct":0.0,"sale_count":121.0,"jeonse_count":19.0,"matched_group_count":3.0,"nonapt_building_share_pct":0.0,"old20_share_pct":0.0,"official_total":34,"official_dong_evidence_count":0,"major_reasons":"최근 36개월 추정 전세가율 76.3% | 종로구 공식 피해·보증사고 배경지표 상위 | 최근 매매 단가 하락 신호 0.0%","score_version":"seoul-dong-v1.0","score_scope":"서울 법정동 시장·건물구조 상대위험"},"geometry":{"type":"Polygon","coordinates":[[[126.97849741267605,37.574335669426844],[126.97943443742032,37.57432416262121],[126.98137419566386,37.57570117294385],[126.98264930923136,37.57545527900262],[126.98186835017258,37.57436390290026],[126.98266768527078,37.573601077136665],[126.98233319622051,37.57203577362816],[126.9784768067822,37.572435753165294],[126.97849741267605,37.574335669426844]]]}},{"type":"Feature","properties":{"legal_dong_code":"1111012800","sigungu_code":"11110","district":"종로구","legal_dong":"관훈동","risk_score":62.63896833800596,"risk_level":"높음","data_confidence":"낮음","market_risk_score":91.91542288557213,"building_risk_score":5.958858426650754,"district_context_score":40.0,"jeonse_ratio_pct":null,"high80_share_pct":null,"sale_decline_pct":null,"sale_count":3.0,"jeonse_count":1.0,"matched_group_count":null,"nonapt_building_share_pct":null,"old20_share_pct":null,"official_total":34,"official_dong_evidence_count":0,"major_reasons":"종로구 공식 피해·보증사고 배경지표 상위","score_version":"seoul-dong-v1.0","score_scope":"서울 법정동 시장·건물구조 상대위험"},"geometry":{"type":"Polygon","coordinates":[[[126.98430011797494,37.576011962928206],[126.98461299864115,37.57522230194676],[126.98533146905874,37.57559888012659],[126.9867535696733,37.57364820385286],[126.98526499861327,37.57230669014876],[126.98372992714683,37.57237758378589],[126.98421415244795,37.57321788971536],[126.98385783680045,37.57426472124909],[126.98288877631641,37.57441776717927],[126.98300851918306,37.57552068446667],[126.98430011797494,37.576011962928206]]]}},{"type":"Feature","properties":{"legal_dong_code":"1111017400","sigungu_code":"11110","district":"종로구","legal_dong":"창신동","risk_score":35.01104998403068,"risk_level":"주의","data_confidence":"보통","market_risk_score":29.832177414249994,"building_risk_score":44.446974141922716,"district_context_score":40.0,"jeonse_ratio_pct":48.9764094753171,"high80_share_pct":0.8450704225352111,"sale_decline_pct":0.0,"sale_count":864.0,"jeonse_count":2139.0,"matched_group_count":25.0,"nonapt_building_share_pct":1.4084507042253522,"old20_share_pct":5.633802816901409,"official_total":34,"official_dong_evidence_count":0,"major_reasons":"종로구 공식 피해·보증사고 배경지표 상위 | 최근 매매 단가 하락 신호 0.0% | 80% 이상 매칭 비중 0.8%","score_version":"seoul-dong-v1.0","score_scope":"서울 법정동 시장·건물구조 상대위험"},"geometry":{"type":"Polygon","coordinates":[[[127.00799025997104,37.57864576093452],[127.0086379797935,37.580459932107864],[127.01058890768499,37.580254616708615],[127.0117886052286,37.58157458052727],[127.01324572568423,37.581450324916126],[127.0147333661062,37.58230370800694],[127.01542646859839,37.57956867542669],[127.01566270018115,37.57136045616823],[127.01901743595776,37.571016604117645],[127.0161040768134,37.56979723350001],[127.01003479690034,37.56977595128837],[127.00970363511868,37.57193830054014],[127.00881612137354,37.57285638403766],[127.00864859269663,37.57718886342776],[127.00799025997104,37.57864576093452]]]}},{"type":"Feature","properties":{"legal_dong_code":"1111011900","sigungu_code":"11110","district":"종로구","legal_dong":"세종로","risk_score":17.806574678174005,"risk_level":"자료 부족","data_confidence":"자료 부족","market_risk_score":null,"building_risk_score":4.490519485078407,"district_context_score":40.0,"jeonse_ratio_pct":null,"high80_share_pct":null,"sale_decline_pct":null,"sale_count":null,"jeonse_count":null,"matched_group_count":null,"nonapt_building_share_pct":null,"old20_share_pct":null,"official_total":34,"official_dong_evidence_count":0,"major_reasons":"종로구 공식 피해·보증사고 배경지표 상위","score_version":"seoul-dong-v1.0","score_scope":"서울 법정동 시장·건물구조 상대위험"},"geometry":{"type":"Polygon","coordinates":[[[126.97555960203762,37.5896807096733],[126.97637423568435,37.589690986055835],[126.97703681459497,37.588579057536926],[126.97909619148011,37.58731532136591],[126.97961383862513,37.585491517668515],[126.9790685235021,37.584854310251814],[126.97922285619299,37.583427250074145],[126.98047909533379,37.58243319757091],[126.97961940278759,37.576042406655056],[126.97854377341451,37.575904143981276],[126.97895826854273,37.575112977023025],[126.97847219474218,37.57421491418662],[126.97853760745254,37.57066096333515],[126.97848685899343,37.57144250631352],[126.97750895022276,37.57145213225781],[126.97757166165206,37.569258455653376],[126.97620016745412,37.56945499936218],[126.97559858714376,37.57233385830629],[126.97503813743876,37.57244818638531],[126.97550497386452,37.574054633697514],[126.97471965215964,37.574508042084446],[126.97510922022794,37.57592640079758],[126.9741993171833,37.57594817782902],[126.97353191214418,37.581823634401374],[126.97446792809437,37.58548754042977],[126.97398943595613,37.587084534655595],[126.97448928937145,37.58865823886986],[126.97537517762655,37.58885266375263],[126.97555960203762,37.5896807096733]]]}},{"type":"Feature","properties":{"legal_dong_code":"1111016400","sigungu_code":"11110","district":"종로구","legal_dong":"종로6가","risk_score":65.81635833563413,"risk_level":"높음","data_confidence":"낮음","market_risk_score":91.91542288557213,"building_risk_score":18.66841841716346,"district_context_score":40.0,"jeonse_ratio_pct":null,"high80_share_pct":null,"sale_decline_pct":null,"sale_count":10.0,"jeonse_count":27.0,"matched_group_count":null,"nonapt_building_share_pct":0.0,"old20_share_pct":0.0,"official_total":34,"official_dong_evidence_count":0,"major_reasons":"종로구 공식 피해·보증사고 배경지표 상위 | 20년 이상 주거건물 비중 0.0% | 비아파트 건물 비중 0.0%","score_version":"seoul-dong-v1.0","score_scope":"서울 법정동 시장·건물구조 상대위험"},"geometry":{"type":"Polygon","coordinates":[[[127.00887109276734,37.57483501204152],[127.00881612137354,37.57285638403766],[127.00970363511868,37.57193830054014],[127.01003479690034,37.56977595128837],[127.00690839956873,37.569637761658115],[127.00608042824834,37.571812411906286],[127.00447682470251,37.57278434933736],[127.00887109276734,37.57483501204152]]]}},{"type":"Feature","properties":{"legal_dong_code":"1111017600","sigungu_code":"11110","district":"종로구","legal_dong":"교남동","risk_score":16.940578158458244,"risk_level":"낮음","data_confidence":"낮음","market_risk_score":null,"building_risk_score":3.1049250535331905,"district_context_score":40.0,"jeonse_ratio_pct":null,"high80_share_pct":null,"sale_decline_pct":null,"sale_count":4.0,"jeonse_count":0.0,"matched_group_count":null,"nonapt_building_share_pct":null,"old20_share_pct":null,"official_total":34,"official_dong_evidence_count":0,"major_reasons":"종로구 공식 피해·보증사고 배경지표 상위","score_version":"seoul-dong-v1.0","score_scope":"서울 법정동 시장·건물구조 상대위험"},"geometry":{"type":"Polygon","coordinates":[[[126.96399970103603,37.56991701383378],[126.9642238533888,37.56902161988868],[126.96600529056677,37.567315409157516],[126.9655745682342,37.56691279829307],[126.9629126468812,37.569683235418864],[126.96399970103603,37.56991701383378]]]}},{"type":"Feature","properties":{"legal_dong_code":"1111015500","sigungu_code":"11110","district":"종로구","legal_dong":"관수동","risk_score":66.94353648686916,"risk_level":"높음","data_confidence":"낮음","market_risk_score":95.86833804850728,"building_risk_score":13.69013463105918,"district_context_score":40.0,"jeonse_ratio_pct":102.2348626348165,"high80_share_pct":100.0,"sale_decline_pct":4.564685380808742,"sale_count":42.0,"jeonse_count":86.0,"matched_group_count":3.0,"nonapt_building_share_pct":0.0,"old20_share_pct":0.0,"official_total":34,"official_dong_evidence_count":0,"major_reasons":"최근 36개월 추정 전세가율 102.2% | 80% 이상 매칭 비중 100.0% | 최근 매매 단가 하락 신호 4.6%","score_version":"seoul-dong-v1.0","score_scope":"서울 법정동 시장·건물구조 상대위험"},"geometry":{"type":"Polygon","coordinates":[[[126.99229725381224,37.56833397489856],[126.98892710501464,37.56810242493917],[126.98855699855542,37.56982374977527],[126.99229826934554,37.570012867230915],[126.99229725381224,37.56833397489856]]]}},{"type":"Feature","properties":{"legal_dong_code":"1111012200","sigungu_code":"11110","district":"종로구","legal_dong":"청진동","risk_score":68.5362550580534,"risk_level":"높음","data_confidence":"낮음","market_risk_score":98.96373056994818,"building_risk_score":12.632066864337931,"district_context_score":40.0,"jeonse_ratio_pct":null,"high80_share_pct":null,"sale_decline_pct":null,"sale_count":1.0,"jeonse_count":0.0,"matched_group_count":null,"nonapt_building_share_pct":0.0,"old20_share_pct":0.0,"official_total":34,"official_dong_evidence_count":0,"major_reasons":"종로구 공식 피해·보증사고 배경지표 상위 | 20년 이상 주거건물 비중 0.0% | 비아파트 건물 비중 0.0%","score_version":"seoul-dong-v1.0","score_scope":"서울 법정동 시장·건물구조 상대위험"},"geometry":{"type":"Polygon","coordinates":[[[126.97853760745254,37.57066096333515],[126.9784768067822,37.572435753165294],[126.98207450321753,37.572046128703725],[126.98204593711505,37.57050527270778],[126.97853760745254,37.57066096333515]]]}},{"type":"Feature","properties":{"legal_dong_code":"1111013100","sigungu_code":"11110","district":"종로구","legal_dong":"권농동","risk_score":70.33012719297302,"risk_level":"매우 높음","data_confidence":"낮음","market_risk_score":95.43957672776017,"building_risk_score":28.26552462526767,"district_context_score":40.0,"jeonse_ratio_pct":null,"high80_share_pct":null,"sale_decline_pct":null,"sale_count":5.0,"jeonse_count":1.0,"matched_group_count":null,"nonapt_building_share_pct":null,"old20_share_pct":null,"official_total":34,"official_dong_evidence_count":0,"major_reasons":"종로구 공식 피해·보증사고 배경지표 상위","score_version":"seoul-dong-v1.0","score_scope":"서울 법정동 시장·건물구조 상대위험"},"geometry":{"type":"Polygon","coordinates":[[[126.99279436945547,37.57755889974698],[126.99142882213235,37.57597423419083],[126.99253650137757,37.57385296723442],[126.99171390091539,37.57374119736385],[126.99065964335617,37.57757706677722],[126.99214167978535,37.578470549200034],[126.99279436945547,37.57755889974698]]]}},{"type":"Feature","properties":{"legal_dong_code":"1111014500","sigungu_code":"11110","district":"종로구","legal_dong":"송현동","risk_score":16.940578158458244,"risk_level":"자료 부족","data_confidence":"자료 부족","market_risk_score":null,"building_risk_score":3.1049250535331905,"district_context_score":40.0,"jeonse_ratio_pct":null,"high80_share_pct":null,"sale_decline_pct":null,"sale_count":null,"jeonse_count":null,"matched_group_count":null,"nonapt_building_share_pct":null,"old20_share_pct":null,"official_total":34,"official_dong_evidence_count":0,"major_reasons":"종로구 공식 피해·보증사고 배경지표 상위","score_version":"seoul-dong-v1.0","score_scope":"서울 법정동 시장·건물구조 상대위험"},"geometry":{"type":"Polygon","coordinates":[[[126.98211513035285,37.57863235151803],[126.98326921803172,37.57559660618965],[126.98276323644605,37.57545522507796],[126.98055112974325,37.576106068368965],[126.98153158103189,37.57862693834062],[126.98211513035285,37.57863235151803]]]}},{"type":"Feature","properties":{"legal_dong_code":"1111011500","sigungu_code":"11110","district":"종로구","legal_dong":"사직동","risk_score":32.837286025531746,"risk_level":"낮음","data_confidence":"낮음","market_risk_score":38.252979905856996,"building_risk_score":15.541992328070188,"district_context_score":40.0,"jeonse_ratio_pct":62.84977382535569,"high80_share_pct":0.0,"sale_decline_pct":0.0,"sale_count":237.0,"jeonse_count":307.0,"matched_group_count":11.0,"nonapt_building_share_pct":0.0,"old20_share_pct":0.0,"official_total":34,"official_dong_evidence_count":0,"major_reasons":"최근 36개월 추정 전세가율 62.8% | 종로구 공식 피해·보증사고 배경지표 상위 | 최근 매매 단가 하락 신호 0.0%","score_version":"seoul-dong-v1.0","score_scope":"서울 법정동 시장·건물구조 상대위험"},"geometry":{"type":"Polygon","coordinates":[[[126.96358883504016,37.57872041117878],[126.9659681133743,37.57725806634897],[126.96780206541396,37.577229727741134],[126.96904750087916,37.57638068047172],[126.96895365961254,37.57556345037417],[126.97051030154749,37.57474276385426],[126.97001875882168,37.573879478890596],[126.96814127405673,37.573729390111005],[126.9682909943355,37.57316468441947],[126.96685028655422,37.57203807175352],[126.96613715914677,37.5721456813817],[126.96571356453578,37.572991797221235],[126.9645410787237,37.57297868683839],[126.96363778279193,37.5739218694264],[126.96286450033361,37.57753441468674],[126.96110728805728,37.5787232548111],[126.96255565435662,37.57835579680406],[126.96358883504016,37.57872041117878]]]}},{"type":"Feature","properties":{"legal_dong_code":"1111011300","sigungu_code":"11110","district":"종로구","legal_dong":"필운동","risk_score":61.23797327016549,"risk_level":"높음","data_confidence":"낮음","market_risk_score":77.44624124145543,"building_risk_score":35.08091410116895,"district_context_score":40.0,"jeonse_ratio_pct":82.88750536852314,"high80_share_pct":100.0,"sale_decline_pct":0.0,"sale_count":58.0,"jeonse_count":119.0,"matched_group_count":2.0,"nonapt_building_share_pct":null,"old20_share_pct":null,"official_total":34,"official_dong_evidence_count":0,"major_reasons":"80% 이상 매칭 비중 100.0% | 최근 36개월 추정 전세가율 82.9% | 종로구 공식 피해·보증사고 배경지표 상위","score_version":"seoul-dong-v1.0","score_scope":"서울 법정동 시장·건물구조 상대위험"},"geometry":{"type":"Polygon","coordinates":[[[126.96985139773874,37.57846448490838],[126.96987807431009,37.57676722216886],[126.97054012051741,37.576515094378294],[126.97016237697346,37.57493030254512],[126.96895365961254,37.57556345037417],[126.96915839679376,37.57609018766513],[126.96904750087916,37.57638068047172],[126.96780206541396,37.577229727741134],[126.9659681133743,37.57725806634897],[126.96483405394083,37.5781840148698],[126.96640696549916,37.578825301888486],[126.96919853253671,37.57806918927689],[126.96985139773874,37.57846448490838]]]}},{"type":"Feature","properties":{"legal_dong_code":"1111016500","sigungu_code":"11110","district":"종로구","legal_dong":"이화동","risk_score":38.143553564541065,"risk_level":"주의","data_confidence":"낮음","market_risk_score":29.812199080471796,"building_risk_score":57.024936465031956,"district_context_score":40.0,"jeonse_ratio_pct":51.2465762703225,"high80_share_pct":0.0,"sale_decline_pct":null,"sale_count":62.0,"jeonse_count":130.0,"matched_group_count":2.0,"nonapt_building_share_pct":100.0,"old20_share_pct":0.0,"official_total":34,"official_dong_evidence_count":0,"major_reasons":"비아파트 건물 비중 100.0% | 종로구 공식 피해·보증사고 배경지표 상위 | 최근 36개월 추정 전세가율 51.2%","score_version":"seoul-dong-v1.0","score_scope":"서울 법정동 시장·건물구조 상대위험"},"geometry":{"type":"Polygon","coordinates":[[[127.00805274230603,37.57919944080433],[127.0085586656534,37.576742591979645],[127.00293276598798,37.57544450708381],[127.0022606787499,37.57743764964834],[127.00415718362254,37.57754045212975],[127.00412690775846,37.578057276850174],[127.00805274230603,37.57919944080433]]]}},{"type":"Feature","properties":{"legal_dong_code":"1111011200","sigungu_code":"11110","district":"종로구","legal_dong":"체부동","risk_score":34.06501225485321,"risk_level":"낮음","data_confidence":"낮음","market_risk_score":21.346754900130076,"building_risk_score":61.02783725910065,"district_context_score":40.0,"jeonse_ratio_pct":21.131513620526288,"high80_share_pct":0.0,"sale_decline_pct":null,"sale_count":36.0,"jeonse_count":67.0,"matched_group_count":1.0,"nonapt_building_share_pct":null,"old20_share_pct":null,"official_total":34,"official_dong_evidence_count":0,"major_reasons":"종로구 공식 피해·보증사고 배경지표 상위 | 80% 이상 매칭 비중 0.0% | 최근 36개월 추정 전세가율 21.1%","score_version":"seoul-dong-v1.0","score_scope":"서울 법정동 시장·건물구조 상대위험"},"geometry":{"type":"Polygon","coordinates":[[[126.96990074164759,37.57927510675975],[126.9716591525744,37.57814069087968],[126.97238828372684,37.57657054310257],[126.9708445643613,37.576451347956976],[126.96987807431009,37.57676722216886],[126.96990074164759,37.57927510675975]]]}},{"type":"Feature","properties":{"legal_dong_code":"1111014100","sigungu_code":"11110","district":"종로구","legal_dong":"안국동","risk_score":66.97947384907292,"risk_level":"높음","data_confidence":"낮음","market_risk_score":93.36703786765653,"building_risk_score":19.837004513915964,"district_context_score":40.0,"jeonse_ratio_pct":null,"high80_share_pct":null,"sale_decline_pct":null,"sale_count":14.0,"jeonse_count":15.0,"matched_group_count":null,"nonapt_building_share_pct":0.0,"old20_share_pct":0.0,"official_total":34,"official_dong_evidence_count":0,"major_reasons":"종로구 공식 피해·보증사고 배경지표 상위 | 20년 이상 주거건물 비중 0.0% | 비아파트 건물 비중 0.0%","score_version":"seoul-dong-v1.0","score_scope":"서울 법정동 시장·건물구조 상대위험"},"geometry":{"type":"Polygon","coordinates":[[[126.9838227860337,37.579351652198675],[126.984613429277,37.57732350284526],[126.98532607738137,37.57739131190667],[126.98553967614217,37.576638512391845],[126.98326921803172,37.57559660618965],[126.98212898289104,37.57890996579476],[126.9838227860337,37.579351652198675]]]}},{"type":"Feature","properties":{"legal_dong_code":"1111010600","sigungu_code":"11110","district":"종로구","legal_dong":"통의동","risk_score":70.1428297484739,"risk_level":"매우 높음","data_confidence":"낮음","market_risk_score":91.91542288557213,"building_risk_score":35.974304068522486,"district_context_score":40.0,"jeonse_ratio_pct":null,"high80_share_pct":null,"sale_decline_pct":null,"sale_count":12.0,"jeonse_count":12.0,"matched_group_count":null,"nonapt_building_share_pct":null,"old20_share_pct":null,"official_total":34,"official_dong_evidence_count":0,"major_reasons":"종로구 공식 피해·보증사고 배경지표 상위","score_version":"seoul-dong-v1.0","score_scope":"서울 법정동 시장·건물구조 상대위험"},"geometry":{"type":"Polygon","coordinates":[[[126.97389564925179,37.57931844647233],[126.97417098874419,37.576456976654846],[126.97238828372684,37.57657054310257],[126.97124015518027,37.57950201996271],[126.97389564925179,37.57931844647233]]]}},{"type":"Feature","properties":{"legal_dong_code":"1111016000","sigungu_code":"11110","district":"종로구","legal_dong":"연지동","risk_score":59.07774222855288,"risk_level":"높음","data_confidence":"낮음","market_risk_score":80.19107891332608,"building_risk_score":19.85237952222893,"district_context_score":40.0,"jeonse_ratio_pct":77.0177877636342,"high80_share_pct":53.125,"sale_decline_pct":0.0,"sale_count":402.0,"jeonse_count":198.0,"matched_group_count":4.0,"nonapt_building_share_pct":0.0,"old20_share_pct":0.0,"official_total":34,"official_dong_evidence_count":0,"major_reasons":"80% 이상 매칭 비중 53.1% | 최근 36개월 추정 전세가율 77.0% | 종로구 공식 피해·보증사고 배경지표 상위","score_version":"seoul-dong-v1.0","score_scope":"서울 법정동 시장·건물구조 상대위험"},"geometry":{"type":"Polygon","coordinates":[[[126.99949724251738,37.57597289114513],[127.00128362720336,37.5760807023146],[127.00137622988537,37.574982291011665],[127.000702204849,37.57477596219318],[127.00224974976643,37.57348899240706],[127.0014766533883,37.57139582922671],[127.00054547997097,37.57194762615412],[126.99975760743182,37.57177845658694],[126.99802311710984,37.5738122081967],[126.99801964328832,37.57450760815574],[126.99884033623519,37.574645850089155],[126.99949724251738,37.57597289114513]]]}},{"type":"Feature","properties":{"legal_dong_code":"1111012500","sigungu_code":"11110","district":"종로구","legal_dong":"중학동","risk_score":20.977282081513835,"risk_level":"낮음","data_confidence":"낮음","market_risk_score":null,"building_risk_score":9.56365133042214,"district_context_score":40.0,"jeonse_ratio_pct":null,"high80_share_pct":null,"sale_decline_pct":null,"sale_count":null,"jeonse_count":null,"matched_group_count":null,"nonapt_building_share_pct":0.0,"old20_share_pct":0.0,"official_total":34,"official_dong_evidence_count":0,"major_reasons":"종로구 공식 피해·보증사고 배경지표 상위 | 20년 이상 주거건물 비중 0.0% | 비아파트 건물 비중 0.0%","score_version":"seoul-dong-v1.0","score_scope":"서울 법정동 시장·건물구조 상대위험"},"geometry":{"type":"Polygon","coordinates":[[[126.97854377341451,37.575904143981276],[126.98137419566386,37.57570117294385],[126.97943443742032,37.57432416262121],[126.97849741267605,37.574335669426844],[126.97895826854273,37.575112977023025],[126.97854377341451,37.575904143981276]]]}},{"type":"Feature","properties":{"legal_dong_code":"1111011400","sigungu_code":"11110","district":"종로구","legal_dong":"내자동","risk_score":71.48115951292786,"risk_level":"매우 높음","data_confidence":"낮음","market_risk_score":91.91542288557213,"building_risk_score":41.32762312633833,"district_context_score":40.0,"jeonse_ratio_pct":null,"high80_share_pct":null,"sale_decline_pct":null,"sale_count":8.0,"jeonse_count":2.0,"matched_group_count":null,"nonapt_building_share_pct":null,"old20_share_pct":null,"official_total":34,"official_dong_evidence_count":0,"major_reasons":"종로구 공식 피해·보증사고 배경지표 상위","score_version":"seoul-dong-v1.0","score_scope":"서울 법정동 시장·건물구조 상대위험"},"geometry":{"type":"Polygon","coordinates":[[[126.9705235939511,37.576484735789926],[126.97238828372684,37.57657054310257],[126.97345743164342,37.574005106016585],[126.97016237697346,37.57493030254512],[126.9705235939511,37.576484735789926]]]}},{"type":"Feature","properties":{"legal_dong_code":"1111010700","sigungu_code":"11110","district":"종로구","legal_dong":"적선동","risk_score":36.85425658208607,"risk_level":"주의","data_confidence":"낮음","market_risk_score":43.39378238341969,"building_risk_score":19.271948608137045,"district_context_score":40.0,"jeonse_ratio_pct":null,"high80_share_pct":null,"sale_decline_pct":null,"sale_count":44.0,"jeonse_count":0.0,"matched_group_count":null,"nonapt_building_share_pct":null,"old20_share_pct":null,"official_total":34,"official_dong_evidence_count":0,"major_reasons":"종로구 공식 피해·보증사고 배경지표 상위","score_version":"seoul-dong-v1.0","score_scope":"서울 법정동 시장·건물구조 상대위험"},"geometry":{"type":"Polygon","coordinates":[[[126.97417098874419,37.576456976654846],[126.9741993171833,37.57594817782902],[126.97510922022794,37.57592640079758],[126.97471965215964,37.574508042084446],[126.975452406161,37.5741769581631],[126.97353366642385,37.57399024881093],[126.97238828372684,37.57657054310257],[126.97417098874419,37.576456976654846]]]}},{"type":"Feature","properties":{"legal_dong_code":"1111013800","sigungu_code":"11110","district":"종로구","legal_dong":"종로2가","risk_score":16.940578158458244,"risk_level":"자료 부족","data_confidence":"자료 부족","market_risk_score":null,"building_risk_score":3.1049250535331905,"district_context_score":40.0,"jeonse_ratio_pct":null,"high80_share_pct":null,"sale_decline_pct":null,"sale_count":null,"jeonse_count":null,"matched_group_count":null,"nonapt_building_share_pct":null,"old20_share_pct":null,"official_total":34,"official_dong_evidence_count":0,"major_reasons":"종로구 공식 피해·보증사고 배경지표 상위","score_version":"seoul-dong-v1.0","score_scope":"서울 법정동 시장·건물구조 상대위험"},"geometry":{"type":"Polygon","coordinates":[[[126.98775848897263,37.57156767462224],[126.98867174105794,37.571683329207886],[126.989461009037,37.56984565848106],[126.98385035888857,37.5698363206961],[126.98311365953892,37.570286359761255],[126.98494838852764,37.57090656525158],[126.98776017134227,37.57054468423124],[126.98775848897263,37.57156767462224]]]}},{"type":"Feature","properties":{"legal_dong_code":"1111013400","sigungu_code":"11110","district":"종로구","legal_dong":"경운동","risk_score":70.36050693520137,"risk_level":"매우 높음","data_confidence":"낮음","market_risk_score":72.36686171631689,"building_risk_score":83.76155962164493,"district_context_score":40.0,"jeonse_ratio_pct":76.41661903336544,"high80_share_pct":33.33333333333333,"sale_decline_pct":0.0,"sale_count":83.0,"jeonse_count":47.0,"matched_group_count":3.0,"nonapt_building_share_pct":100.0,"old20_share_pct":100.0,"official_total":34,"official_dong_evidence_count":0,"major_reasons":"20년 이상 주거건물 비중 100.0% | 비아파트 건물 비중 100.0% | 최근 36개월 추정 전세가율 76.4%","score_version":"seoul-dong-v1.0","score_scope":"서울 법정동 시장·건물구조 상대위험"},"geometry":{"type":"Polygon","coordinates":[[[126.98430011797494,37.576011962928206],[126.98627798089001,37.57687861491708],[126.98689956834237,37.57513002179457],[126.98838943454237,37.57538474378344],[126.98846959002846,37.574495207979155],[126.98743691068995,37.57419949339947],[126.98770272466079,37.573793044352556],[126.98639804803067,37.57373297780966],[126.98533146905874,37.57559888012659],[126.98461299864115,37.57522230194676],[126.98430011797494,37.576011962928206]]]}},{"type":"Feature","properties":{"legal_dong_code":"1111015900","sigungu_code":"11110","district":"종로구","legal_dong":"원남동","risk_score":71.01495680153383,"risk_level":"매우 높음","data_confidence":"낮음","market_risk_score":92.0306382095514,"building_risk_score":39.186295503211994,"district_context_score":40.0,"jeonse_ratio_pct":113.9363225864312,"high80_share_pct":100.0,"sale_decline_pct":null,"sale_count":33.0,"jeonse_count":63.0,"matched_group_count":1.0,"nonapt_building_share_pct":null,"old20_share_pct":null,"official_total":34,"official_dong_evidence_count":0,"major_reasons":"최근 36개월 추정 전세가율 113.9% | 80% 이상 매칭 비중 100.0% | 종로구 공식 피해·보증사고 배경지표 상위","score_version":"seoul-dong-v1.0","score_scope":"서울 법정동 시장·건물구조 상대위험"},"geometry":{"type":"Polygon","coordinates":[[[126.9971271384243,37.577071553375525],[126.99808371133636,37.57656354557521],[126.99881077505651,37.576952187197264],[126.9995986151666,37.576014779726755],[126.99865671802779,37.57449129942972],[126.99641028024726,37.573891634532714],[126.99565643389276,37.57620248756565],[126.99697869291552,37.57650544864786],[126.9971271384243,37.577071553375525]]]}},{"type":"Feature","properties":{"legal_dong_code":"1111018100","sigungu_code":"11110","district":"종로구","legal_dong":"행촌동","risk_score":31.125990610440326,"risk_level":"낮음","data_confidence":"낮음","market_risk_score":32.32240645775147,"building_risk_score":22.93018694315777,"district_context_score":40.0,"jeonse_ratio_pct":47.57386959261927,"high80_share_pct":0.0,"sale_decline_pct":0.0,"sale_count":261.0,"jeonse_count":538.0,"matched_group_count":9.0,"nonapt_building_share_pct":0.0,"old20_share_pct":0.0,"official_total":34,"official_dong_evidence_count":0,"major_reasons":"종로구 공식 피해·보증사고 배경지표 상위 | 최근 매매 단가 하락 신호 0.0% | 최근 36개월 추정 전세가율 47.6%","score_version":"seoul-dong-v1.0","score_scope":"서울 법정동 시장·건물구조 상대위험"},"geometry":{"type":"Polygon","coordinates":[[[126.96286450033361,37.57753441468674],[126.96354871694997,37.574032932552186],[126.96545219438458,37.57243887171894],[126.96398162056003,37.57197627875669],[126.96372242375874,37.571433350987654],[126.96217401981937,37.5716247825415],[126.95981987065142,37.57315577953097],[126.96185996005151,37.574753482491985],[126.96286450033361,37.57753441468674]]]}},{"type":"Feature","properties":{"legal_dong_code":"1111015000","sigungu_code":"11110","district":"종로구","legal_dong":"훈정동","risk_score":16.940578158458244,"risk_level":"자료 부족","data_confidence":"자료 부족","market_risk_score":null,"building_risk_score":3.1049250535331905,"district_context_score":40.0,"jeonse_ratio_pct":null,"high80_share_pct":null,"sale_decline_pct":null,"sale_count":null,"jeonse_count":null,"matched_group_count":null,"nonapt_building_share_pct":null,"old20_share_pct":null,"official_total":34,"official_dong_evidence_count":0,"major_reasons":"종로구 공식 피해·보증사고 배경지표 상위","score_version":"seoul-dong-v1.0","score_scope":"서울 법정동 시장·건물구조 상대위험"},"geometry":{"type":"Polygon","coordinates":[[[126.99541692181572,37.576701063616746],[126.99665725688315,37.57273200198682],[126.99583454739809,37.57205063839815],[126.99591487537447,37.570953058943324],[126.99427313509639,37.57087405207687],[126.99408610801908,37.572063749749674],[126.99142882213235,37.57597423419083],[126.99279436945547,37.57755889974698],[126.99541692181572,37.576701063616746]]]}},{"type":"Feature","properties":{"legal_dong_code":"1111013200","sigungu_code":"11110","district":"종로구","legal_dong":"운니동","risk_score":51.23711158812855,"risk_level":"주의","data_confidence":"낮음","market_risk_score":67.65460263449592,"building_risk_score":18.577400029724,"district_context_score":40.0,"jeonse_ratio_pct":null,"high80_share_pct":null,"sale_decline_pct":null,"sale_count":11.0,"jeonse_count":1.0,"matched_group_count":null,"nonapt_building_share_pct":0.0,"old20_share_pct":0.0,"official_total":34,"official_dong_evidence_count":0,"major_reasons":"종로구 공식 피해·보증사고 배경지표 상위 | 20년 이상 주거건물 비중 0.0% | 비아파트 건물 비중 0.0%","score_version":"seoul-dong-v1.0","score_scope":"서울 법정동 시장·건물구조 상대위험"},"geometry":{"type":"Polygon","coordinates":[[[126.98926496872846,37.57764842355461],[126.99031602018769,37.57559845825618],[126.98689956834237,37.57513002179457],[126.98627798089001,37.57687861491708],[126.98926496872846,37.57764842355461]]]}},{"type":"Feature","properties":{"legal_dong_code":"1111013700","sigungu_code":"11110","district":"종로구","legal_dong":"낙원동","risk_score":47.11308223622155,"risk_level":"주의","data_confidence":"낮음","market_risk_score":60.69724674903812,"building_risk_score":18.778936747194713,"district_context_score":40.0,"jeonse_ratio_pct":null,"high80_share_pct":null,"sale_decline_pct":0.716803914712294,"sale_count":29.0,"jeonse_count":28.0,"matched_group_count":null,"nonapt_building_share_pct":0.0,"old20_share_pct":0.0,"official_total":34,"official_dong_evidence_count":0,"major_reasons":"최근 매매 단가 하락 신호 0.7% | 종로구 공식 피해·보증사고 배경지표 상위 | 20년 이상 주거건물 비중 0.0%","score_version":"seoul-dong-v1.0","score_scope":"서울 법정동 시장·건물구조 상대위험"},"geometry":{"type":"Polygon","coordinates":[[[126.98936614907741,37.57063180579364],[126.98850270032062,37.571834478411965],[126.9876712094802,37.571593297518824],[126.98664944907706,37.57301817529386],[126.98669097415289,37.57374190770912],[126.98744574736475,37.57368094918543],[126.98743691068995,37.57419949339947],[126.98846959002846,37.574495207979155],[126.98942357610156,37.57355330925416],[126.98932778613926,37.572860476056206],[126.98988255371691,37.57291389753064],[126.98950556639937,37.57186394790554],[126.99017142306614,37.57188788094521],[126.99055873763672,37.571047187832306],[126.98936614907741,37.57063180579364]]]}},{"type":"Feature","properties":{"legal_dong_code":"1111014400","sigungu_code":"11110","district":"종로구","legal_dong":"사간동","risk_score":51.627588978228054,"risk_level":"주의","data_confidence":"낮음","market_risk_score":67.65460263449592,"building_risk_score":20.139309590122036,"district_context_score":40.0,"jeonse_ratio_pct":null,"high80_share_pct":null,"sale_decline_pct":null,"sale_count":3.0,"jeonse_count":3.0,"matched_group_count":null,"nonapt_building_share_pct":0.0,"old20_share_pct":0.0,"official_total":34,"official_dong_evidence_count":0,"major_reasons":"종로구 공식 피해·보증사고 배경지표 상위 | 20년 이상 주거건물 비중 0.0% | 비아파트 건물 비중 0.0%","score_version":"seoul-dong-v1.0","score_scope":"서울 법정동 시장·건물구조 상대위험"},"geometry":{"type":"Polygon","coordinates":[[[126.98147403939197,37.57828260751542],[126.98061705344496,37.576168491430835],[126.97961940278759,37.576042406655056],[126.97964903984317,37.57813150341108],[126.98147403939197,37.57828260751542]]]}},{"type":"Feature","properties":{"legal_dong_code":"1111018700","sigungu_code":"11110","district":"종로구","legal_dong":"무악동","risk_score":27.635909554910096,"risk_level":"낮음","data_confidence":"낮음","market_risk_score":25.40192143950399,"building_risk_score":25.579026764830818,"district_context_score":40.0,"jeonse_ratio_pct":53.989743502715775,"high80_share_pct":0.0,"sale_decline_pct":null,"sale_count":319.0,"jeonse_count":750.0,"matched_group_count":6.0,"nonapt_building_share_pct":0.0,"old20_share_pct":0.0,"official_total":34,"official_dong_evidence_count":0,"major_reasons":"종로구 공식 피해·보증사고 배경지표 상위 | 최근 36개월 추정 전세가율 54.0% | 80% 이상 매칭 비중 0.0%","score_version":"seoul-dong-v1.0","score_scope":"서울 법정동 시장·건물구조 상대위험"},"geometry":{"type":"Polygon","coordinates":[[[126.96286450033361,37.57753441468674],[126.96185996005151,37.574753482491985],[126.96059274437907,37.573351546230846],[126.95940600550531,37.573050802739715],[126.95355820110015,37.578748855425864],[126.95851506036823,37.58053260996612],[126.96286450033361,37.57753441468674]]]}},{"type":"Feature","properties":{"legal_dong_code":"1111010900","sigungu_code":"11110","district":"종로구","legal_dong":"누상동","risk_score":67.96518122661692,"risk_level":"높음","data_confidence":"낮음","market_risk_score":69.5761405255229,"building_risk_score":80.87798764521274,"district_context_score":40.0,"jeonse_ratio_pct":76.77443306353804,"high80_share_pct":20.224719101123593,"sale_decline_pct":0.0,"sale_count":215.0,"jeonse_count":384.0,"matched_group_count":9.0,"nonapt_building_share_pct":100.0,"old20_share_pct":100.0,"official_total":34,"official_dong_evidence_count":0,"major_reasons":"20년 이상 주거건물 비중 100.0% | 비아파트 건물 비중 100.0% | 최근 36개월 추정 전세가율 76.8%","score_version":"seoul-dong-v1.0","score_scope":"서울 법정동 시장·건물구조 상대위험"},"geometry":{"type":"Polygon","coordinates":[[[126.96110728805728,37.5787232548111],[126.958713083288,37.580501237513175],[126.95720178989737,37.579819236836215],[126.95817317471186,37.58098457280859],[126.95754231997219,37.582250531339156],[126.96172583843138,37.58228493769783],[126.96321275050097,37.581455621341554],[126.96501330633384,37.58193912043918],[126.9674820282719,37.58062431005445],[126.96749335077467,37.57927767198869],[126.96640824039333,37.57934089181998],[126.96525975783904,37.57825212583154],[126.96110728805728,37.5787232548111]]]}},{"type":"Feature","properties":{"legal_dong_code":"1111014300","sigungu_code":"11110","district":"종로구","legal_dong":"화동","risk_score":52.74907849718577,"risk_level":"주의","data_confidence":"낮음","market_risk_score":67.65460263449592,"building_risk_score":24.62526766595289,"district_context_score":40.0,"jeonse_ratio_pct":null,"high80_share_pct":null,"sale_decline_pct":null,"sale_count":12.0,"jeonse_count":12.0,"matched_group_count":null,"nonapt_building_share_pct":null,"old20_share_pct":null,"official_total":34,"official_dong_evidence_count":0,"major_reasons":"종로구 공식 피해·보증사고 배경지표 상위","score_version":"seoul-dong-v1.0","score_scope":"서울 법정동 시장·건물구조 상대위험"},"geometry":{"type":"Polygon","coordinates":[[[126.98215907434802,37.581661583192606],[126.98362634923144,37.58213138165471],[126.98401267771273,37.58140146058012],[126.98334133742173,37.580821565438995],[126.9839010579465,37.579594083340204],[126.98317106292178,37.57895201922051],[126.98212898289104,37.57890996579476],[126.98233831687767,37.57996452363454],[126.98112174787043,37.581529657306284],[126.9818860128074,37.582457748543966],[126.98215907434802,37.581661583192606]]]}},{"type":"Feature","properties":{"legal_dong_code":"1111017200","sigungu_code":"11110","district":"종로구","legal_dong":"명륜4가","risk_score":45.80291803628299,"risk_level":"주의","data_confidence":"낮음","market_risk_score":55.21767468217155,"building_risk_score":26.689252907920242,"district_context_score":40.0,"jeonse_ratio_pct":64.72622712754207,"high80_share_pct":0.0,"sale_decline_pct":null,"sale_count":44.0,"jeonse_count":100.0,"matched_group_count":1.0,"nonapt_building_share_pct":0.0,"old20_share_pct":0.0,"official_total":34,"official_dong_evidence_count":0,"major_reasons":"최근 36개월 추정 전세가율 64.7% | 종로구 공식 피해·보증사고 배경지표 상위 | 80% 이상 매칭 비중 0.0%","score_version":"seoul-dong-v1.0","score_scope":"서울 법정동 시장·건물구조 상대위험"},"geometry":{"type":"Polygon","coordinates":[[[127.00137947395518,37.583640880033336],[127.00205552239623,37.58147763838148],[126.99789187629327,37.58120866650747],[126.99767638669938,37.582808739012584],[127.00137947395518,37.583640880033336]]]}},{"type":"Feature","properties":{"legal_dong_code":"1111010400","sigungu_code":"11110","district":"종로구","legal_dong":"효자동","risk_score":61.28101293288771,"risk_level":"높음","data_confidence":"낮음","market_risk_score":67.65460263449592,"building_risk_score":58.753005408760664,"district_context_score":40.0,"jeonse_ratio_pct":null,"high80_share_pct":null,"sale_decline_pct":null,"sale_count":21.0,"jeonse_count":57.0,"matched_group_count":null,"nonapt_building_share_pct":100.0,"old20_share_pct":0.0,"official_total":34,"official_dong_evidence_count":0,"major_reasons":"비아파트 건물 비중 100.0% | 종로구 공식 피해·보증사고 배경지표 상위 | 20년 이상 주거건물 비중 0.0%","score_version":"seoul-dong-v1.0","score_scope":"서울 법정동 시장·건물구조 상대위험"},"geometry":{"type":"Polygon","coordinates":[[[126.97356402411778,37.583233522979306],[126.97353191214418,37.581823634401374],[126.97080245610977,37.58148570762843],[126.97033518931357,37.58381121021252],[126.97245254707619,37.58350906434599],[126.97266440695677,37.58391755122713],[126.97356402411778,37.583233522979306]]]}},{"type":"Feature","properties":{"legal_dong_code":"1111013900","sigungu_code":"11110","district":"종로구","legal_dong":"팔판동","risk_score":55.75008263338974,"risk_level":"높음","data_confidence":"낮음","market_risk_score":67.65460263449592,"building_risk_score":36.62928421076875,"district_context_score":40.0,"jeonse_ratio_pct":null,"high80_share_pct":null,"sale_decline_pct":null,"sale_count":6.0,"jeonse_count":9.0,"matched_group_count":null,"nonapt_building_share_pct":0.0,"old20_share_pct":100.0,"official_total":34,"official_dong_evidence_count":0,"major_reasons":"20년 이상 주거건물 비중 100.0% | 종로구 공식 피해·보증사고 배경지표 상위 | 비아파트 건물 비중 0.0%","score_version":"seoul-dong-v1.0","score_scope":"서울 법정동 시장·건물구조 상대위험"},"geometry":{"type":"Polygon","coordinates":[[[126.97924610498121,37.583711821845675],[126.98029018009147,37.58385545116845],[126.98062689110084,37.5845548383919],[126.98092295666288,37.58371669431547],[126.9818165948303,37.583515016998845],[126.98188814110861,37.582458163351475],[126.98024392375913,37.58089897417077],[126.98047274336199,37.58247593020752],[126.97924610498121,37.583711821845675]]]}},{"type":"Feature","properties":{"legal_dong_code":"1111010200","sigungu_code":"11110","district":"종로구","legal_dong":"신교동","risk_score":38.343713584998234,"risk_level":"주의","data_confidence":"낮음","market_risk_score":44.94836477015341,"building_risk_score":21.498778891624752,"district_context_score":40.0,"jeonse_ratio_pct":64.53439042271765,"high80_share_pct":0.0,"sale_decline_pct":0.0,"sale_count":53.0,"jeonse_count":133.0,"matched_group_count":3.0,"nonapt_building_share_pct":null,"old20_share_pct":null,"official_total":34,"official_dong_evidence_count":0,"major_reasons":"최근 36개월 추정 전세가율 64.5% | 종로구 공식 피해·보증사고 배경지표 상위 | 최근 매매 단가 하락 신호 0.0%","score_version":"seoul-dong-v1.0","score_scope":"서울 법정동 시장·건물구조 상대위험"},"geometry":{"type":"Polygon","coordinates":[[[126.96504386094023,37.585585419516974],[126.9691486612234,37.585844379438484],[126.96910609593465,37.58510204574539],[126.97007769815757,37.58479339658312],[126.97019743764466,37.58311466660552],[126.96701211478785,37.58346819930935],[126.96508077257597,37.58490654727922],[126.96504386094023,37.585585419516974]]]}},{"type":"Feature","properties":{"legal_dong_code":"1111014600","sigungu_code":"11110","district":"종로구","legal_dong":"가회동","risk_score":28.145641344239706,"risk_level":"낮음","data_confidence":"낮음","market_risk_score":21.474285587201653,"building_risk_score":37.04427996767485,"district_context_score":40.0,"jeonse_ratio_pct":21.64970484288904,"high80_share_pct":0.0,"sale_decline_pct":null,"sale_count":46.0,"jeonse_count":50.0,"matched_group_count":3.0,"nonapt_building_share_pct":9.090909090909092,"old20_share_pct":9.090909090909092,"official_total":34,"official_dong_evidence_count":0,"major_reasons":"종로구 공식 피해·보증사고 배경지표 상위 | 20년 이상 주거건물 비중 9.1% | 비아파트 건물 비중 9.1%","score_version":"seoul-dong-v1.0","score_scope":"서울 법정동 시장·건물구조 상대위험"},"geometry":{"type":"Polygon","coordinates":[[[126.98530638797251,37.58612416276737],[126.98685485013193,37.58305579704877],[126.98605829847075,37.58239451582579],[126.98567366930156,37.57939629773259],[126.983845436672,37.579649206390485],[126.98334133742173,37.580821565438995],[126.98401267771273,37.58140146058012],[126.98283400831768,37.58262335046805],[126.98374754816065,37.58501734788126],[126.98530638797251,37.58612416276737]]]}},{"type":"Feature","properties":{"legal_dong_code":"1111017100","sigungu_code":"11110","district":"종로구","legal_dong":"명륜2가","risk_score":49.918483027497,"risk_level":"주의","data_confidence":"낮음","market_risk_score":46.19715616972661,"building_risk_score":64.80075730264413,"district_context_score":40.0,"jeonse_ratio_pct":63.67745272911795,"high80_share_pct":3.9215686274509802,"sale_decline_pct":null,"sale_count":119.0,"jeonse_count":269.0,"matched_group_count":5.0,"nonapt_building_share_pct":40.0,"old20_share_pct":20.0,"official_total":34,"official_dong_evidence_count":0,"major_reasons":"비아파트 건물 비중 40.0% | 최근 36개월 추정 전세가율 63.7% | 80% 이상 매칭 비중 3.9%","score_version":"seoul-dong-v1.0","score_scope":"서울 법정동 시장·건물구조 상대위험"},"geometry":{"type":"Polygon","coordinates":[[[126.99693121741828,37.58550761542353],[126.99811471196061,37.58639400001724],[127.00030960265138,37.5864363802225],[127.00137947395518,37.583640880033336],[126.99891750523018,37.582794294044014],[126.99694389847132,37.58438706901394],[126.99693121741828,37.58550761542353]]]}},{"type":"Feature","properties":{"legal_dong_code":"1111010100","sigungu_code":"11110","district":"종로구","legal_dong":"청운동","risk_score":56.17608373301162,"risk_level":"높음","data_confidence":"낮음","market_risk_score":69.87256057394512,"building_risk_score":33.01018955457822,"district_context_score":40.0,"jeonse_ratio_pct":71.14667065708937,"high80_share_pct":9.523809523809524,"sale_decline_pct":11.197399178054635,"sale_count":97.0,"jeonse_count":154.0,"matched_group_count":7.0,"nonapt_building_share_pct":11.11111111111111,"old20_share_pct":0.0,"official_total":34,"official_dong_evidence_count":0,"major_reasons":"최근 매매 단가 하락 신호 11.2% | 최근 36개월 추정 전세가율 71.1% | 80% 이상 매칭 비중 9.5%","score_version":"seoul-dong-v1.0","score_scope":"서울 법정동 시장·건물구조 상대위험"},"geometry":{"type":"Polygon","coordinates":[[[126.96143461475569,37.58658227972643],[126.96419507538793,37.58905739828263],[126.96457583995846,37.59096966922497],[126.9660352870996,37.59155155841587],[126.96658817908691,37.59297199027564],[126.97079034395308,37.593876368803414],[126.97358685652652,37.59327074628683],[126.97555960203762,37.5896807096733],[126.97540588086015,37.58889320586677],[126.97448928937145,37.58865823886986],[126.97399817300514,37.586540629839696],[126.97266369269958,37.58594412008846],[126.97183327897714,37.584805419773616],[126.97113680596281,37.585159888548105],[126.97031386563575,37.584176356104074],[126.96959844682682,37.5851750516235],[126.96910609593465,37.58510204574539],[126.9691486612234,37.585844379438484],[126.96565243489563,37.58550552639481],[126.96431779041437,37.586251769032444],[126.96321493837551,37.58595795635257],[126.96143461475569,37.58658227972643]]]}},{"type":"Feature","properties":{"legal_dong_code":"1111011100","sigungu_code":"11110","district":"종로구","legal_dong":"옥인동","risk_score":44.68861979200143,"risk_level":"주의","data_confidence":"낮음","market_risk_score":48.33185382892459,"building_risk_score":38.75802997858672,"district_context_score":40.0,"jeonse_ratio_pct":67.75259208865012,"high80_share_pct":0.0,"sale_decline_pct":0.0,"sale_count":85.0,"jeonse_count":206.0,"matched_group_count":4.0,"nonapt_building_share_pct":null,"old20_share_pct":null,"official_total":34,"official_dong_evidence_count":0,"major_reasons":"최근 36개월 추정 전세가율 67.8% | 종로구 공식 피해·보증사고 배경지표 상위 | 최근 매매 단가 하락 신호 0.0%","score_version":"seoul-dong-v1.0","score_scope":"서울 법정동 시장·건물구조 상대위험"},"geometry":{"type":"Polygon","coordinates":[[[126.96431779041437,37.586251769032444],[126.96508077257597,37.58490654727922],[126.96701211478785,37.58346819930935],[126.97019541119582,37.58311445884109],[126.97080245610977,37.58148570762843],[126.9685003909552,37.58139331174174],[126.96880947107825,37.580563147953825],[126.96781190448934,37.58054145089288],[126.96501330633384,37.58193912043918],[126.96321275050097,37.581455621341554],[126.96172583843138,37.58228493769783],[126.95754231997219,37.582250531339156],[126.95774559030875,37.584925129261265],[126.95918535390551,37.58609553903319],[126.96143461475569,37.58658227972643],[126.96321493837551,37.58595795635257],[126.96431779041437,37.586251769032444]]]}},{"type":"Feature","properties":{"legal_dong_code":"1111013000","sigungu_code":"11110","district":"종로구","legal_dong":"와룡동","risk_score":19.684154175588862,"risk_level":"낮음","data_confidence":"낮음","market_risk_score":null,"building_risk_score":7.494646680942184,"district_context_score":40.0,"jeonse_ratio_pct":null,"high80_share_pct":null,"sale_decline_pct":null,"sale_count":2.0,"jeonse_count":0.0,"matched_group_count":null,"nonapt_building_share_pct":null,"old20_share_pct":null,"official_total":34,"official_dong_evidence_count":0,"major_reasons":"종로구 공식 피해·보증사고 배경지표 상위","score_version":"seoul-dong-v1.0","score_scope":"서울 법정동 시장·건물구조 상대위험"},"geometry":{"type":"Polygon","coordinates":[[[126.98772670561505,37.58726763165918],[126.98937414116587,37.587636333661486],[126.99042762969313,37.587104180272284],[126.99350331565377,37.587327206834296],[126.99392803624986,37.585807074247185],[126.99625960379853,37.582841173947536],[126.99732128821864,37.582867083783974],[126.99774551313546,37.58217410467075],[126.99633264822775,37.580899515943145],[126.99699825349468,37.57652402775032],[126.99559413808217,37.576199195853036],[126.99523907060085,37.57678206202753],[126.99299158637824,37.5773520836165],[126.99214167978535,37.578470549200034],[126.99065964335617,37.57757706677722],[126.99154495645547,37.57420022727307],[126.99075010555855,37.574201067444015],[126.98989852478479,37.57700216468992],[126.98936028168436,37.57713149220239],[126.98918627266771,37.580845647283155],[126.98973970985075,37.582317500814575],[126.98890030277137,37.58560379597035],[126.98795372899244,37.58555672261022],[126.98772670561505,37.58726763165918]]]}},{"type":"Feature","properties":{"legal_dong_code":"1111014800","sigungu_code":"11110","district":"종로구","legal_dong":"계동","risk_score":23.0345309441042,"risk_level":"낮음","data_confidence":"낮음","market_risk_score":21.856877648416383,"building_risk_score":15.681617420217483,"district_context_score":40.0,"jeonse_ratio_pct":25.07516536912135,"high80_share_pct":0.0,"sale_decline_pct":null,"sale_count":43.0,"jeonse_count":94.0,"matched_group_count":1.0,"nonapt_building_share_pct":0.0,"old20_share_pct":0.0,"official_total":34,"official_dong_evidence_count":0,"major_reasons":"종로구 공식 피해·보증사고 배경지표 상위 | 80% 이상 매칭 비중 0.0% | 20년 이상 주거건물 비중 0.0%","score_version":"seoul-dong-v1.0","score_scope":"서울 법정동 시장·건물구조 상대위험"},"geometry":{"type":"Polygon","coordinates":[[[126.98639275765731,37.5888620138628],[126.98763445925604,37.585407770588326],[126.98710530415002,37.584692090282985],[126.98847746080523,37.58155180018154],[126.98804863589191,37.58143027205652],[126.98776382552113,37.577510965822675],[126.98642774942235,37.57694212670548],[126.98669312781524,37.578752504057064],[126.98607756147452,37.57875005555164],[126.98586074796263,37.579443993891935],[126.98605829847075,37.58239451582579],[126.98685485013193,37.58305579704877],[126.98523590415567,37.58630341313915],[126.98603547838646,37.5871325534436],[126.98639275765731,37.5888620138628]]]}},{"type":"Feature","properties":{"legal_dong_code":"1111014900","sigungu_code":"11110","district":"종로구","legal_dong":"원서동","risk_score":53.22191060089997,"risk_level":"주의","data_confidence":"낮음","market_risk_score":62.72442350088996,"building_risk_score":38.349026001463955,"district_context_score":40.0,"jeonse_ratio_pct":74.08970389052148,"high80_share_pct":6.0606060606060606,"sale_decline_pct":0.0,"sale_count":107.0,"jeonse_count":212.0,"matched_group_count":4.0,"nonapt_building_share_pct":18.181818181818183,"old20_share_pct":0.0,"official_total":34,"official_dong_evidence_count":0,"major_reasons":"최근 36개월 추정 전세가율 74.1% | 80% 이상 매칭 비중 6.1% | 종로구 공식 피해·보증사고 배경지표 상위","score_version":"seoul-dong-v1.0","score_scope":"서울 법정동 시장·건물구조 상대위험"},"geometry":{"type":"Polygon","coordinates":[[[126.98913413477992,37.59084923936009],[126.98767394642317,37.58725897602374],[126.98795372899244,37.58555672261022],[126.98890030277137,37.58560379597035],[126.98973970985075,37.582317500814575],[126.98918627266771,37.580845647283155],[126.98926496872846,37.57764842355461],[126.98776382552113,37.577510965822675],[126.98804863589191,37.58143027205652],[126.98847746080523,37.58155180018154],[126.98710530415002,37.584692090282985],[126.98763445925604,37.585407770588326],[126.98639275765731,37.5888620138628],[126.98913413477992,37.59084923936009]]]}},{"type":"Feature","properties":{"legal_dong_code":"1111017300","sigungu_code":"11110","district":"종로구","legal_dong":"명륜3가","risk_score":42.00564523783846,"risk_level":"주의","data_confidence":"보통","market_risk_score":49.88388750587229,"building_risk_score":24.301250937260345,"district_context_score":40.0,"jeonse_ratio_pct":59.78380801560399,"high80_share_pct":7.6923076923076925,"sale_decline_pct":null,"sale_count":128.0,"jeonse_count":509.0,"matched_group_count":9.0,"nonapt_building_share_pct":0.0,"old20_share_pct":0.0,"official_total":34,"official_dong_evidence_count":0,"major_reasons":"80% 이상 매칭 비중 7.7% | 최근 36개월 추정 전세가율 59.8% | 종로구 공식 피해·보증사고 배경지표 상위","score_version":"seoul-dong-v1.0","score_scope":"서울 법정동 시장·건물구조 상대위험"},"geometry":{"type":"Polygon","coordinates":[[[126.99842792618728,37.58300072516437],[126.99625960379853,37.582841173947536],[126.99392803624986,37.585807074247185],[126.99350331565377,37.587327206834296],[126.99042762969313,37.587104180272284],[126.98937414116587,37.587636333661486],[126.98767394642317,37.58725897602374],[126.98805507467465,37.58899048841935],[126.98909193577103,37.589825761171696],[126.98910118093188,37.591425001185016],[126.99143238857958,37.591410915778106],[126.99238859813624,37.591988759036816],[126.99556612542199,37.59092043025339],[126.99626880173048,37.5892187824133],[126.99547315686391,37.58838335996342],[126.99660838092339,37.587680905462804],[126.99694389847132,37.58438706901394],[126.99842792618728,37.58300072516437]]]}},{"type":"Feature","properties":{"legal_dong_code":"1111017000","sigungu_code":"11110","district":"종로구","legal_dong":"명륜1가","risk_score":62.858960413665216,"risk_level":"높음","data_confidence":"낮음","market_risk_score":74.1813664285282,"building_risk_score":49.40056222619322,"district_context_score":40.0,"jeonse_ratio_pct":78.14428364832037,"high80_share_pct":54.347826086956516,"sale_decline_pct":0.0,"sale_count":144.0,"jeonse_count":355.0,"matched_group_count":7.0,"nonapt_building_share_pct":33.33333333333333,"old20_share_pct":11.11111111111111,"official_total":34,"official_dong_evidence_count":0,"major_reasons":"80% 이상 매칭 비중 54.3% | 최근 36개월 추정 전세가율 78.1% | 비아파트 건물 비중 33.3%","score_version":"seoul-dong-v1.0","score_scope":"서울 법정동 시장·건물구조 상대위험"},"geometry":{"type":"Polygon","coordinates":[[[127.00030960265138,37.5864363802225],[126.99811471196061,37.58639400001724],[126.99693121741828,37.58550761542353],[126.99660838092339,37.587680905462804],[126.99547315686391,37.58838335996342],[126.99626880173048,37.5892187824133],[126.99566087373464,37.59076714144187],[126.99447442207817,37.591517912229406],[126.99535430361092,37.592273491133106],[126.9980624212399,37.592400955679466],[126.99830930446402,37.590289676162286],[126.99921721048747,37.58959709222581],[127.00030960265138,37.5864363802225]]]}},{"type":"Feature","properties":{"legal_dong_code":"1111014700","sigungu_code":"11110","district":"종로구","legal_dong":"재동","risk_score":35.51592681763211,"risk_level":"주의","data_confidence":"낮음","market_risk_score":43.39378238341969,"building_risk_score":13.9186295503212,"district_context_score":40.0,"jeonse_ratio_pct":null,"high80_share_pct":null,"sale_decline_pct":null,"sale_count":8.0,"jeonse_count":0.0,"matched_group_count":null,"nonapt_building_share_pct":null,"old20_share_pct":null,"official_total":34,"official_dong_evidence_count":0,"major_reasons":"종로구 공식 피해·보증사고 배경지표 상위","score_version":"seoul-dong-v1.0","score_scope":"서울 법정동 시장·건물구조 상대위험"},"geometry":{"type":"Polygon","coordinates":[[[126.98586074796263,37.579443993891935],[126.98669489585843,37.57857108160638],[126.98642774942235,37.57694212670548],[126.98553967614217,37.576638512391845],[126.98391457774348,37.578428767312616],[126.98425995165098,37.57901144132175],[126.98377363566037,37.57947453037426],[126.98586074796263,37.579443993891935]]]}},{"type":"Feature","properties":{"legal_dong_code":"1111011000","sigungu_code":"11110","district":"종로구","legal_dong":"누하동","risk_score":33.18579296385692,"risk_level":"낮음","data_confidence":"낮음","market_risk_score":22.111939022559536,"building_risk_score":55.6745182012848,"district_context_score":40.0,"jeonse_ratio_pct":27.757135500163646,"high80_share_pct":0.0,"sale_decline_pct":null,"sale_count":36.0,"jeonse_count":51.0,"matched_group_count":4.0,"nonapt_building_share_pct":null,"old20_share_pct":null,"official_total":34,"official_dong_evidence_count":0,"major_reasons":"종로구 공식 피해·보증사고 배경지표 상위 | 80% 이상 매칭 비중 0.0% | 최근 36개월 추정 전세가율 27.8%","score_version":"seoul-dong-v1.0","score_scope":"서울 법정동 시장·건물구조 상대위험"},"geometry":{"type":"Polygon","coordinates":[[[126.96990074164759,37.57927510675975],[126.96940637133045,37.578062921067826],[126.96607513197836,37.57906163962319],[126.96749335077467,37.57927767198869],[126.9674820282719,37.58062431005445],[126.96912269682734,37.580652792365726],[126.96990074164759,37.57927510675975]]]}},{"type":"Feature","properties":{"legal_dong_code":"1111010800","sigungu_code":"11110","district":"종로구","legal_dong":"통인동","risk_score":46.51466139165385,"risk_level":"주의","data_confidence":"낮음","market_risk_score":54.283955868326764,"building_risk_score":31.777151482631176,"district_context_score":40.0,"jeonse_ratio_pct":null,"high80_share_pct":null,"sale_decline_pct":null,"sale_count":27.0,"jeonse_count":65.0,"matched_group_count":null,"nonapt_building_share_pct":null,"old20_share_pct":null,"official_total":34,"official_dong_evidence_count":0,"major_reasons":"종로구 공식 피해·보증사고 배경지표 상위","score_version":"seoul-dong-v1.0","score_scope":"서울 법정동 시장·건물구조 상대위험"},"geometry":{"type":"Polygon","coordinates":[[[126.9716591525744,37.57814069087968],[126.9685003909552,37.58139331174174],[126.97080245610977,37.58148570762843],[126.9716591525744,37.57814069087968]]]}},{"type":"Feature","properties":{"legal_dong_code":"1111014200","sigungu_code":"11110","district":"종로구","legal_dong":"소격동","risk_score":37.08244111349036,"risk_level":"자료 부족","data_confidence":"자료 부족","market_risk_score":null,"building_risk_score":35.33190578158458,"district_context_score":40.0,"jeonse_ratio_pct":null,"high80_share_pct":null,"sale_decline_pct":null,"sale_count":null,"jeonse_count":null,"matched_group_count":null,"nonapt_building_share_pct":null,"old20_share_pct":null,"official_total":34,"official_dong_evidence_count":0,"major_reasons":"종로구 공식 피해·보증사고 배경지표 상위","score_version":"seoul-dong-v1.0","score_scope":"서울 법정동 시장·건물구조 상대위험"},"geometry":{"type":"Polygon","coordinates":[[[126.98112174787043,37.581529657306284],[126.98233831687767,37.57996452363454],[126.98211513035285,37.57863235151803],[126.97964903984317,37.57813150341108],[126.98021825095829,37.58084715381894],[126.98112174787043,37.581529657306284]]]}},{"type":"Feature","properties":{"legal_dong_code":"1111010500","sigungu_code":"11110","district":"종로구","legal_dong":"창성동","risk_score":27.648889112641815,"risk_level":"낮음","data_confidence":"낮음","market_risk_score":21.984408335487963,"building_risk_score":33.83297644539615,"district_context_score":40.0,"jeonse_ratio_pct":25.82781456953643,"high80_share_pct":0.0,"sale_decline_pct":null,"sale_count":27.0,"jeonse_count":34.0,"matched_group_count":1.0,"nonapt_building_share_pct":null,"old20_share_pct":null,"official_total":34,"official_dong_evidence_count":0,"major_reasons":"종로구 공식 피해·보증사고 배경지표 상위 | 80% 이상 매칭 비중 0.0% | 최근 36개월 추정 전세가율 25.8%","score_version":"seoul-dong-v1.0","score_scope":"서울 법정동 시장·건물구조 상대위험"},"geometry":{"type":"Polygon","coordinates":[[[126.97353191214418,37.581823634401374],[126.97389564925179,37.57931844647233],[126.97124015518027,37.57950201996271],[126.97080245610977,37.58148570762843],[126.97353191214418,37.581823634401374]]]}},{"type":"Feature","properties":{"legal_dong_code":"1111016600","sigungu_code":"11110","district":"종로구","legal_dong":"연건동","risk_score":57.210247843073894,"risk_level":"높음","data_confidence":"낮음","market_risk_score":74.6417676743317,"building_risk_score":25.700748953899513,"district_context_score":40.0,"jeonse_ratio_pct":75.66610754775988,"high80_share_pct":56.25,"sale_decline_pct":0.0,"sale_count":99.0,"jeonse_count":160.0,"matched_group_count":3.0,"nonapt_building_share_pct":0.0,"old20_share_pct":0.0,"official_total":34,"official_dong_evidence_count":0,"major_reasons":"80% 이상 매칭 비중 56.2% | 최근 36개월 추정 전세가율 75.7% | 종로구 공식 피해·보증사고 배경지표 상위","score_version":"seoul-dong-v1.0","score_scope":"서울 법정동 시장·건물구조 상대위험"},"geometry":{"type":"Polygon","coordinates":[[[126.99751939054053,37.582009469039],[126.99789187629327,37.58120866650747],[127.00205552239623,37.58147763838148],[127.00227168154255,37.57735797531062],[127.00300052595267,37.57528474320732],[127.00136570211171,37.57497670487763],[127.00128362720336,37.5760807023146],[126.9999594565428,37.57577251862582],[126.99881077505651,37.576952187197264],[126.99808371133636,37.57656354557521],[126.99772697945762,37.57705395987236],[126.99716499188717,37.5769173058168],[126.99631321526653,37.580659942820525],[126.99751939054053,37.582009469039]]]}},{"type":"Feature","properties":{"legal_dong_code":"1111018300","sigungu_code":"11110","district":"종로구","legal_dong":"평창동","risk_score":41.84670559965282,"risk_level":"주의","data_confidence":"보통","market_risk_score":43.11191692806304,"building_risk_score":39.918221771259994,"district_context_score":40.0,"jeonse_ratio_pct":60.220885497738074,"high80_share_pct":2.5806451612903225,"sale_decline_pct":0.0,"sale_count":629.0,"jeonse_count":765.0,"matched_group_count":27.0,"nonapt_building_share_pct":18.64406779661017,"old20_share_pct":11.864406779661017,"official_total":34,"official_dong_evidence_count":0,"major_reasons":"최근 36개월 추정 전세가율 60.2% | 비아파트 건물 비중 18.6% | 종로구 공식 피해·보증사고 배경지표 상위","score_version":"seoul-dong-v1.0","score_scope":"서울 법정동 시장·건물구조 상대위험"},"geometry":{"type":"Polygon","coordinates":[[[126.9617325460401,37.60713827185958],[126.96247714948262,37.60771798721213],[126.96202869763096,37.61150623238917],[126.96468157220963,37.615862514578225],[126.96480751428456,37.61919505592719],[126.96653567369995,37.624264530346856],[126.96897711589014,37.6256384748196],[126.97048527921636,37.625519996872825],[126.97365581026546,37.62643149806054],[126.97496551383378,37.629025844982614],[126.97841861983044,37.62929009886263],[126.97952792608106,37.628892997159234],[126.98019012832098,37.62793326075385],[126.97960294673453,37.62637099940483],[126.9818477554761,37.62431463006395],[126.98365101769498,37.62115092787972],[126.9831636961309,37.61927405714744],[126.9837313390838,37.61777429082141],[126.98454753149893,37.61601705704905],[126.98658779114268,37.61398644944462],[126.98565841806857,37.611363553259515],[126.98586523735925,37.60946995145324],[126.98682175253865,37.608874669533584],[126.98609728216945,37.60739425445364],[126.98675599367765,37.606087049363445],[126.98666152697513,37.60400854274009],[126.98396292540916,37.603219397753726],[126.98286730571306,37.60212795913848],[126.9785217019672,37.60099248524588],[126.97719805036967,37.59864847381731],[126.97618447180123,37.59937756170951],[126.97279988818266,37.59995753356549],[126.97162015381787,37.60100958006354],[126.96904720300518,37.6006022144371],[126.96747508825413,37.601630423926785],[126.96630729309567,37.601210880898236],[126.96472042945358,37.60343344615547],[126.96316141842293,37.604051059987],[126.9617325460401,37.60713827185958]]]}},{"type":"Feature","properties":{"legal_dong_code":"1111018200","sigungu_code":"11110","district":"종로구","legal_dong":"구기동","risk_score":53.557365232446784,"risk_level":"주의","data_confidence":"보통","market_risk_score":57.4838758494928,"building_risk_score":52.268158891004404,"district_context_score":40.0,"jeonse_ratio_pct":63.29688663957646,"high80_share_pct":10.526315789473683,"sale_decline_pct":0.0,"sale_count":295.0,"jeonse_count":497.0,"matched_group_count":15.0,"nonapt_building_share_pct":35.294117647058826,"old20_share_pct":14.705882352941178,"official_total":34,"official_dong_evidence_count":0,"major_reasons":"비아파트 건물 비중 35.3% | 80% 이상 매칭 비중 10.5% | 최근 36개월 추정 전세가율 63.3%","score_version":"seoul-dong-v1.0","score_scope":"서울 법정동 시장·건물구조 상대위험"},"geometry":{"type":"Polygon","coordinates":[[[126.95398823810694,37.60475184019048],[126.95147745575451,37.608020872553745],[126.95062122934691,37.60836371748414],[126.9498287651319,37.61165624507289],[126.95073164969288,37.613528281653586],[126.95072415539804,37.61553794367444],[126.94988918442017,37.62090082977412],[126.94889796803085,37.62326274314904],[126.94900027133298,37.62433513465717],[126.95045372805139,37.62641800799871],[126.95641594666792,37.62823452293282],[126.95881364933368,37.629589270948024],[126.9637668991734,37.62979323842363],[126.9652281763369,37.630767961180496],[126.96823532782227,37.6307300336035],[126.97302950507132,37.632374808480314],[126.97538814577999,37.63173315501906],[126.97468086826186,37.6298054335985],[126.97496551383378,37.629025844982614],[126.97365581026546,37.62643149806054],[126.97048527921636,37.625519996872825],[126.96897711589014,37.6256384748196],[126.96598831138353,37.62359417309167],[126.96480751428456,37.61919505592719],[126.96468157220963,37.615862514578225],[126.96202869763096,37.61150623238917],[126.96253992483643,37.610409042756494],[126.96201000321692,37.60845766417353],[126.96241482948074,37.607605352822205],[126.96066356998827,37.606729185067806],[126.9596839515535,37.60560622687725],[126.95995803929642,37.60460152998],[126.95865604967105,37.604624670063025],[126.95834297026472,37.6035614864868],[126.95734149986026,37.60407380207698],[126.95570870133417,37.60358447758777],[126.95398823810694,37.60475184019048]]]}},{"type":"Feature","properties":{"legal_dong_code":"1111017500","sigungu_code":"11110","district":"종로구","legal_dong":"숭인동","risk_score":59.420793627333914,"risk_level":"높음","data_confidence":"보통","market_risk_score":75.21865963728118,"building_risk_score":33.158391379860824,"district_context_score":40.0,"jeonse_ratio_pct":85.96133727410928,"high80_share_pct":52.98651252408478,"sale_decline_pct":0.0,"sale_count":1595.0,"jeonse_count":2562.0,"matched_group_count":22.0,"nonapt_building_share_pct":4.545454545454546,"old20_share_pct":0.0,"official_total":34,"official_dong_evidence_count":0,"major_reasons":"최근 36개월 추정 전세가율 86.0% | 80% 이상 매칭 비중 53.0% | 종로구 공식 피해·보증사고 배경지표 상위","score_version":"seoul-dong-v1.0","score_scope":"서울 법정동 시장·건물구조 상대위험"},"geometry":{"type":"MultiPolygon","coordinates":[[[[127.0147333661062,37.58230370800694],[127.01673363753419,37.5816926976582],[127.01830027027319,37.57903270142846],[127.01769294216334,37.5781406021638],[127.01812103562375,37.57758897664906],[127.02148146145112,37.578854477749566],[127.02313623125265,37.578029792530316],[127.02336207552716,37.57189605518866],[127.0215276529506,37.571925491243775],[127.01902375156405,37.57101348576348],[127.01575238670368,37.571246371325174],[127.01542646859839,37.57956867542669],[127.0147333661062,37.58230370800694]]],[[[127.02327049196114,37.57802181215653],[127.02325618242816,37.57813788891439],[127.02328630829376,37.5779876348137],[127.02327049196114,37.57802181215653]]]]}},{"type":"Feature","properties":{"legal_dong_code":"1111016800","sigungu_code":"11110","district":"종로구","legal_dong":"동숭동","risk_score":60.80213077209677,"risk_level":"높음","data_confidence":"낮음","market_risk_score":81.51340175298012,"building_risk_score":23.57635888123479,"district_context_score":40.0,"jeonse_ratio_pct":81.21293338037738,"high80_share_pct":69.11764705882352,"sale_decline_pct":0.0,"sale_count":174.0,"jeonse_count":493.0,"matched_group_count":9.0,"nonapt_building_share_pct":0.0,"old20_share_pct":0.0,"official_total":34,"official_dong_evidence_count":0,"major_reasons":"80% 이상 매칭 비중 69.1% | 최근 36개월 추정 전세가율 81.2% | 종로구 공식 피해·보증사고 배경지표 상위","score_version":"seoul-dong-v1.0","score_scope":"서울 법정동 시장·건물구조 상대위험"},"geometry":{"type":"Polygon","coordinates":[[[127.0016617291077,37.58290161204244],[127.00393113387541,37.58455033760381],[127.00468091637472,37.58577212854666],[127.0068866041371,37.585488652857414],[127.00726541462188,37.58321050146248],[127.00675277502087,37.582336361622886],[127.00863808340011,37.580477969849134],[127.00805274230603,37.57919944080433],[127.00412690775846,37.578057276850174],[127.00415718362254,37.57754045212975],[127.00227624455393,37.577439559641675],[127.0016617291077,37.58290161204244]]]}},{"type":"Feature","properties":{"legal_dong_code":"1111014000","sigungu_code":"11110","district":"종로구","legal_dong":"삼청동","risk_score":25.65669499449888,"risk_level":"낮음","data_confidence":"낮음","market_risk_score":26.75107425877627,"building_risk_score":14.424201756932476,"district_context_score":40.0,"jeonse_ratio_pct":17.618364445997535,"high80_share_pct":0.0,"sale_decline_pct":null,"sale_count":42.0,"jeonse_count":69.0,"matched_group_count":1.0,"nonapt_building_share_pct":0.0,"old20_share_pct":0.0,"official_total":34,"official_dong_evidence_count":0,"major_reasons":"종로구 공식 피해·보증사고 배경지표 상위 | 80% 이상 매칭 비중 0.0% | 20년 이상 주거건물 비중 0.0%","score_version":"seoul-dong-v1.0","score_scope":"서울 법정동 시장·건물구조 상대위험"},"geometry":{"type":"Polygon","coordinates":[[[126.97358685652652,37.59327074628683],[126.97515134742349,37.59475725266631],[126.97503669350212,37.59573445235469],[126.97655582746289,37.59808984702784],[126.97796666772983,37.5977008669846],[126.9786608609378,37.59670957892294],[126.98155810792561,37.59532419287304],[126.9838876852597,37.59443869820268],[126.98544142760316,37.59447740110221],[126.98671393432518,37.59276431879577],[126.98910118093188,37.591425001185016],[126.98913413477992,37.59084923936009],[126.98606658049694,37.5885543302494],[126.98603547838646,37.5871325534436],[126.98370570701469,37.584953362581864],[126.98369470647833,37.5837962068755],[126.98285782973451,37.58329858917464],[126.98300062948749,37.58205553925418],[126.98215907434802,37.581661583192606],[126.9818165948303,37.583515016998845],[126.98092295666288,37.58371669431547],[126.98062689110084,37.5845548383919],[126.98029018009147,37.58385545116845],[126.97924610498121,37.583711821845675],[126.9790685235021,37.584854310251814],[126.97961383862513,37.585491517668515],[126.97909619148011,37.58731532136591],[126.97703681459497,37.588579057536926],[126.97637423568435,37.589690986055835],[126.97555960203762,37.5896807096733],[126.97358685652652,37.59327074628683]]]}},{"type":"Feature","properties":{"legal_dong_code":"1111018400","sigungu_code":"11110","district":"종로구","legal_dong":"부암동","risk_score":52.63978418034227,"risk_level":"주의","data_confidence":"보통","market_risk_score":63.38352636057529,"building_risk_score":34.43867345598838,"district_context_score":40.0,"jeonse_ratio_pct":69.73471312136624,"high80_share_pct":20.33898305084746,"sale_decline_pct":0.0,"sale_count":230.0,"jeonse_count":320.0,"matched_group_count":12.0,"nonapt_building_share_pct":15.625,"old20_share_pct":12.5,"official_total":34,"official_dong_evidence_count":0,"major_reasons":"최근 36개월 추정 전세가율 69.7% | 80% 이상 매칭 비중 20.3% | 종로구 공식 피해·보증사고 배경지표 상위","score_version":"seoul-dong-v1.0","score_scope":"서울 법정동 시장·건물구조 상대위험"},"geometry":{"type":"Polygon","coordinates":[[[126.96115763028341,37.59948465117376],[126.96334008265205,37.59896187889204],[126.96531820386755,37.5991118041408],[126.96480644034641,37.601863798519425],[126.96556451924016,37.60198500687762],[126.96630729309567,37.601210880898236],[126.96747508825413,37.601630423926785],[126.96904720300518,37.6006022144371],[126.97162015381787,37.60100958006354],[126.97279988818266,37.59995753356549],[126.97618447180123,37.59937756170951],[126.97719805036967,37.59864847381731],[126.97503669350212,37.59573445235469],[126.97515134742349,37.59475725266631],[126.97358685652652,37.59327074628683],[126.97079034395308,37.593876368803414],[126.96658817908691,37.59297199027564],[126.9660352870996,37.59155155841587],[126.96457583995846,37.59096966922497],[126.96419507538793,37.58905739828263],[126.96239162653988,37.58703475130348],[126.95918535390551,37.58609553903319],[126.95780920769289,37.5849819689873],[126.95752915259247,37.59350702067209],[126.9590459258643,37.5947815138051],[126.95871253028639,37.59637466642286],[126.95994136939177,37.59690923592114],[126.96041263800569,37.59887370749235],[126.96115763028341,37.59948465117376]]]}},{"type":"Feature","properties":{"legal_dong_code":"1111016900","sigungu_code":"11110","district":"종로구","legal_dong":"혜화동","risk_score":50.46527125332925,"risk_level":"주의","data_confidence":"낮음","market_risk_score":57.28059090061397,"building_risk_score":40.38766685184349,"district_context_score":40.0,"jeonse_ratio_pct":69.6875484971668,"high80_share_pct":0.0,"sale_decline_pct":4.256894155515818,"sale_count":128.0,"jeonse_count":356.0,"matched_group_count":6.0,"nonapt_building_share_pct":37.5,"old20_share_pct":0.0,"official_total":34,"official_dong_evidence_count":0,"major_reasons":"최근 매매 단가 하락 신호 4.3% | 최근 36개월 추정 전세가율 69.7% | 비아파트 건물 비중 37.5%","score_version":"seoul-dong-v1.0","score_scope":"서울 법정동 시장·건물구조 상대위험"},"geometry":{"type":"Polygon","coordinates":[[[127.00095307427256,37.59230095961946],[127.00221643419869,37.58917216303498],[127.00437948440614,37.58726483488247],[127.00598503726196,37.58698077645612],[127.00672104178071,37.58608451806612],[127.00626177879849,37.58533528680973],[127.00468091637472,37.58577212854666],[127.00342813577971,37.58410949445979],[127.00170583794038,37.58316830383499],[126.99796587387361,37.59163470144083],[126.9980624212399,37.592400955679466],[127.00095307427256,37.59230095961946]]]}},{"type":"Feature","properties":{"legal_dong_code":"1111018600","sigungu_code":"11110","district":"종로구","legal_dong":"신영동","risk_score":61.24034167816849,"risk_level":"높음","data_confidence":"낮음","market_risk_score":73.44763670317124,"building_risk_score":44.68703862506299,"district_context_score":40.0,"jeonse_ratio_pct":77.17014341543032,"high80_share_pct":50.0,"sale_decline_pct":0.0,"sale_count":184.0,"jeonse_count":459.0,"matched_group_count":8.0,"nonapt_building_share_pct":23.076923076923077,"old20_share_pct":0.0,"official_total":34,"official_dong_evidence_count":0,"major_reasons":"80% 이상 매칭 비중 50.0% | 최근 36개월 추정 전세가율 77.2% | 비아파트 건물 비중 23.1%","score_version":"seoul-dong-v1.0","score_scope":"서울 법정동 시장·건물구조 상대위험"},"geometry":{"type":"Polygon","coordinates":[[[126.9617325460401,37.60713827185958],[126.96316141842293,37.604051059987],[126.96472042945358,37.60343344615547],[126.96547763869158,37.601939318559594],[126.96480644034641,37.601863798519425],[126.96547981974273,37.60016447248613],[126.96493262131337,37.59900712611856],[126.96132676039578,37.59938644763788],[126.95822411088939,37.60207137945158],[126.95860907447789,37.604585910741974],[126.95995803929642,37.60460152998],[126.95970144095577,37.605639803681214],[126.9617325460401,37.60713827185958]]]}},{"type":"Feature","properties":{"legal_dong_code":"1114016500","sigungu_code":"11140","district":"중구","legal_dong":"황학동","risk_score":59.54669633330146,"risk_level":"높음","data_confidence":"낮음","market_risk_score":80.93077717229642,"building_risk_score":33.15292011969444,"district_context_score":18.0,"jeonse_ratio_pct":77.49916556860326,"high80_share_pct":55.19765739385066,"sale_decline_pct":9.998223789350536,"sale_count":1461.0,"jeonse_count":3834.0,"matched_group_count":24.0,"nonapt_building_share_pct":0.0,"old20_share_pct":0.0,"official_total":19,"official_dong_evidence_count":0,"major_reasons":"최근 매매 단가 하락 신호 10.0% | 80% 이상 매칭 비중 55.2% | 최근 36개월 추정 전세가율 77.5%","score_version":"seoul-dong-v1.0","score_scope":"서울 법정동 시장·건물구조 상대위험"},"geometry":{"type":"Polygon","coordinates":[[[127.02339321843685,37.57190401415392],[127.02342532570914,37.56515535420882],[127.01809159888697,37.56556891222325],[127.01736267539876,37.57008444143214],[127.02075417787997,37.571715158076714],[127.02339321843685,37.57190401415392]]]}},{"type":"Feature","properties":{"legal_dong_code":"1114015600","sigungu_code":"11140","district":"중구","legal_dong":"입정동","risk_score":36.308287231518804,"risk_level":"주의","data_confidence":"낮음","market_risk_score":40.578408769162316,"building_risk_score":37.04496788008566,"district_context_score":18.0,"jeonse_ratio_pct":61.79543037464798,"high80_share_pct":3.6363636363636362,"sale_decline_pct":null,"sale_count":62.0,"jeonse_count":302.0,"matched_group_count":3.0,"nonapt_building_share_pct":null,"old20_share_pct":null,"official_total":19,"official_dong_evidence_count":0,"major_reasons":"최근 36개월 추정 전세가율 61.8% | 80% 이상 매칭 비중 3.6% | 중구 공식 피해·보증사고 배경지표 상위","score_version":"seoul-dong-v1.0","score_scope":"서울 법정동 시장·건물구조 상대위험"},"geometry":{"type":"Polygon","coordinates":[[[126.99088420704945,37.5682029605041],[126.9945874154449,37.56851408593845],[126.99453984629183,37.56699881896603],[126.99315095425132,37.567563765564266],[126.99132904191808,37.56718600012716],[126.99088420704945,37.5682029605041]]]}},{"type":"Feature","properties":{"legal_dong_code":"1114014300","sigungu_code":"11140","district":"중구","legal_dong":"장충동1가","risk_score":34.68451082117046,"risk_level":"낮음","data_confidence":"낮음","market_risk_score":45.82007880204123,"building_risk_score":17.969854159782898,"district_context_score":18.0,"jeonse_ratio_pct":61.964736756337544,"high80_share_pct":0.0,"sale_decline_pct":0.0,"sale_count":98.0,"jeonse_count":211.0,"matched_group_count":8.0,"nonapt_building_share_pct":0.0,"old20_share_pct":0.0,"official_total":19,"official_dong_evidence_count":0,"major_reasons":"최근 36개월 추정 전세가율 62.0% | 최근 매매 단가 하락 신호 0.0% | 중구 공식 피해·보증사고 배경지표 상위","score_version":"seoul-dong-v1.0","score_scope":"서울 법정동 시장·건물구조 상대위험"},"geometry":{"type":"Polygon","coordinates":[[[127.00701571693007,37.563914245318735],[127.00778524755293,37.56264416383355],[127.00971199528132,37.563003828818466],[127.00924809636246,37.56077845270248],[127.00979258940697,37.560305621587034],[127.00823275667909,37.55815826580746],[127.00589034302863,37.55972671052265],[127.00547545038225,37.55905802867198],[127.00616531570131,37.563079794848306],[127.00701571693007,37.563914245318735]]]}},{"type":"Feature","properties":{"legal_dong_code":"1114014400","sigungu_code":"11140","district":"중구","legal_dong":"장충동2가","risk_score":38.04080675626623,"risk_level":"주의","data_confidence":"낮음","market_risk_score":50.7505911002283,"building_risk_score":19.56180838451699,"district_context_score":18.0,"jeonse_ratio_pct":60.92498824465758,"high80_share_pct":0.0,"sale_decline_pct":34.81853676364127,"sale_count":108.0,"jeonse_count":359.0,"matched_group_count":4.0,"nonapt_building_share_pct":0.0,"old20_share_pct":0.0,"official_total":19,"official_dong_evidence_count":0,"major_reasons":"최근 매매 단가 하락 신호 34.8% | 최근 36개월 추정 전세가율 60.9% | 중구 공식 피해·보증사고 배경지표 상위","score_version":"seoul-dong-v1.0","score_scope":"서울 법정동 시장·건물구조 상대위험"},"geometry":{"type":"Polygon","coordinates":[[[127.0027369083803,37.56328370174252],[127.00249613170571,37.562437531061626],[127.00600933822352,37.56234825177825],[127.00547545038225,37.55905802867198],[127.00589034302863,37.55972671052265],[127.00826422137278,37.55817620272132],[127.00819663324913,37.55704513987759],[127.00447826869451,37.55377625576711],[127.00436293536526,37.55015399638965],[127.00283116633847,37.54962815089673],[127.00168244319045,37.55005175003809],[126.99832671896397,37.54969280623582],[126.9967766087812,37.54851578034164],[126.99636796389466,37.54744790824051],[126.99480719989292,37.54732168204288],[126.99238395840872,37.55007193947935],[126.99493226960064,37.552665917627095],[126.99555329520805,37.5550343933136],[126.99655896526134,37.553968712372665],[126.99601752728128,37.55594050568467],[126.99661883423487,37.556359438514924],[126.99649325470176,37.55756712924491],[126.99750125545735,37.557953214973786],[126.99716768111243,37.55851556495145],[126.99877686184989,37.55803065551829],[126.99783313659202,37.55926772479195],[126.99884311096099,37.55878467736515],[126.99902214553785,37.55915042904231],[126.99797490460831,37.56044193476219],[126.99853061432098,37.560259472732206],[126.99926003938559,37.56086203464097],[127.00124135983211,37.56003207342673],[127.00231938528097,37.56033808311172],[127.00238605000948,37.56146991453173],[127.00106258356516,37.56158426139113],[127.00120175768754,37.5628686940214],[127.0027369083803,37.56328370174252]]]}},{"type":"Feature","properties":{"legal_dong_code":"1114016000","sigungu_code":"11140","district":"중구","legal_dong":"인현동1가","risk_score":33.859269141475764,"risk_level":"낮음","data_confidence":"낮음","market_risk_score":43.39378238341969,"building_risk_score":20.491998845695786,"district_context_score":18.0,"jeonse_ratio_pct":null,"high80_share_pct":null,"sale_decline_pct":null,"sale_count":7.0,"jeonse_count":0.0,"matched_group_count":null,"nonapt_building_share_pct":0.0,"old20_share_pct":0.0,"official_total":19,"official_dong_evidence_count":0,"major_reasons":"중구 공식 피해·보증사고 배경지표 상위 | 20년 이상 주거건물 비중 0.0% | 비아파트 건물 비중 0.0%","score_version":"seoul-dong-v1.0","score_scope":"서울 법정동 시장·건물구조 상대위험"},"geometry":{"type":"Polygon","coordinates":[[[126.99477677790726,37.56609186164286],[126.99603302533447,37.56575821852667],[126.9958781143314,37.565332548135366],[126.9949734963403,37.56496449260256],[126.99442900698912,37.562977185938145],[126.99309245334514,37.56307616186926],[126.9933462574062,37.565042065426084],[126.99477677790726,37.56609186164286]],[[126.99361103219715,37.56496747257647],[126.99355351975123,37.56498828155116],[126.99354738583334,37.56498067679202],[126.99361103219715,37.56496747257647]],[[126.99367927504092,37.564943600924785],[126.9936518375854,37.564952879284235],[126.99367480478587,37.564937654101996],[126.99367927504092,37.564943600924785]]]}},{"type":"Feature","properties":{"legal_dong_code":"1114010500","sigungu_code":"11140","district":"중구","legal_dong":"을지로2가","risk_score":31.680594911850527,"risk_level":"낮음","data_confidence":"낮음","market_risk_score":43.39378238341969,"building_risk_score":11.777301927194861,"district_context_score":18.0,"jeonse_ratio_pct":null,"high80_share_pct":null,"sale_decline_pct":null,"sale_count":16.0,"jeonse_count":0.0,"matched_group_count":null,"nonapt_building_share_pct":null,"old20_share_pct":null,"official_total":19,"official_dong_evidence_count":0,"major_reasons":"중구 공식 피해·보증사고 배경지표 상위","score_version":"seoul-dong-v1.0","score_scope":"서울 법정동 시장·건물구조 상대위험"},"geometry":{"type":"Polygon","coordinates":[[[126.98269123684045,37.56440274887293],[126.9831067840368,37.56671781467829],[126.98967796916196,37.5667657782422],[126.9898081301114,37.565509155415434],[126.9891042675273,37.56560847156671],[126.98914811844213,37.56525435157363],[126.98777155436701,37.565209960776464],[126.98778190388468,37.565803497283305],[126.98653059839926,37.564954712825866],[126.98532454925393,37.565260916768786],[126.98434921709593,37.56450973274808],[126.98269123684045,37.56440274887293]]]}},{"type":"Feature","properties":{"legal_dong_code":"1114013500","sigungu_code":"11140","district":"중구","legal_dong":"예관동","risk_score":30.438436830835112,"risk_level":"자료 부족","data_confidence":"자료 부족","market_risk_score":null,"building_risk_score":37.901498929336185,"district_context_score":18.0,"jeonse_ratio_pct":null,"high80_share_pct":null,"sale_decline_pct":null,"sale_count":null,"jeonse_count":null,"matched_group_count":null,"nonapt_building_share_pct":null,"old20_share_pct":null,"official_total":19,"official_dong_evidence_count":0,"major_reasons":"중구 공식 피해·보증사고 배경지표 상위","score_version":"seoul-dong-v1.0","score_scope":"서울 법정동 시장·건물구조 상대위험"},"geometry":{"type":"Polygon","coordinates":[[[126.99688357294248,37.56307979531292],[126.9975878321694,37.564260684032654],[126.99718236209925,37.56453712024908],[126.99816380048114,37.56502004617136],[126.9978079756112,37.56568791142704],[126.99909786677772,37.56563920143266],[126.99915364661562,37.5631051803956],[126.99854823989769,37.563022726218364],[126.99857982753637,37.56220872837657],[126.99826357490319,37.563455409689105],[126.99688357294248,37.56307979531292]],[[126.99873078602423,37.56445724024235],[126.99860089715624,37.56436857079069],[126.99884776636125,37.56438605581695],[126.99873078602423,37.56445724024235]]]}},{"type":"Feature","properties":{"legal_dong_code":"1114013200","sigungu_code":"11140","district":"중구","legal_dong":"충무로4가","risk_score":30.015519768773775,"risk_level":"낮음","data_confidence":"낮음","market_risk_score":24.73714394010476,"building_risk_score":49.892933618843685,"district_context_score":18.0,"jeonse_ratio_pct":53.66420416515492,"high80_share_pct":0.0,"sale_decline_pct":null,"sale_count":88.0,"jeonse_count":141.0,"matched_group_count":6.0,"nonapt_building_share_pct":null,"old20_share_pct":null,"official_total":19,"official_dong_evidence_count":0,"major_reasons":"최근 36개월 추정 전세가율 53.7% | 중구 공식 피해·보증사고 배경지표 상위 | 80% 이상 매칭 비중 0.0%","score_version":"seoul-dong-v1.0","score_scope":"서울 법정동 시장·건물구조 상대위험"},"geometry":{"type":"Polygon","coordinates":[[[126.99370929858088,37.561737451512265],[126.99352879982955,37.56307961596076],[126.99556398260067,37.562523078040705],[126.99590880329261,37.563016683789755],[126.99848334020841,37.563302860082906],[126.99776123889995,37.561884511224285],[126.99640076812629,37.56186175516541],[126.99623179201465,37.561473178074785],[126.99597308586024,37.56187426861401],[126.99595792719276,37.56116088259284],[126.99370929858088,37.561737451512265]]]}},{"type":"Feature","properties":{"legal_dong_code":"1114010700","sigungu_code":"11140","district":"중구","legal_dong":"삼각동","risk_score":8.690578158458242,"risk_level":"자료 부족","data_confidence":"자료 부족","market_risk_score":null,"building_risk_score":3.1049250535331905,"district_context_score":18.0,"jeonse_ratio_pct":null,"high80_share_pct":null,"sale_decline_pct":null,"sale_count":null,"jeonse_count":null,"matched_group_count":null,"nonapt_building_share_pct":null,"old20_share_pct":null,"official_total":19,"official_dong_evidence_count":0,"major_reasons":"중구 공식 피해·보증사고 배경지표 상위","score_version":"seoul-dong-v1.0","score_scope":"서울 법정동 시장·건물구조 상대위험"},"geometry":{"type":"Polygon","coordinates":[[[126.98315598458026,37.56696029635693],[126.98310851095442,37.567519559497285],[126.98373669468762,37.567670751525164],[126.98313625044082,37.56785646137847],[126.98319434372053,37.5689047521957],[126.98647560339587,37.56826356810752],[126.98315598458026,37.56696029635693]]]}},{"type":"Feature","properties":{"legal_dong_code":"1114010600","sigungu_code":"11140","district":"중구","legal_dong":"남대문로1가","risk_score":8.690578158458242,"risk_level":"자료 부족","data_confidence":"자료 부족","market_risk_score":null,"building_risk_score":3.1049250535331905,"district_context_score":18.0,"jeonse_ratio_pct":null,"high80_share_pct":null,"sale_decline_pct":null,"sale_count":null,"jeonse_count":null,"matched_group_count":null,"nonapt_building_share_pct":null,"old20_share_pct":null,"official_total":19,"official_dong_evidence_count":0,"major_reasons":"중구 공식 피해·보증사고 배경지표 상위","score_version":"seoul-dong-v1.0","score_scope":"서울 법정동 시장·건물구조 상대위험"},"geometry":{"type":"Polygon","coordinates":[[[126.98308872716903,37.56650085382956],[126.98245756955761,37.56615949520059],[126.98257951762741,37.56902629757964],[126.98319434372053,37.5689047521957],[126.98313625044082,37.56785646137847],[126.98373669468762,37.567670751525164],[126.98310851095442,37.567519559497285],[126.98308872716903,37.56650085382956]]]}},{"type":"Feature","properties":{"legal_dong_code":"1114013700","sigungu_code":"11140","district":"중구","legal_dong":"필동1가","risk_score":67.04317355144889,"risk_level":"높음","data_confidence":"낮음","market_risk_score":88.2343399305019,"building_risk_score":45.610278372591004,"district_context_score":18.0,"jeonse_ratio_pct":93.19021515450261,"high80_share_pct":100.0,"sale_decline_pct":null,"sale_count":15.0,"jeonse_count":36.0,"matched_group_count":2.0,"nonapt_building_share_pct":null,"old20_share_pct":null,"official_total":19,"official_dong_evidence_count":0,"major_reasons":"80% 이상 매칭 비중 100.0% | 최근 36개월 추정 전세가율 93.2% | 중구 공식 피해·보증사고 배경지표 상위","score_version":"seoul-dong-v1.0","score_scope":"서울 법정동 시장·건물구조 상대위험"},"geometry":{"type":"Polygon","coordinates":[[[126.99123360109232,37.560261315082535],[126.99149085512663,37.56214514375274],[126.99233674896146,37.562319004366664],[126.99273123902907,37.56171827279187],[126.99358537893504,37.56213362623756],[126.9932659573857,37.560163528049884],[126.99123360109232,37.560261315082535]]]}},{"type":"Feature","properties":{"legal_dong_code":"1114014000","sigungu_code":"11140","district":"중구","legal_dong":"남학동","risk_score":58.40952890792291,"risk_level":"높음","data_confidence":"낮음","market_risk_score":null,"building_risk_score":82.65524625267666,"district_context_score":18.0,"jeonse_ratio_pct":null,"high80_share_pct":null,"sale_decline_pct":null,"sale_count":1.0,"jeonse_count":0.0,"matched_group_count":null,"nonapt_building_share_pct":null,"old20_share_pct":null,"official_total":19,"official_dong_evidence_count":0,"major_reasons":"중구 공식 피해·보증사고 배경지표 상위","score_version":"seoul-dong-v1.0","score_scope":"서울 법정동 시장·건물구조 상대위험"},"geometry":{"type":"Polygon","coordinates":[[[126.99163177907194,37.56111471221762],[126.99015264029363,37.559914929668054],[126.99052186034208,37.561177286883705],[126.99163177907194,37.56111471221762]]]}},{"type":"Feature","properties":{"legal_dong_code":"1114010900","sigungu_code":"11140","district":"중구","legal_dong":"장교동","risk_score":8.690578158458242,"risk_level":"자료 부족","data_confidence":"자료 부족","market_risk_score":null,"building_risk_score":3.1049250535331905,"district_context_score":18.0,"jeonse_ratio_pct":null,"high80_share_pct":null,"sale_decline_pct":null,"sale_count":null,"jeonse_count":null,"matched_group_count":null,"nonapt_building_share_pct":null,"old20_share_pct":null,"official_total":19,"official_dong_evidence_count":0,"major_reasons":"중구 공식 피해·보증사고 배경지표 상위","score_version":"seoul-dong-v1.0","score_scope":"서울 법정동 시장·건물구조 상대위험"},"geometry":{"type":"Polygon","coordinates":[[[126.98568849255518,37.56793109963052],[126.98819497607418,37.5681351045228],[126.98839679465259,37.566727350795276],[126.98568477059186,37.56679846662552],[126.98568849255518,37.56793109963052]]]}},{"type":"Feature","properties":{"legal_dong_code":"1114016100","sigungu_code":"11140","district":"중구","legal_dong":"저동2가","risk_score":55.50581443442451,"risk_level":"높음","data_confidence":"낮음","market_risk_score":81.97916604831543,"building_risk_score":14.473259221740985,"district_context_score":18.0,"jeonse_ratio_pct":91.67621156124571,"high80_share_pct":100.0,"sale_decline_pct":0.0,"sale_count":26.0,"jeonse_count":92.0,"matched_group_count":2.0,"nonapt_building_share_pct":0.0,"old20_share_pct":0.0,"official_total":19,"official_dong_evidence_count":0,"major_reasons":"80% 이상 매칭 비중 100.0% | 최근 36개월 추정 전세가율 91.7% | 최근 매매 단가 하락 신호 0.0%","score_version":"seoul-dong-v1.0","score_scope":"서울 법정동 시장·건물구조 상대위험"},"geometry":{"type":"Polygon","coordinates":[[[126.9909596714976,37.565399514580754],[126.99061250961614,37.56434359625266],[126.99125161678154,37.563249204264025],[126.9894095485914,37.56286722659501],[126.98877958925941,37.563342765398325],[126.98860542898947,37.56526465483766],[126.98952623289756,37.56574196961965],[126.9909596714976,37.565399514580754]]]}},{"type":"Feature","properties":{"legal_dong_code":"1114013400","sigungu_code":"11140","district":"중구","legal_dong":"인현동2가","risk_score":36.78136559622941,"risk_level":"주의","data_confidence":"낮음","market_risk_score":41.06107188526658,"building_risk_score":37.77888986027786,"district_context_score":18.0,"jeonse_ratio_pct":67.44118758916781,"high80_share_pct":0.0,"sale_decline_pct":null,"sale_count":65.0,"jeonse_count":224.0,"matched_group_count":3.0,"nonapt_building_share_pct":0.0,"old20_share_pct":0.0,"official_total":19,"official_dong_evidence_count":0,"major_reasons":"최근 36개월 추정 전세가율 67.4% | 중구 공식 피해·보증사고 배경지표 상위 | 80% 이상 매칭 비중 0.0%","score_version":"seoul-dong-v1.0","score_scope":"서울 법정동 시장·건물구조 상대위험"},"geometry":{"type":"Polygon","coordinates":[[[126.99795819191301,37.565828947805706],[126.9967875819362,37.56289562933887],[126.99590880329261,37.563016683789755],[126.99556398260067,37.562523078040705],[126.99433147543829,37.56298811804904],[126.9949734963403,37.56496449260256],[126.99603302533447,37.56575821852667],[126.99667285263158,37.56543965692514],[126.99795819191301,37.565828947805706]]]}},{"type":"Feature","properties":{"legal_dong_code":"1114012600","sigungu_code":"11140","district":"중구","legal_dong":"명동1가","risk_score":16.385974304068522,"risk_level":"자료 부족","data_confidence":"자료 부족","market_risk_score":null,"building_risk_score":15.417558886509637,"district_context_score":18.0,"jeonse_ratio_pct":null,"high80_share_pct":null,"sale_decline_pct":null,"sale_count":null,"jeonse_count":null,"matched_group_count":null,"nonapt_building_share_pct":null,"old20_share_pct":null,"official_total":19,"official_dong_evidence_count":0,"major_reasons":"중구 공식 피해·보증사고 배경지표 상위","score_version":"seoul-dong-v1.0","score_scope":"서울 법정동 시장·건물구조 상대위험"},"geometry":{"type":"Polygon","coordinates":[[[126.9852726729771,37.56485565391466],[126.98532454925393,37.565260916768786],[126.98653059839926,37.564954712825866],[126.9864870507316,37.56424573720958],[126.98237455691692,37.56368278079297],[126.98269123684045,37.56440274887293],[126.9852726729771,37.56485565391466]]]}},{"type":"Feature","properties":{"legal_dong_code":"1114013100","sigungu_code":"11140","district":"중구","legal_dong":"저동1가","risk_score":19.24259815751187,"risk_level":"낮음","data_confidence":"낮음","market_risk_score":null,"building_risk_score":19.988157052018998,"district_context_score":18.0,"jeonse_ratio_pct":null,"high80_share_pct":null,"sale_decline_pct":null,"sale_count":null,"jeonse_count":null,"matched_group_count":null,"nonapt_building_share_pct":0.0,"old20_share_pct":0.0,"official_total":19,"official_dong_evidence_count":0,"major_reasons":"중구 공식 피해·보증사고 배경지표 상위 | 20년 이상 주거건물 비중 0.0% | 비아파트 건물 비중 0.0%","score_version":"seoul-dong-v1.0","score_scope":"서울 법정동 시장·건물구조 상대위험"},"geometry":{"type":"Polygon","coordinates":[[[126.98854345667318,37.565277793468915],[126.98928288638974,37.562926480598996],[126.98901824473882,37.56269579966965],[126.9872522073313,37.563779525332365],[126.98705646836726,37.56458254390009],[126.9864870507316,37.56424573720958],[126.98740056213725,37.56568208012037],[126.98854345667318,37.565277793468915]]]}},{"type":"Feature","properties":{"legal_dong_code":"1114016900","sigungu_code":"11140","district":"중구","legal_dong":"의주로1가","risk_score":66.9406375953802,"risk_level":"높음","data_confidence":"낮음","market_risk_score":83.1562375340562,"building_risk_score":57.387580299785874,"district_context_score":18.0,"jeonse_ratio_pct":81.98155565880613,"high80_share_pct":66.66666666666666,"sale_decline_pct":0.0,"sale_count":93.0,"jeonse_count":60.0,"matched_group_count":5.0,"nonapt_building_share_pct":null,"old20_share_pct":null,"official_total":19,"official_dong_evidence_count":0,"major_reasons":"80% 이상 매칭 비중 66.7% | 최근 36개월 추정 전세가율 82.0% | 최근 매매 단가 하락 신호 0.0%","score_version":"seoul-dong-v1.0","score_scope":"서울 법정동 시장·건물구조 상대위험"},"geometry":{"type":"MultiPolygon","coordinates":[[[[126.96810650362585,37.56152916057638],[126.9694631107558,37.561976364254264],[126.96883854549381,37.563122674638244],[126.96949111986571,37.563253758146416],[126.96996989619204,37.56208290757459],[126.96810650362585,37.56152916057638]]],[[[126.96790174821827,37.565606789187086],[126.96856568998403,37.564979176459715],[126.9686579751072,37.5633725768875],[126.96698035263653,37.5655122888501],[126.96790174821827,37.565606789187086]]]]}},{"type":"Feature","properties":{"legal_dong_code":"1114017200","sigungu_code":"11140","district":"중구","legal_dong":"의주로2가","risk_score":8.690578158458242,"risk_level":"자료 부족","data_confidence":"자료 부족","market_risk_score":null,"building_risk_score":3.1049250535331905,"district_context_score":18.0,"jeonse_ratio_pct":null,"high80_share_pct":null,"sale_decline_pct":null,"sale_count":null,"jeonse_count":null,"matched_group_count":null,"nonapt_building_share_pct":null,"old20_share_pct":null,"official_total":19,"official_dong_evidence_count":0,"major_reasons":"중구 공식 피해·보증사고 배경지표 상위","score_version":"seoul-dong-v1.0","score_scope":"서울 법정동 시장·건물구조 상대위험"},"geometry":{"type":"Polygon","coordinates":[[[126.96996989619204,37.56208290757459],[126.97087955831297,37.55936597037457],[126.96948268265471,37.559247218621856],[126.96950526662833,37.56034681038051],[126.96841109445738,37.56074424141564],[126.96810650362585,37.56152916057638],[126.96996989619204,37.56208290757459]]]}},{"type":"Feature","properties":{"legal_dong_code":"1114012200","sigungu_code":"11140","district":"중구","legal_dong":"회현동2가","risk_score":40.39747514967315,"risk_level":"주의","data_confidence":"낮음","market_risk_score":42.486512829755036,"building_risk_score":48.82226980728051,"district_context_score":18.0,"jeonse_ratio_pct":66.53856114712532,"high80_share_pct":0.0,"sale_decline_pct":null,"sale_count":41.0,"jeonse_count":52.0,"matched_group_count":4.0,"nonapt_building_share_pct":null,"old20_share_pct":null,"official_total":19,"official_dong_evidence_count":0,"major_reasons":"최근 36개월 추정 전세가율 66.5% | 중구 공식 피해·보증사고 배경지표 상위 | 80% 이상 매칭 비중 0.0%","score_version":"seoul-dong-v1.0","score_scope":"서울 법정동 시장·건물구조 상대위험"},"geometry":{"type":"Polygon","coordinates":[[[126.9831794965945,37.55632901408979],[126.98126450774795,37.56004394157753],[126.98339173615925,37.5607011807046],[126.98424489909195,37.55737614315601],[126.9831794965945,37.55632901408979]]]}},{"type":"Feature","properties":{"legal_dong_code":"1114012800","sigungu_code":"11140","district":"중구","legal_dong":"남산동1가","risk_score":65.27428300302628,"risk_level":"높음","data_confidence":"낮음","market_risk_score":91.91542288557213,"building_risk_score":29.700117086732035,"district_context_score":18.0,"jeonse_ratio_pct":null,"high80_share_pct":null,"sale_decline_pct":null,"sale_count":2.0,"jeonse_count":6.0,"matched_group_count":null,"nonapt_building_share_pct":0.0,"old20_share_pct":0.0,"official_total":19,"official_dong_evidence_count":0,"major_reasons":"중구 공식 피해·보증사고 배경지표 상위 | 20년 이상 주거건물 비중 0.0% | 비아파트 건물 비중 0.0%","score_version":"seoul-dong-v1.0","score_scope":"서울 법정동 시장·건물구조 상대위험"},"geometry":{"type":"Polygon","coordinates":[[[126.98523998042832,37.56086940341429],[126.98450882657174,37.55851009520135],[126.98443633125245,37.5574925879121],[126.9838121904148,37.55931211688226],[126.98523998042832,37.56086940341429]]]}},{"type":"Feature","properties":{"legal_dong_code":"1114013000","sigungu_code":"11140","district":"중구","legal_dong":"남산동3가","risk_score":20.820721632888144,"risk_level":"낮음","data_confidence":"낮음","market_risk_score":null,"building_risk_score":22.513154612621033,"district_context_score":18.0,"jeonse_ratio_pct":null,"high80_share_pct":null,"sale_decline_pct":null,"sale_count":null,"jeonse_count":null,"matched_group_count":null,"nonapt_building_share_pct":0.0,"old20_share_pct":0.0,"official_total":19,"official_dong_evidence_count":0,"major_reasons":"중구 공식 피해·보증사고 배경지표 상위 | 20년 이상 주거건물 비중 0.0% | 비아파트 건물 비중 0.0%","score_version":"seoul-dong-v1.0","score_scope":"서울 법정동 시장·건물구조 상대위험"},"geometry":{"type":"Polygon","coordinates":[[[126.98659750450301,37.55927212835932],[126.98755466667362,37.559803730186474],[126.98631053491778,37.56091766799741],[126.98823944334693,37.561152545344996],[126.988052312429,37.559376854072944],[126.98734266027195,37.55884495284944],[126.98659750450301,37.55927212835932]]]}},{"type":"Feature","properties":{"legal_dong_code":"1114015800","sigungu_code":"11140","district":"중구","legal_dong":"충무로3가","risk_score":56.16244348361079,"risk_level":"높음","data_confidence":"낮음","market_risk_score":81.76236388029376,"building_risk_score":17.620100621738107,"district_context_score":18.0,"jeonse_ratio_pct":90.94115950234813,"high80_share_pct":100.0,"sale_decline_pct":0.0,"sale_count":42.0,"jeonse_count":79.0,"matched_group_count":2.0,"nonapt_building_share_pct":0.0,"old20_share_pct":0.0,"official_total":19,"official_dong_evidence_count":0,"major_reasons":"80% 이상 매칭 비중 100.0% | 최근 36개월 추정 전세가율 90.9% | 최근 매매 단가 하락 신호 0.0%","score_version":"seoul-dong-v1.0","score_scope":"서울 법정동 시장·건물구조 상대위험"},"geometry":{"type":"Polygon","coordinates":[[[126.99277976569799,37.563414856957394],[126.99351079069982,37.56298842563744],[126.99358537893504,37.56213362623756],[126.99273123902907,37.56171827279187],[126.99233674896146,37.562319004366664],[126.99149085512663,37.56214514375274],[126.99163177907194,37.56111471221762],[126.99061297909878,37.56112259627113],[126.99028695854685,37.563175947122154],[126.99277976569799,37.563414856957394]]]}},{"type":"Feature","properties":{"legal_dong_code":"1114013300","sigungu_code":"11140","district":"중구","legal_dong":"충무로5가","risk_score":59.569703705306566,"risk_level":"높음","data_confidence":"낮음","market_risk_score":81.39954186430465,"building_risk_score":32.11991434689507,"district_context_score":18.0,"jeonse_ratio_pct":88.89546537577476,"high80_share_pct":89.74358974358975,"sale_decline_pct":2.19876868953387,"sale_count":134.0,"jeonse_count":186.0,"matched_group_count":6.0,"nonapt_building_share_pct":null,"old20_share_pct":null,"official_total":19,"official_dong_evidence_count":0,"major_reasons":"80% 이상 매칭 비중 89.7% | 최근 36개월 추정 전세가율 88.9% | 최근 매매 단가 하락 신호 2.2%","score_version":"seoul-dong-v1.0","score_scope":"서울 법정동 시장·건물구조 상대위험"},"geometry":{"type":"Polygon","coordinates":[[[127.00171473187957,37.56409154358526],[127.00180129206086,37.56300807711908],[126.99897098264636,37.562331145854856],[126.99843098292713,37.56106526105884],[126.99734189567914,37.56153768834518],[126.99802331451073,37.56256230641326],[126.99853011843635,37.56275736645408],[126.99857982753637,37.56220872837657],[126.9988866847528,37.56231151145177],[126.99854823989769,37.563022726218364],[126.99915364661562,37.5631051803956],[126.9990869663513,37.563911284886],[127.00171473187957,37.56409154358526]]]}},{"type":"Feature","properties":{"legal_dong_code":"1114015900","sigungu_code":"11140","district":"중구","legal_dong":"초동","risk_score":17.322805139186297,"risk_level":"자료 부족","data_confidence":"자료 부족","market_risk_score":null,"building_risk_score":16.916488222698074,"district_context_score":18.0,"jeonse_ratio_pct":null,"high80_share_pct":null,"sale_decline_pct":null,"sale_count":null,"jeonse_count":null,"matched_group_count":null,"nonapt_building_share_pct":null,"old20_share_pct":null,"official_total":19,"official_dong_evidence_count":0,"major_reasons":"중구 공식 피해·보증사고 배경지표 상위","score_version":"seoul-dong-v1.0","score_scope":"서울 법정동 시장·건물구조 상대위험"},"geometry":{"type":"MultiPolygon","coordinates":[[[[126.99217890594332,37.56511577884433],[126.99391545744743,37.5659901237451],[126.99404137559424,37.5653499162742],[126.9933462574062,37.565042065426084],[126.9930349060206,37.56431451301908],[126.99316392877985,37.56338244015107],[126.99124591672432,37.56329938885701],[126.99061250961614,37.56434359625266],[126.99103962115615,37.56544222856778],[126.99217890594332,37.56511577884433]]],[[[126.99354738583334,37.56498067679202],[126.99355351975123,37.56498828155116],[126.99361103219715,37.56496747257647],[126.99354738583334,37.56498067679202]]],[[[126.9936518375854,37.564952879284235],[126.99367927504092,37.564943600924785],[126.99367480478587,37.564937654101996],[126.9936518375854,37.564952879284235]]]]}},{"type":"Feature","properties":{"legal_dong_code":"1114013600","sigungu_code":"11140","district":"중구","legal_dong":"묵정동","risk_score":31.673783230421034,"risk_level":"낮음","data_confidence":"낮음","market_risk_score":34.0820288799903,"building_risk_score":34.09826360970743,"district_context_score":18.0,"jeonse_ratio_pct":60.698466711710815,"high80_share_pct":0.0,"sale_decline_pct":null,"sale_count":70.0,"jeonse_count":238.0,"matched_group_count":4.0,"nonapt_building_share_pct":0.0,"old20_share_pct":0.0,"official_total":19,"official_dong_evidence_count":0,"major_reasons":"최근 36개월 추정 전세가율 60.7% | 중구 공식 피해·보증사고 배경지표 상위 | 80% 이상 매칭 비중 0.0%","score_version":"seoul-dong-v1.0","score_scope":"서울 법정동 시장·건물구조 상대위험"},"geometry":{"type":"MultiPolygon","coordinates":[[[[126.99860829149654,37.56224675983539],[126.9988866847528,37.56231151145177],[126.99869212893499,37.56216737571398],[126.99860829149654,37.56224675983539]]],[[[127.00099892920139,37.560092898411924],[127.00080503728218,37.56053188650792],[126.99843098292713,37.56106526105884],[126.99897098264636,37.562331145854856],[127.00120175768754,37.5628686940214],[127.00106258356516,37.56158426139113],[127.00238605000948,37.56146991453173],[127.00262092729199,37.5609015234382],[127.00231938528097,37.56033808311172],[127.00099892920139,37.560092898411924]]]]}},{"type":"Feature","properties":{"legal_dong_code":"1114015400","sigungu_code":"11140","district":"중구","legal_dong":"오장동","risk_score":57.26262224019811,"risk_level":"높음","data_confidence":"낮음","market_risk_score":77.91129402631162,"building_risk_score":31.263383297644538,"district_context_score":18.0,"jeonse_ratio_pct":106.34789559397409,"high80_share_pct":82.14285714285714,"sale_decline_pct":0.0,"sale_count":107.0,"jeonse_count":371.0,"matched_group_count":4.0,"nonapt_building_share_pct":null,"old20_share_pct":null,"official_total":19,"official_dong_evidence_count":0,"major_reasons":"최근 36개월 추정 전세가율 106.3% | 80% 이상 매칭 비중 82.1% | 최근 매매 단가 하락 신호 0.0%","score_version":"seoul-dong-v1.0","score_scope":"서울 법정동 시장·건물구조 상대위험"},"geometry":{"type":"MultiPolygon","coordinates":[[[[127.00157113467941,37.5658752942735],[127.00160614331442,37.56546750678338],[127.00238421786067,37.56550251606344],[127.00256291155694,37.56338270408369],[127.00180129206086,37.56300807711908],[127.00171473187957,37.56409154358526],[126.9990848158318,37.56391128484167],[126.9988602735085,37.56438326303377],[126.9991168705754,37.565652986947356],[127.00157113467941,37.5658752942735]]],[[[127.00259923653155,37.56523274025143],[127.003199583125,37.56529914510954],[127.00284833140935,37.56480565101461],[127.00259923653155,37.56523274025143]]],[[[126.99860089715624,37.56436857079069],[126.99873078602423,37.56445724024235],[126.99884776636125,37.56438605581695],[126.99860089715624,37.56436857079069]]]]}},{"type":"Feature","properties":{"legal_dong_code":"1114014600","sigungu_code":"11140","district":"중구","legal_dong":"광희동2가","risk_score":22.466552402141264,"risk_level":"낮음","data_confidence":"낮음","market_risk_score":24.279960702776336,"building_risk_score":20.794303921901857,"district_context_score":18.0,"jeonse_ratio_pct":38.76749932703628,"high80_share_pct":0.0,"sale_decline_pct":null,"sale_count":27.0,"jeonse_count":131.0,"matched_group_count":1.0,"nonapt_building_share_pct":0.0,"old20_share_pct":0.0,"official_total":19,"official_dong_evidence_count":0,"major_reasons":"중구 공식 피해·보증사고 배경지표 상위 | 80% 이상 매칭 비중 0.0% | 20년 이상 주거건물 비중 0.0%","score_version":"seoul-dong-v1.0","score_scope":"서울 법정동 시장·건물구조 상대위험"},"geometry":{"type":"MultiPolygon","coordinates":[[[[127.00994162519461,37.56322701467938],[127.00778524755293,37.56264416383355],[127.00714221210545,37.563905589867844],[127.00659867885336,37.56364366998565],[127.00735743618935,37.56524122328687],[127.00984883991354,37.564881570271226],[127.00994162519461,37.56322701467938]]],[[[127.00998043434608,37.56451284025144],[127.01021607616464,37.564606580026506],[127.01014502627275,37.56448362729234],[127.00998043434608,37.56451284025144]]]]}},{"type":"Feature","properties":{"legal_dong_code":"1114014500","sigungu_code":"11140","district":"중구","legal_dong":"광희동1가","risk_score":36.66077495058626,"risk_level":"주의","data_confidence":"낮음","market_risk_score":40.326049517150125,"building_risk_score":39.06058096118474,"district_context_score":18.0,"jeonse_ratio_pct":59.85331491852781,"high80_share_pct":0.0,"sale_decline_pct":0.0,"sale_count":151.0,"jeonse_count":23.0,"matched_group_count":2.0,"nonapt_building_share_pct":11.11111111111111,"old20_share_pct":0.0,"official_total":19,"official_dong_evidence_count":0,"major_reasons":"최근 36개월 추정 전세가율 59.9% | 최근 매매 단가 하락 신호 0.0% | 비아파트 건물 비중 11.1%","score_version":"seoul-dong-v1.0","score_scope":"서울 법정동 시장·건물구조 상대위험"},"geometry":{"type":"Polygon","coordinates":[[[127.00581260424161,37.56590637238966],[127.00735743618935,37.56524122328687],[127.00668019567387,37.5639877901697],[127.00540970909549,37.56391800322333],[127.00435257027455,37.564816229129455],[127.00296966891214,37.56488185521773],[127.00379586872678,37.56615425443792],[127.00552032830882,37.5654603752497],[127.00581260424161,37.56590637238966]]]}},{"type":"Feature","properties":{"legal_dong_code":"1114014700","sigungu_code":"11140","district":"중구","legal_dong":"쌍림동","risk_score":63.32083097214747,"risk_level":"높음","data_confidence":"낮음","market_risk_score":90.90426195511866,"building_risk_score":24.31309519630508,"district_context_score":18.0,"jeonse_ratio_pct":93.45435932743975,"high80_share_pct":80.0,"sale_decline_pct":17.208602150537644,"sale_count":27.0,"jeonse_count":102.0,"matched_group_count":2.0,"nonapt_building_share_pct":null,"old20_share_pct":null,"official_total":19,"official_dong_evidence_count":0,"major_reasons":"최근 36개월 추정 전세가율 93.5% | 최근 매매 단가 하락 신호 17.2% | 80% 이상 매칭 비중 80.0%","score_version":"seoul-dong-v1.0","score_scope":"서울 법정동 시장·건물구조 상대위험"},"geometry":{"type":"Polygon","coordinates":[[[127.00443211063158,37.56463161458627],[127.00540970909549,37.56391800322333],[127.00668019567387,37.5639877901697],[127.00624689938458,37.56201584956772],[127.00554004374037,37.56247811024363],[127.00249613170571,37.562437531061626],[127.00238421786067,37.56550251606344],[127.00283568848674,37.56480675937252],[127.00443211063158,37.56463161458627]]]}},{"type":"Feature","properties":{"legal_dong_code":"1114012300","sigungu_code":"11140","district":"중구","legal_dong":"회현동3가","risk_score":66.25396465211415,"risk_level":"높음","data_confidence":"낮음","market_risk_score":91.91542288557213,"building_risk_score":33.61884368308351,"district_context_score":18.0,"jeonse_ratio_pct":null,"high80_share_pct":null,"sale_decline_pct":null,"sale_count":0.0,"jeonse_count":16.0,"matched_group_count":null,"nonapt_building_share_pct":null,"old20_share_pct":null,"official_total":19,"official_dong_evidence_count":0,"major_reasons":"중구 공식 피해·보증사고 배경지표 상위","score_version":"seoul-dong-v1.0","score_scope":"서울 법정동 시장·건물구조 상대위험"},"geometry":{"type":"Polygon","coordinates":[[[126.98385803484463,37.559329449778474],[126.98339173615925,37.5607011807046],[126.98473291186338,37.56080419088477],[126.98457688642573,37.55968123837691],[126.98385803484463,37.559329449778474]]]}},{"type":"Feature","properties":{"legal_dong_code":"1114012900","sigungu_code":"11140","district":"중구","legal_dong":"남산동2가","risk_score":49.8727233654567,"risk_level":"주의","data_confidence":"낮음","market_risk_score":67.65460263449592,"building_risk_score":26.319847139036597,"district_context_score":18.0,"jeonse_ratio_pct":null,"high80_share_pct":null,"sale_decline_pct":null,"sale_count":17.0,"jeonse_count":57.0,"matched_group_count":null,"nonapt_building_share_pct":0.0,"old20_share_pct":0.0,"official_total":19,"official_dong_evidence_count":0,"major_reasons":"중구 공식 피해·보증사고 배경지표 상위 | 20년 이상 주거건물 비중 0.0% | 비아파트 건물 비중 0.0%","score_version":"seoul-dong-v1.0","score_scope":"서울 법정동 시장·건물구조 상대위험"},"geometry":{"type":"Polygon","coordinates":[[[126.98585294769319,37.55750035266719],[126.98547136453975,37.55845274678976],[126.98580770915393,37.55686427477695],[126.9849531795443,37.55719350586507],[126.98449618160154,37.556632962021745],[126.98489610078883,37.556551659595165],[126.9848217705416,37.555830244348606],[126.98438750642582,37.556705485012884],[126.98450882657174,37.55851009520135],[126.98559452933007,37.560553835170616],[126.98632382026274,37.560816389490384],[126.98753328715893,37.55986427415401],[126.98648369711795,37.55958706385184],[126.98734798756358,37.55832484814977],[126.98681702161441,37.557388114182274],[126.98585294769319,37.55750035266719]]]}},{"type":"Feature","properties":{"legal_dong_code":"1114011100","sigungu_code":"11140","district":"중구","legal_dong":"소공동","risk_score":8.371196886800494,"risk_level":"자료 부족","data_confidence":"자료 부족","market_risk_score":null,"building_risk_score":2.593915018880793,"district_context_score":18.0,"jeonse_ratio_pct":null,"high80_share_pct":null,"sale_decline_pct":null,"sale_count":null,"jeonse_count":null,"matched_group_count":null,"nonapt_building_share_pct":null,"old20_share_pct":null,"official_total":19,"official_dong_evidence_count":0,"major_reasons":"중구 공식 피해·보증사고 배경지표 상위","score_version":"seoul-dong-v1.0","score_scope":"서울 법정동 시장·건물구조 상대위험"},"geometry":{"type":"Polygon","coordinates":[[[126.98019380606651,37.56287085923751],[126.97834432570413,37.562806693666744],[126.97875771644448,37.563814232953064],[126.97773107707756,37.56379547021059],[126.97865151846926,37.564543130448264],[126.97826491893336,37.564764157591895],[126.97873767265052,37.5655571018055],[126.9792392387144,37.565072051141954],[126.97971983774042,37.56543626642659],[126.98221188374987,37.56488194344756],[126.9809334446353,37.56223201802843],[126.98019380606651,37.56287085923751]]]}},{"type":"Feature","properties":{"legal_dong_code":"1114011300","sigungu_code":"11140","district":"중구","legal_dong":"북창동","risk_score":43.44072846207796,"risk_level":"주의","data_confidence":"낮음","market_risk_score":62.029044075963014,"building_risk_score":14.093208066000606,"district_context_score":18.0,"jeonse_ratio_pct":77.89473684210526,"high80_share_pct":0.0,"sale_decline_pct":null,"sale_count":4.0,"jeonse_count":14.0,"matched_group_count":1.0,"nonapt_building_share_pct":0.0,"old20_share_pct":0.0,"official_total":19,"official_dong_evidence_count":0,"major_reasons":"최근 36개월 추정 전세가율 77.9% | 중구 공식 피해·보증사고 배경지표 상위 | 80% 이상 매칭 비중 0.0%","score_version":"seoul-dong-v1.0","score_scope":"서울 법정동 시장·건물구조 상대위험"},"geometry":{"type":"Polygon","coordinates":[[[126.9787779371455,37.563646049244205],[126.97834432570413,37.562806693666744],[126.9796026565391,37.56295697564536],[126.97933028174205,37.56157623095913],[126.97753139388277,37.56115421621988],[126.97744230503112,37.56183508469618],[126.97690301533247,37.56179965472107],[126.977162993039,37.56298627529294],[126.97773107707756,37.56379547021059],[126.9787779371455,37.563646049244205]]]}},{"type":"Feature","properties":{"legal_dong_code":"1114015500","sigungu_code":"11140","district":"중구","legal_dong":"을지로3가","risk_score":68.82342035481688,"risk_level":"높음","data_confidence":"낮음","market_risk_score":98.96373056994818,"building_risk_score":26.98072805139186,"district_context_score":18.0,"jeonse_ratio_pct":null,"high80_share_pct":null,"sale_decline_pct":null,"sale_count":21.0,"jeonse_count":0.0,"matched_group_count":null,"nonapt_building_share_pct":null,"old20_share_pct":null,"official_total":19,"official_dong_evidence_count":0,"major_reasons":"중구 공식 피해·보증사고 배경지표 상위","score_version":"seoul-dong-v1.0","score_scope":"서울 법정동 시장·건물구조 상대위험"},"geometry":{"type":"Polygon","coordinates":[[[126.9909162579933,37.56807818552008],[126.99132904191808,37.56718600012715],[126.99315095425133,37.56756376556426],[126.99453984629183,37.56699881896603],[126.99448200158784,37.566567016799134],[126.99508527347119,37.566747546239824],[126.99453680605656,37.56561567520409],[126.99361802570728,37.566052903122895],[126.99277509088822,37.565160693738505],[126.98985893127136,37.56542022384973],[126.98967796916196,37.5667657782422],[126.99084957432382,37.56682608496649],[126.9909162579933,37.56807818552008]]]}},{"type":"Feature","properties":{"legal_dong_code":"1114017000","sigungu_code":"11140","district":"중구","legal_dong":"충정로1가","risk_score":9.176232015606116,"risk_level":"자료 부족","data_confidence":"자료 부족","market_risk_score":null,"building_risk_score":3.881971224969786,"district_context_score":18.0,"jeonse_ratio_pct":null,"high80_share_pct":null,"sale_decline_pct":null,"sale_count":null,"jeonse_count":null,"matched_group_count":null,"nonapt_building_share_pct":null,"old20_share_pct":null,"official_total":19,"official_dong_evidence_count":0,"major_reasons":"중구 공식 피해·보증사고 배경지표 상위","score_version":"seoul-dong-v1.0","score_scope":"서울 법정동 시장·건물구조 상대위험"},"geometry":{"type":"Polygon","coordinates":[[[126.96827935411287,37.565504687945044],[126.9666988248733,37.56582009198936],[126.96917400541253,37.56821612775167],[126.96944671232441,37.56593304347205],[126.96827935411287,37.565504687945044]]]}},{"type":"Feature","properties":{"legal_dong_code":"1114014800","sigungu_code":"11140","district":"중구","legal_dong":"을지로6가","risk_score":58.061993951944146,"risk_level":"높음","data_confidence":"낮음","market_risk_score":87.27846256459667,"building_risk_score":11.9796656527446,"district_context_score":18.0,"jeonse_ratio_pct":92.2782045803659,"high80_share_pct":100.0,"sale_decline_pct":0.0,"sale_count":56.0,"jeonse_count":42.0,"matched_group_count":1.0,"nonapt_building_share_pct":0.0,"old20_share_pct":0.0,"official_total":19,"official_dong_evidence_count":0,"major_reasons":"80% 이상 매칭 비중 100.0% | 최근 36개월 추정 전세가율 92.3% | 최근 매매 단가 하락 신호 0.0%","score_version":"seoul-dong-v1.0","score_scope":"서울 법정동 시장·건물구조 상대위험"},"geometry":{"type":"Polygon","coordinates":[[[127.00669367492955,37.56577149509951],[127.00379586872678,37.56615425443792],[127.0053541668199,37.569613459661355],[127.00983515523215,37.56976501851518],[127.01030548553821,37.56829852713114],[127.00893790739555,37.567561035913464],[127.00735743618935,37.56524122328687],[127.00669367492955,37.56577149509951]]]}},{"type":"Feature","properties":{"legal_dong_code":"1114012700","sigungu_code":"11140","district":"중구","legal_dong":"명동2가","risk_score":10.702460771580018,"risk_level":"낮음","data_confidence":"낮음","market_risk_score":null,"building_risk_score":6.323937234528032,"district_context_score":18.0,"jeonse_ratio_pct":null,"high80_share_pct":null,"sale_decline_pct":null,"sale_count":1.0,"jeonse_count":0.0,"matched_group_count":null,"nonapt_building_share_pct":null,"old20_share_pct":null,"official_total":19,"official_dong_evidence_count":0,"major_reasons":"중구 공식 피해·보증사고 배경지표 상위","score_version":"seoul-dong-v1.0","score_scope":"서울 법정동 시장·건물구조 상대위험"},"geometry":{"type":"Polygon","coordinates":[[[126.98276413659018,37.562158351790444],[126.98151918846268,37.562059840552706],[126.98237455691692,37.56368278079297],[126.98546852249272,37.563840923983356],[126.98705646836726,37.56458254390009],[126.9872522073313,37.563779525332365],[126.98901824473882,37.56269579966965],[126.98787662141216,37.561945329507346],[126.9859343114766,37.562382276107726],[126.98316778753828,37.56143389372494],[126.98276413659018,37.562158351790444]]]}},{"type":"Feature","properties":{"legal_dong_code":"1114010400","sigungu_code":"11140","district":"중구","legal_dong":"을지로1가","risk_score":8.690578158458242,"risk_level":"자료 부족","data_confidence":"자료 부족","market_risk_score":null,"building_risk_score":3.1049250535331905,"district_context_score":18.0,"jeonse_ratio_pct":null,"high80_share_pct":null,"sale_decline_pct":null,"sale_count":null,"jeonse_count":null,"matched_group_count":null,"nonapt_building_share_pct":null,"old20_share_pct":null,"official_total":19,"official_dong_evidence_count":0,"major_reasons":"중구 공식 피해·보증사고 배경지표 상위","score_version":"seoul-dong-v1.0","score_scope":"서울 법정동 시장·건물구조 상대위험"},"geometry":{"type":"Polygon","coordinates":[[[126.98221188374987,37.56488194344756],[126.97971983774042,37.56543626642659],[126.9792392387144,37.565072051141954],[126.97801479568328,37.565640517804255],[126.97920748303812,37.56691637780114],[126.98247544234684,37.56673636499884],[126.98308901139052,37.56594442135749],[126.98247704770037,37.565943513359265],[126.98221188374987,37.56488194344756]]]}},{"type":"Feature","properties":{"legal_dong_code":"1114011000","sigungu_code":"11140","district":"중구","legal_dong":"수표동","risk_score":8.690578158458242,"risk_level":"자료 부족","data_confidence":"자료 부족","market_risk_score":null,"building_risk_score":3.1049250535331905,"district_context_score":18.0,"jeonse_ratio_pct":null,"high80_share_pct":null,"sale_decline_pct":null,"sale_count":null,"jeonse_count":null,"matched_group_count":null,"nonapt_building_share_pct":null,"old20_share_pct":null,"official_total":19,"official_dong_evidence_count":0,"major_reasons":"중구 공식 피해·보증사고 배경지표 상위","score_version":"seoul-dong-v1.0","score_scope":"서울 법정동 시장·건물구조 상대위험"},"geometry":{"type":"Polygon","coordinates":[[[126.99088420704945,37.5682029605041],[126.99084957432382,37.56682608496649],[126.98839679465259,37.566727350795276],[126.98796077899564,37.56734307307468],[126.98819497607418,37.5681351045228],[126.99088420704945,37.5682029605041]]]}},{"type":"Feature","properties":{"legal_dong_code":"1114014900","sigungu_code":"11140","district":"중구","legal_dong":"을지로7가","risk_score":71.06259962957378,"risk_level":"매우 높음","data_confidence":"낮음","market_risk_score":98.96373056994818,"building_risk_score":35.93744515041949,"district_context_score":18.0,"jeonse_ratio_pct":null,"high80_share_pct":null,"sale_decline_pct":null,"sale_count":8.0,"jeonse_count":0.0,"matched_group_count":null,"nonapt_building_share_pct":null,"old20_share_pct":null,"official_total":19,"official_dong_evidence_count":0,"major_reasons":"중구 공식 피해·보증사고 배경지표 상위","score_version":"seoul-dong-v1.0","score_scope":"서울 법정동 시장·건물구조 상대위험"},"geometry":{"type":"Polygon","coordinates":[[[127.0100562877725,37.56447840800708],[127.00735743618935,37.56524122328687],[127.00893790739555,37.567561035913464],[127.01032463191603,37.56834636818109],[127.01164060453345,37.56619381037738],[127.0100562877725,37.56447840800708]]]}},{"type":"Feature","properties":{"legal_dong_code":"1114015300","sigungu_code":"11140","district":"중구","legal_dong":"방산동","risk_score":23.077623126338327,"risk_level":"자료 부족","data_confidence":"자료 부족","market_risk_score":null,"building_risk_score":26.12419700214133,"district_context_score":18.0,"jeonse_ratio_pct":null,"high80_share_pct":null,"sale_decline_pct":null,"sale_count":null,"jeonse_count":null,"matched_group_count":null,"nonapt_building_share_pct":null,"old20_share_pct":null,"official_total":19,"official_dong_evidence_count":0,"major_reasons":"중구 공식 피해·보증사고 배경지표 상위","score_version":"seoul-dong-v1.0","score_scope":"서울 법정동 시장·건물구조 상대위험"},"geometry":{"type":"Polygon","coordinates":[[[127.00144934080757,37.569507142277835],[127.0053541668199,37.569613459661355],[127.0044617437682,37.56810833948545],[127.0036795614569,37.56829919471844],[127.00250077070588,37.56749531258768],[127.00086779004356,37.56768561263142],[127.00144934080757,37.569507142277835]]]}},{"type":"Feature","properties":{"legal_dong_code":"1114016800","sigungu_code":"11140","district":"중구","legal_dong":"순화동","risk_score":47.685678416376234,"risk_level":"주의","data_confidence":"낮음","market_risk_score":67.8233627741983,"building_risk_score":17.166643007429002,"district_context_score":18.0,"jeonse_ratio_pct":74.50845273287011,"high80_share_pct":25.0,"sale_decline_pct":null,"sale_count":129.0,"jeonse_count":303.0,"matched_group_count":7.0,"nonapt_building_share_pct":0.0,"old20_share_pct":0.0,"official_total":19,"official_dong_evidence_count":0,"major_reasons":"최근 36개월 추정 전세가율 74.5% | 80% 이상 매칭 비중 25.0% | 중구 공식 피해·보증사고 배경지표 상위","score_version":"seoul-dong-v1.0","score_scope":"서울 법정동 시장·건물구조 상대위험"},"geometry":{"type":"Polygon","coordinates":[[[126.9713446335792,37.55871354838862],[126.96949111986571,37.563253758146416],[126.9686579751072,37.5633725768875],[126.96827935411287,37.565504687945044],[126.96936227896036,37.565973844299016],[126.97117107510026,37.56519009355369],[126.97164295602366,37.563933848092645],[126.97124324028975,37.562903771724734],[126.97330484035048,37.5604315804362],[126.9713446335792,37.55871354838862]]]}},{"type":"Feature","properties":{"legal_dong_code":"1114011800","sigungu_code":"11140","district":"중구","legal_dong":"남대문로5가","risk_score":25.683022129369185,"risk_level":"낮음","data_confidence":"낮음","market_risk_score":33.39469348420734,"building_risk_score":11.784824155379146,"district_context_score":18.0,"jeonse_ratio_pct":56.3009771206667,"high80_share_pct":0.0,"sale_decline_pct":null,"sale_count":24.0,"jeonse_count":36.0,"matched_group_count":2.0,"nonapt_building_share_pct":null,"old20_share_pct":null,"official_total":19,"official_dong_evidence_count":0,"major_reasons":"최근 36개월 추정 전세가율 56.3% | 중구 공식 피해·보증사고 배경지표 상위 | 80% 이상 매칭 비중 0.0%","score_version":"seoul-dong-v1.0","score_scope":"서울 법정동 시장·건물구조 상대위험"},"geometry":{"type":"Polygon","coordinates":[[[126.97690278047199,37.55511622986812],[126.97643039091741,37.553086316172],[126.97434653540014,37.553548558737546],[126.97332373527728,37.554139512845786],[126.97345230791551,37.55628304429972],[126.97212872775634,37.556750471259335],[126.97162571877449,37.55778387953394],[126.97532273131706,37.55964053509589],[126.9771085323407,37.55534288063645],[126.9801679622181,37.55463398865079],[126.98087104866724,37.55389906769662],[126.9803861985342,37.55332200562814],[126.97873191533498,37.5532045511997],[126.97880080629929,37.55408303020077],[126.97690278047199,37.55511622986812]]]}},{"type":"Feature","properties":{"legal_dong_code":"1114011700","sigungu_code":"11140","district":"중구","legal_dong":"남대문로4가","risk_score":11.233404710920771,"risk_level":"자료 부족","data_confidence":"자료 부족","market_risk_score":null,"building_risk_score":7.173447537473234,"district_context_score":18.0,"jeonse_ratio_pct":null,"high80_share_pct":null,"sale_decline_pct":null,"sale_count":null,"jeonse_count":null,"matched_group_count":null,"nonapt_building_share_pct":null,"old20_share_pct":null,"official_total":19,"official_dong_evidence_count":0,"major_reasons":"중구 공식 피해·보증사고 배경지표 상위","score_version":"seoul-dong-v1.0","score_scope":"서울 법정동 시장·건물구조 상대위험"},"geometry":{"type":"Polygon","coordinates":[[[126.97349496111664,37.56127494275217],[126.97599301014787,37.560668539709795],[126.9764208009746,37.56190768092291],[126.97744230503112,37.56183508469618],[126.97783352221835,37.56032295231496],[126.97543427079123,37.559473047807245],[126.97352514065895,37.56020158323374],[126.97287902277101,37.560994947675425],[126.97349496111664,37.56127494275217]]]}},{"type":"Feature","properties":{"legal_dong_code":"1114011900","sigungu_code":"11140","district":"중구","legal_dong":"봉래동1가","risk_score":8.690578158458242,"risk_level":"자료 부족","data_confidence":"자료 부족","market_risk_score":null,"building_risk_score":3.1049250535331905,"district_context_score":18.0,"jeonse_ratio_pct":null,"high80_share_pct":null,"sale_decline_pct":null,"sale_count":null,"jeonse_count":null,"matched_group_count":null,"nonapt_building_share_pct":null,"old20_share_pct":null,"official_total":19,"official_dong_evidence_count":0,"major_reasons":"중구 공식 피해·보증사고 배경지표 상위","score_version":"seoul-dong-v1.0","score_scope":"서울 법정동 시장·건물구조 상대위험"},"geometry":{"type":"Polygon","coordinates":[[[126.97481163855875,37.55964069089827],[126.97242397229768,37.55850953787591],[126.97276012895728,37.558249297258925],[126.97162571877449,37.55778387953394],[126.97169962331627,37.55738463357017],[126.97107484189556,37.55887916212932],[126.97330484035048,37.5604315804362],[126.97481163855875,37.55964069089827]]]}},{"type":"Feature","properties":{"legal_dong_code":"1114011200","sigungu_code":"11140","district":"중구","legal_dong":"남창동","risk_score":34.57641335377655,"risk_level":"낮음","data_confidence":"낮음","market_risk_score":49.93072203748099,"building_risk_score":7.671920525151823,"district_context_score":18.0,"jeonse_ratio_pct":null,"high80_share_pct":null,"sale_decline_pct":null,"sale_count":20.0,"jeonse_count":12.0,"matched_group_count":null,"nonapt_building_share_pct":null,"old20_share_pct":null,"official_total":19,"official_dong_evidence_count":0,"major_reasons":"중구 공식 피해·보증사고 배경지표 상위","score_version":"seoul-dong-v1.0","score_scope":"서울 법정동 시장·건물구조 상대위험"},"geometry":{"type":"Polygon","coordinates":[[[126.97926363220908,37.55935840587672],[126.97821560481846,37.55807316712361],[126.9796826776857,37.55647908278341],[126.97961898844669,37.55561083185767],[126.97891566873007,37.5560873231143],[126.97795491766706,37.55500717241257],[126.97707091048088,37.555387922364275],[126.97545117960742,37.5593757356553],[126.97937876664199,37.561124447983026],[126.97926363220908,37.55935840587672]]]}},{"type":"Feature","properties":{"legal_dong_code":"1114016400","sigungu_code":"11140","district":"중구","legal_dong":"무학동","risk_score":82.6886541596088,"risk_level":"매우 높음","data_confidence":"낮음","market_risk_score":91.91542288557213,"building_risk_score":99.3576017130621,"district_context_score":18.0,"jeonse_ratio_pct":null,"high80_share_pct":null,"sale_decline_pct":null,"sale_count":0.0,"jeonse_count":7.0,"matched_group_count":null,"nonapt_building_share_pct":null,"old20_share_pct":null,"official_total":19,"official_dong_evidence_count":0,"major_reasons":"중구 공식 피해·보증사고 배경지표 상위","score_version":"seoul-dong-v1.0","score_scope":"서울 법정동 시장·건물구조 상대위험"},"geometry":{"type":"Polygon","coordinates":[[[127.0142826858928,37.563986942761886],[127.01480466166214,37.56506417951286],[127.01417913386436,37.56513137190646],[127.01622881560654,37.56535910249718],[127.01544830617551,37.56309429130655],[127.0142826858928,37.563986942761886]]]}},{"type":"Feature","properties":{"legal_dong_code":"1114016300","sigungu_code":"11140","district":"중구","legal_dong":"흥인동","risk_score":58.31203041967839,"risk_level":"높음","data_confidence":"낮음","market_risk_score":82.77130660201405,"building_risk_score":23.79698583387986,"district_context_score":18.0,"jeonse_ratio_pct":92.16626866114235,"high80_share_pct":73.33333333333333,"sale_decline_pct":5.95066522155748,"sale_count":313.0,"jeonse_count":324.0,"matched_group_count":11.0,"nonapt_building_share_pct":0.0,"old20_share_pct":0.0,"official_total":19,"official_dong_evidence_count":0,"major_reasons":"최근 36개월 추정 전세가율 92.2% | 80% 이상 매칭 비중 73.3% | 최근 매매 단가 하락 신호 6.0%","score_version":"seoul-dong-v1.0","score_scope":"서울 법정동 시장·건물구조 상대위험"},"geometry":{"type":"Polygon","coordinates":[[[127.01389229691257,37.5667159439769],[127.01580955284987,37.567050156382074],[127.01526814811155,37.56966710499763],[127.01768919163086,37.57016675647382],[127.01809159888697,37.56556891222325],[127.01417913386436,37.56513137190646],[127.01389229691257,37.5667159439769]]]}},{"type":"Feature","properties":{"legal_dong_code":"1114017400","sigungu_code":"11140","district":"중구","legal_dong":"만리동2가","risk_score":30.79154273241388,"risk_level":"낮음","data_confidence":"낮음","market_risk_score":30.947225655253817,"building_risk_score":38.09282935704637,"district_context_score":18.0,"jeonse_ratio_pct":50.06485634985434,"high80_share_pct":0.0,"sale_decline_pct":4.676393565282455,"sale_count":169.0,"jeonse_count":983.0,"matched_group_count":5.0,"nonapt_building_share_pct":25.0,"old20_share_pct":12.5,"official_total":19,"official_dong_evidence_count":0,"major_reasons":"최근 매매 단가 하락 신호 4.7% | 비아파트 건물 비중 25.0% | 20년 이상 주거건물 비중 12.5%","score_version":"seoul-dong-v1.0","score_scope":"서울 법정동 시장·건물구조 상대위험"},"geometry":{"type":"Polygon","coordinates":[[[126.96342917870452,37.55695590694124],[126.96648757029197,37.55576369079649],[126.9668459467012,37.55470661069045],[126.9623425438798,37.55154910473345],[126.9617358186116,37.55498747809112],[126.96342917870452,37.55695590694124]]]}},{"type":"Feature","properties":{"legal_dong_code":"1114016700","sigungu_code":"11140","district":"중구","legal_dong":"정동","risk_score":35.12812349831954,"risk_level":"주의","data_confidence":"낮음","market_risk_score":48.84399142498888,"building_risk_score":12.486914573304857,"district_context_score":18.0,"jeonse_ratio_pct":74.21656897102275,"high80_share_pct":0.0,"sale_decline_pct":null,"sale_count":37.0,"jeonse_count":153.0,"matched_group_count":3.0,"nonapt_building_share_pct":0.0,"old20_share_pct":0.0,"official_total":19,"official_dong_evidence_count":0,"major_reasons":"최근 36개월 추정 전세가율 74.2% | 중구 공식 피해·보증사고 배경지표 상위 | 80% 이상 매칭 비중 0.0%","score_version":"seoul-dong-v1.0","score_scope":"서울 법정동 시장·건물구조 상대위험"},"geometry":{"type":"Polygon","coordinates":[[[126.97566345175198,37.56938032628415],[126.97569325544436,37.567708648325876],[126.97763297542613,37.56579386152275],[126.97729489891007,37.564729797069546],[126.97287646350627,37.56501959300493],[126.9729468289254,37.56336738570125],[126.97124324028975,37.562903771724734],[126.97164295602366,37.563933848092645],[126.97117107510026,37.56519009355369],[126.97022948102598,37.56530158839782],[126.96921454197157,37.56624419964423],[126.9692904421168,37.568198311015635],[126.97117753785352,37.568818744981186],[126.97190824788524,37.5682884737095],[126.97320373419325,37.56932051302976],[126.97566345175198,37.56938032628415]]]}},{"type":"Feature","properties":{"legal_dong_code":"1114014200","sigungu_code":"11140","district":"중구","legal_dong":"예장동","risk_score":55.16492466547945,"risk_level":"높음","data_confidence":"낮음","market_risk_score":58.76999260924114,"building_risk_score":68.81171639973901,"district_context_score":18.0,"jeonse_ratio_pct":76.55106007297297,"high80_share_pct":0.0,"sale_decline_pct":null,"sale_count":20.0,"jeonse_count":190.0,"matched_group_count":1.0,"nonapt_building_share_pct":100.0,"old20_share_pct":0.0,"official_total":19,"official_dong_evidence_count":0,"major_reasons":"비아파트 건물 비중 100.0% | 최근 36개월 추정 전세가율 76.6% | 중구 공식 피해·보증사고 배경지표 상위","score_version":"seoul-dong-v1.0","score_scope":"서울 법정동 시장·건물구조 상대위험"},"geometry":{"type":"Polygon","coordinates":[[[126.99247411261487,37.560030556077955],[126.99317457899242,37.557499385150265],[126.99283393311515,37.55651398387345],[126.99336612974182,37.55665765765047],[126.99354238289897,37.555637415500215],[126.99496208905761,37.55602925338924],[126.99502108904768,37.554433287541784],[126.99493226960064,37.552665917627095],[126.99238395840872,37.55007193947935],[126.99024471030219,37.55128323608635],[126.98753413659453,37.5515027158892],[126.98541313048538,37.553687888612664],[126.98449552869555,37.55661755499792],[126.9850051220011,37.55721572254293],[126.98580770915393,37.55686427477695],[126.98547136453975,37.55845274678976],[126.9858796561481,37.557450846811946],[126.98681702161441,37.557388114182274],[126.98840913373378,37.560259413496716],[126.99247411261487,37.560030556077955]]]}},{"type":"Feature","properties":{"legal_dong_code":"1114017100","sigungu_code":"11140","district":"중구","legal_dong":"중림동","risk_score":49.23402947771342,"risk_level":"주의","data_confidence":"낮음","market_risk_score":66.13418482519442,"building_risk_score":27.414074330387038,"district_context_score":18.0,"jeonse_ratio_pct":64.69855974015287,"high80_share_pct":42.5,"sale_decline_pct":1.4088549801138124,"sale_count":252.0,"jeonse_count":874.0,"matched_group_count":11.0,"nonapt_building_share_pct":0.0,"old20_share_pct":0.0,"official_total":19,"official_dong_evidence_count":0,"major_reasons":"80% 이상 매칭 비중 42.5% | 최근 매매 단가 하락 신호 1.4% | 최근 36개월 추정 전세가율 64.7%","score_version":"seoul-dong-v1.0","score_scope":"서울 법정동 시장·건물구조 상대위험"},"geometry":{"type":"Polygon","coordinates":[[[126.96922765851946,37.55683360472909],[126.96563200127761,37.557330715012064],[126.96473846655276,37.55667226691738],[126.9637783008623,37.55684207985346],[126.96305489242305,37.55820107070904],[126.96157159633896,37.55841996921069],[126.96167747825686,37.55902722696952],[126.96398319076732,37.559462034178225],[126.96807675970871,37.56165529965976],[126.96841109445738,37.56074424141564],[126.9695323485722,37.560298515676],[126.96949341631863,37.558126273226165],[126.96922765851946,37.55683360472909]]]}},{"type":"Feature","properties":{"legal_dong_code":"1114016200","sigungu_code":"11140","district":"중구","legal_dong":"신당동","risk_score":34.488326224461154,"risk_level":"낮음","data_confidence":"높음","market_risk_score":35.18225628817306,"building_risk_score":42.715889806229264,"district_context_score":18.0,"jeonse_ratio_pct":51.691233699665155,"high80_share_pct":5.093833780160858,"sale_decline_pct":0.0,"sale_count":3493.0,"jeonse_count":8629.0,"matched_group_count":43.0,"nonapt_building_share_pct":6.896551724137931,"old20_share_pct":1.7241379310344827,"official_total":19,"official_dong_evidence_count":0,"major_reasons":"80% 이상 매칭 비중 5.1% | 최근 매매 단가 하락 신호 0.0% | 비아파트 건물 비중 6.9%","score_version":"seoul-dong-v1.0","score_scope":"서울 법정동 시장·건물구조 상대위험"},"geometry":{"type":"Polygon","coordinates":[[[127.01622881560654,37.56535910249718],[127.02357319599946,37.56577863065183],[127.02358209165013,37.56519977980223],[127.02678112702904,37.5650420783107],[127.02679644001354,37.564201001979846],[127.0259292108927,37.56260371294715],[127.02341634703868,37.56077537771431],[127.02238704891305,37.559027554310504],[127.02284709673563,37.558956924614215],[127.02289565759258,37.55779500842816],[127.02192810692618,37.557470886342],[127.02091711192654,37.557826686483196],[127.01804540269727,37.55683847609715],[127.01613385942207,37.55259427978979],[127.01159502728957,37.548487920288245],[127.00967020256923,37.547890540400104],[127.00800824683303,37.545089037042885],[127.00898329161558,37.544135829105265],[127.00726390884905,37.54385704122866],[127.00498905024139,37.54622135060668],[127.00614008431963,37.548193049981656],[127.00467518439271,37.548679948889756],[127.00472912729444,37.55049107477208],[127.00403592678522,37.55157929940478],[127.00447826869451,37.55377625576711],[127.00788491238734,37.55660646505345],[127.00854873334735,37.55911240456807],[127.00979258940697,37.560305621587034],[127.00928268383093,37.56164629238469],[127.0100610436038,37.56449605803457],[127.01164060453345,37.56619381037738],[127.00983515523215,37.56976501851518],[127.01564626474504,37.5695062520095],[127.01580955284987,37.567050156382074],[127.01389229691257,37.5667159439769],[127.01420872896227,37.56497831776924],[127.01480466166214,37.56506417951286],[127.0142826858928,37.563986942761886],[127.01544830617551,37.56309429130655],[127.01622881560654,37.56535910249718]]]}},{"type":"Feature","properties":{"legal_dong_code":"1114012000","sigungu_code":"11140","district":"중구","legal_dong":"봉래동2가","risk_score":8.690578158458242,"risk_level":"자료 부족","data_confidence":"자료 부족","market_risk_score":null,"building_risk_score":3.1049250535331905,"district_context_score":18.0,"jeonse_ratio_pct":null,"high80_share_pct":null,"sale_decline_pct":null,"sale_count":null,"jeonse_count":null,"matched_group_count":null,"nonapt_building_share_pct":null,"old20_share_pct":null,"official_total":19,"official_dong_evidence_count":0,"major_reasons":"중구 공식 피해·보증사고 배경지표 상위","score_version":"seoul-dong-v1.0","score_scope":"서울 법정동 시장·건물구조 상대위험"},"geometry":{"type":"Polygon","coordinates":[[[126.96948316484352,37.55928411427702],[126.97087955831297,37.55936597037457],[126.97212872775634,37.556750471259335],[126.97345230791551,37.55628304429972],[126.97334857419803,37.554114741537866],[126.9724084880068,37.55487687749895],[126.96916959767957,37.554875223724004],[126.96948316484352,37.55928411427702]]]}},{"type":"Feature","properties":{"legal_dong_code":"1114012100","sigungu_code":"11140","district":"중구","legal_dong":"회현동1가","risk_score":33.9928812481607,"risk_level":"낮음","data_confidence":"낮음","market_risk_score":40.462439033266406,"building_risk_score":28.06167131280341,"district_context_score":18.0,"jeonse_ratio_pct":62.88120623707645,"high80_share_pct":0.0,"sale_decline_pct":null,"sale_count":165.0,"jeonse_count":468.0,"matched_group_count":11.0,"nonapt_building_share_pct":6.666666666666667,"old20_share_pct":0.0,"official_total":19,"official_dong_evidence_count":0,"major_reasons":"최근 36개월 추정 전세가율 62.9% | 비아파트 건물 비중 6.7% | 중구 공식 피해·보증사고 배경지표 상위","score_version":"seoul-dong-v1.0","score_scope":"서울 법정동 시장·건물구조 상대위험"},"geometry":{"type":"Polygon","coordinates":[[[126.98155532373524,37.559953252449894],[126.98254420831046,37.55694867773053],[126.9831794965945,37.55632901408979],[126.98457285936865,37.55767273348381],[126.98541313048538,37.553687888612664],[126.98460836138545,37.553120107021584],[126.97795491766706,37.55500717241257],[126.97891566873007,37.5560873231143],[126.97961898844669,37.55561083185767],[126.9796826776857,37.55647908278341],[126.97821560481846,37.55807316712361],[126.97926363220908,37.55935840587672],[126.97937876664199,37.561124447983026],[126.98040669152762,37.5612722993927],[126.98008594461369,37.56068863475671],[126.98155532373524,37.559953252449894]]]}},{"type":"Feature","properties":{"legal_dong_code":"1114017300","sigungu_code":"11140","district":"중구","legal_dong":"만리동1가","risk_score":32.42517874978397,"risk_level":"낮음","data_confidence":"낮음","market_risk_score":38.88001446172301,"building_risk_score":25.588680291000646,"district_context_score":18.0,"jeonse_ratio_pct":53.691197094040824,"high80_share_pct":0.0,"sale_decline_pct":6.135064693007186,"sale_count":68.0,"jeonse_count":331.0,"matched_group_count":4.0,"nonapt_building_share_pct":0.0,"old20_share_pct":0.0,"official_total":19,"official_dong_evidence_count":0,"major_reasons":"최근 매매 단가 하락 신호 6.1% | 최근 36개월 추정 전세가율 53.7% | 중구 공식 피해·보증사고 배경지표 상위","score_version":"seoul-dong-v1.0","score_scope":"서울 법정동 시장·건물구조 상대위험"},"geometry":{"type":"Polygon","coordinates":[[[126.96587611344819,37.55734520478849],[126.968663531885,37.557161652721106],[126.96922765851946,37.55683360472909],[126.96918606352207,37.555662558536],[126.96661924704998,37.55442866948238],[126.96648757029197,37.55576369079649],[126.96470856430625,37.55672154175174],[126.96587611344819,37.55734520478849]]]}},{"type":"Feature","properties":{"legal_dong_code":"1114010300","sigungu_code":"11140","district":"중구","legal_dong":"태평로1가","risk_score":19.397216274089935,"risk_level":"자료 부족","data_confidence":"자료 부족","market_risk_score":null,"building_risk_score":20.235546038543898,"district_context_score":18.0,"jeonse_ratio_pct":null,"high80_share_pct":null,"sale_decline_pct":null,"sale_count":null,"jeonse_count":null,"matched_group_count":null,"nonapt_building_share_pct":null,"old20_share_pct":null,"official_total":19,"official_dong_evidence_count":0,"major_reasons":"중구 공식 피해·보증사고 배경지표 상위","score_version":"seoul-dong-v1.0","score_scope":"서울 법정동 시장·건물구조 상대위험"},"geometry":{"type":"Polygon","coordinates":[[[126.97789965589045,37.56920594005952],[126.97920704423679,37.56690753001164],[126.97801479568328,37.565640517804255],[126.97569325544436,37.567708648325876],[126.97566345175198,37.56938032628415],[126.97789965589045,37.56920594005952]]]}},{"type":"Feature","properties":{"legal_dong_code":"1114010200","sigungu_code":"11140","district":"중구","legal_dong":"다동","risk_score":12.103319057815844,"risk_level":"자료 부족","data_confidence":"자료 부족","market_risk_score":null,"building_risk_score":8.565310492505352,"district_context_score":18.0,"jeonse_ratio_pct":null,"high80_share_pct":null,"sale_decline_pct":null,"sale_count":null,"jeonse_count":null,"matched_group_count":null,"nonapt_building_share_pct":null,"old20_share_pct":null,"official_total":19,"official_dong_evidence_count":0,"major_reasons":"중구 공식 피해·보증사고 배경지표 상위","score_version":"seoul-dong-v1.0","score_scope":"서울 법정동 시장·건물구조 상대위험"},"geometry":{"type":"Polygon","coordinates":[[[126.98247544234684,37.56673636499884],[126.97978709525674,37.566911872846255],[126.97987195036232,37.569035472778985],[126.98257951762741,37.56902629757964],[126.98247544234684,37.56673636499884]]]}},{"type":"Feature","properties":{"legal_dong_code":"1114010100","sigungu_code":"11140","district":"중구","legal_dong":"무교동","risk_score":13.307815845824411,"risk_level":"자료 부족","data_confidence":"자료 부족","market_risk_score":null,"building_risk_score":10.492505353319057,"district_context_score":18.0,"jeonse_ratio_pct":null,"high80_share_pct":null,"sale_decline_pct":null,"sale_count":null,"jeonse_count":null,"matched_group_count":null,"nonapt_building_share_pct":null,"old20_share_pct":null,"official_total":19,"official_dong_evidence_count":0,"major_reasons":"중구 공식 피해·보증사고 배경지표 상위","score_version":"seoul-dong-v1.0","score_scope":"서울 법정동 시장·건물구조 상대위험"},"geometry":{"type":"Polygon","coordinates":[[[126.97861414795437,37.56711942807002],[126.97789965589045,37.56920594005952],[126.97987195036232,37.569035472778985],[126.97978709525674,37.566911872846255],[126.97861414795437,37.56711942807002]]]}},{"type":"Feature","properties":{"legal_dong_code":"1114015200","sigungu_code":"11140","district":"중구","legal_dong":"주교동","risk_score":18.393468950749465,"risk_level":"낮음","data_confidence":"낮음","market_risk_score":null,"building_risk_score":18.629550321199144,"district_context_score":18.0,"jeonse_ratio_pct":null,"high80_share_pct":null,"sale_decline_pct":null,"sale_count":5.0,"jeonse_count":0.0,"matched_group_count":null,"nonapt_building_share_pct":null,"old20_share_pct":null,"official_total":19,"official_dong_evidence_count":0,"major_reasons":"중구 공식 피해·보증사고 배경지표 상위","score_version":"seoul-dong-v1.0","score_scope":"서울 법정동 시장·건물구조 상대위험"},"geometry":{"type":"Polygon","coordinates":[[[126.99771377082992,37.56788341916439],[126.99632832428289,37.56865600887135],[127.00144934080757,37.569507142277835],[127.00146586793747,37.56830218774181],[127.00034059076465,37.567038032142655],[126.99782061101452,37.56721737591387],[126.99771377082992,37.56788341916439]]]}},{"type":"Feature","properties":{"legal_dong_code":"1114015700","sigungu_code":"11140","district":"중구","legal_dong":"산림동","risk_score":35.192340750453276,"risk_level":"주의","data_confidence":"낮음","market_risk_score":50.2281339416905,"building_risk_score":9.421841541755889,"district_context_score":18.0,"jeonse_ratio_pct":null,"high80_share_pct":null,"sale_decline_pct":null,"sale_count":36.0,"jeonse_count":3.0,"matched_group_count":null,"nonapt_building_share_pct":null,"old20_share_pct":null,"official_total":19,"official_dong_evidence_count":0,"major_reasons":"중구 공식 피해·보증사고 배경지표 상위","score_version":"seoul-dong-v1.0","score_scope":"서울 법정동 시장·건물구조 상대위험"},"geometry":{"type":"Polygon","coordinates":[[[126.99782061101452,37.56721737591387],[126.99448200158784,37.566567016799134],[126.9945874154449,37.56851408593845],[126.99632832428289,37.56865600887135],[126.99771377082992,37.56788341916439],[126.99782061101452,37.56721737591387]]]}},{"type":"Feature","properties":{"legal_dong_code":"1114010800","sigungu_code":"11140","district":"중구","legal_dong":"수하동","risk_score":8.690578158458242,"risk_level":"자료 부족","data_confidence":"자료 부족","market_risk_score":null,"building_risk_score":3.1049250535331905,"district_context_score":18.0,"jeonse_ratio_pct":null,"high80_share_pct":null,"sale_decline_pct":null,"sale_count":null,"jeonse_count":null,"matched_group_count":null,"nonapt_building_share_pct":null,"old20_share_pct":null,"official_total":19,"official_dong_evidence_count":0,"major_reasons":"중구 공식 피해·보증사고 배경지표 상위","score_version":"seoul-dong-v1.0","score_scope":"서울 법정동 시장·건물구조 상대위험"},"geometry":{"type":"Polygon","coordinates":[[[126.9831067840368,37.56671781467829],[126.98422863257291,37.56757793269191],[126.98614671890451,37.56812584572901],[126.98568472927897,37.56699365676057],[126.9831067840368,37.56671781467829]]]}},{"type":"Feature","properties":{"legal_dong_code":"1114012400","sigungu_code":"11140","district":"중구","legal_dong":"충무로1가","risk_score":10.780190462817623,"risk_level":"자료 부족","data_confidence":"자료 부족","market_risk_score":null,"building_risk_score":6.448304740508202,"district_context_score":18.0,"jeonse_ratio_pct":null,"high80_share_pct":null,"sale_decline_pct":null,"sale_count":null,"jeonse_count":null,"matched_group_count":null,"nonapt_building_share_pct":null,"old20_share_pct":null,"official_total":19,"official_dong_evidence_count":0,"major_reasons":"중구 공식 피해·보증사고 배경지표 상위","score_version":"seoul-dong-v1.0","score_scope":"서울 법정동 시장·건물구조 상대위험"},"geometry":{"type":"Polygon","coordinates":[[[126.98316778753828,37.56143389372494],[126.98490403372728,37.56200855848288],[126.98515540294693,37.560858399653064],[126.98193425827947,37.56056208746917],[126.98121666381999,37.5598881432628],[126.98008594461369,37.56068863475671],[126.98151918846268,37.562059840552706],[126.9828403526163,37.562162859807806],[126.98316778753828,37.56143389372494]]]}},{"type":"Feature","properties":{"legal_dong_code":"1114012500","sigungu_code":"11140","district":"중구","legal_dong":"충무로2가","risk_score":56.943497073720344,"risk_level":"높음","data_confidence":"낮음","market_risk_score":84.47256650045468,"building_risk_score":14.23982869379015,"district_context_score":18.0,"jeonse_ratio_pct":84.40447107620614,"high80_share_pct":80.0,"sale_decline_pct":0.0,"sale_count":120.0,"jeonse_count":126.0,"matched_group_count":3.0,"nonapt_building_share_pct":null,"old20_share_pct":null,"official_total":19,"official_dong_evidence_count":0,"major_reasons":"80% 이상 매칭 비중 80.0% | 최근 36개월 추정 전세가율 84.4% | 최근 매매 단가 하락 신호 0.0%","score_version":"seoul-dong-v1.0","score_scope":"서울 법정동 시장·건물구조 상대위험"},"geometry":{"type":"Polygon","coordinates":[[[126.98787662141216,37.561945329507346],[126.99031458631157,37.562952396342034],[126.99054980575653,37.56117045998376],[126.98875984857229,37.56135930769773],[126.98533778654699,37.560576568269475],[126.98490403372728,37.56200855848288],[126.9862902654063,37.562413532817175],[126.98787662141216,37.561945329507346]]]}},{"type":"Feature","properties":{"legal_dong_code":"1114011600","sigungu_code":"11140","district":"중구","legal_dong":"남대문로3가","risk_score":8.690578158458242,"risk_level":"자료 부족","data_confidence":"자료 부족","market_risk_score":null,"building_risk_score":3.1049250535331905,"district_context_score":18.0,"jeonse_ratio_pct":null,"high80_share_pct":null,"sale_decline_pct":null,"sale_count":null,"jeonse_count":null,"matched_group_count":null,"nonapt_building_share_pct":null,"old20_share_pct":null,"official_total":19,"official_dong_evidence_count":0,"major_reasons":"중구 공식 피해·보증사고 배경지표 상위","score_version":"seoul-dong-v1.0","score_scope":"서울 법정동 시장·건물구조 상대위험"},"geometry":{"type":"Polygon","coordinates":[[[126.97758588943574,37.56119313199748],[126.97933028174205,37.56157623095913],[126.97963288295647,37.563012671385415],[126.98125460970817,37.56178020947651],[126.97783352221835,37.56032295231496],[126.97758588943574,37.56119313199748]]]}},{"type":"Feature","properties":{"legal_dong_code":"1114011500","sigungu_code":"11140","district":"중구","legal_dong":"남대문로2가","risk_score":8.690578158458242,"risk_level":"자료 부족","data_confidence":"자료 부족","market_risk_score":null,"building_risk_score":3.1049250535331905,"district_context_score":18.0,"jeonse_ratio_pct":null,"high80_share_pct":null,"sale_decline_pct":null,"sale_count":null,"jeonse_count":null,"matched_group_count":null,"nonapt_building_share_pct":null,"old20_share_pct":null,"official_total":19,"official_dong_evidence_count":0,"major_reasons":"중구 공식 피해·보증사고 배경지표 상위","score_version":"seoul-dong-v1.0","score_scope":"서울 법정동 시장·건물구조 상대위험"},"geometry":{"type":"Polygon","coordinates":[[[126.98311010864886,37.56594865929517],[126.9820588355514,37.56291267189246],[126.98125461207506,37.56177146988125],[126.9809334446353,37.56223201802843],[126.98247704770037,37.565943513359265],[126.98311010864886,37.56594865929517]]]}},{"type":"Feature","properties":{"legal_dong_code":"1114016600","sigungu_code":"11140","district":"중구","legal_dong":"서소문동","risk_score":13.889279099696028,"risk_level":"낮음","data_confidence":"낮음","market_risk_score":null,"building_risk_score":11.422846559513646,"district_context_score":18.0,"jeonse_ratio_pct":null,"high80_share_pct":null,"sale_decline_pct":null,"sale_count":null,"jeonse_count":null,"matched_group_count":null,"nonapt_building_share_pct":0.0,"old20_share_pct":0.0,"official_total":19,"official_dong_evidence_count":0,"major_reasons":"중구 공식 피해·보증사고 배경지표 상위 | 20년 이상 주거건물 비중 0.0% | 비아파트 건물 비중 0.0%","score_version":"seoul-dong-v1.0","score_scope":"서울 법정동 시장·건물구조 상대위험"},"geometry":{"type":"Polygon","coordinates":[[[126.97611354683087,37.56490304318636],[126.97578918240563,37.562811741641234],[126.97470017195539,37.562505496384865],[126.97426675190472,37.56091146609006],[126.97349711118896,37.5612759343507],[126.97287902277101,37.560994947675425],[126.97312243809074,37.560644098134304],[126.97124324028975,37.562903771724734],[126.9729468289254,37.56336738570125],[126.97279973897864,37.56497739908521],[126.97611354683087,37.56490304318636]]]}},{"type":"Feature","properties":{"legal_dong_code":"1114011400","sigungu_code":"11140","district":"중구","legal_dong":"태평로2가","risk_score":11.032655246252675,"risk_level":"자료 부족","data_confidence":"자료 부족","market_risk_score":null,"building_risk_score":6.852248394004283,"district_context_score":18.0,"jeonse_ratio_pct":null,"high80_share_pct":null,"sale_decline_pct":null,"sale_count":null,"jeonse_count":null,"matched_group_count":null,"nonapt_building_share_pct":null,"old20_share_pct":null,"official_total":19,"official_dong_evidence_count":0,"major_reasons":"중구 공식 피해·보증사고 배경지표 상위","score_version":"seoul-dong-v1.0","score_scope":"서울 법정동 시장·건물구조 상대위험"},"geometry":{"type":"Polygon","coordinates":[[[126.97841130481135,37.565491437398826],[126.97865151846926,37.564543130448264],[126.97813019589537,37.56450149274691],[126.97599301014787,37.560668539709795],[126.97443091174709,37.56077932872315],[126.97470017195539,37.562505496384865],[126.97578918240563,37.562811741641234],[126.97585544305927,37.56385896655863],[126.97663514640462,37.56415090068772],[126.97611354683087,37.56490304318636],[126.97729489891007,37.564729797069546],[126.97763297542613,37.56579386152275],[126.97841130481135,37.565491437398826]]]}},{"type":"Feature","properties":{"legal_dong_code":"1114015000","sigungu_code":"11140","district":"중구","legal_dong":"을지로4가","risk_score":63.822237388119035,"risk_level":"높음","data_confidence":"낮음","market_risk_score":95.6248567460799,"building_risk_score":14.989293361884368,"district_context_score":18.0,"jeonse_ratio_pct":87.7463899454275,"high80_share_pct":100.0,"sale_decline_pct":null,"sale_count":4.0,"jeonse_count":64.0,"matched_group_count":1.0,"nonapt_building_share_pct":null,"old20_share_pct":null,"official_total":19,"official_dong_evidence_count":0,"major_reasons":"80% 이상 매칭 비중 100.0% | 최근 36개월 추정 전세가율 87.7% | 중구 공식 피해·보증사고 배경지표 상위","score_version":"seoul-dong-v1.0","score_scope":"서울 법정동 시장·건물구조 상대위험"},"geometry":{"type":"Polygon","coordinates":[[[126.99667285263158,37.56543965692514],[126.99477677790726,37.56609186164286],[126.99555943528223,37.566895162047835],[127.00059554945449,37.567176804651346],[126.99970755228472,37.56567444101563],[126.99806928046257,37.56595058456833],[126.99667285263158,37.56543965692514]]]}},{"type":"Feature","properties":{"legal_dong_code":"1114013900","sigungu_code":"11140","district":"중구","legal_dong":"필동3가","risk_score":57.81919382796409,"risk_level":"높음","data_confidence":"낮음","market_risk_score":81.37460324373603,"building_risk_score":25.177727526889885,"district_context_score":18.0,"jeonse_ratio_pct":80.20984792910413,"high80_share_pct":83.33333333333334,"sale_decline_pct":0.0,"sale_count":54.0,"jeonse_count":138.0,"matched_group_count":2.0,"nonapt_building_share_pct":0.0,"old20_share_pct":0.0,"official_total":19,"official_dong_evidence_count":0,"major_reasons":"80% 이상 매칭 비중 83.3% | 최근 36개월 추정 전세가율 80.2% | 최근 매매 단가 하락 신호 0.0%","score_version":"seoul-dong-v1.0","score_scope":"서울 법정동 시장·건물구조 상대위험"},"geometry":{"type":"Polygon","coordinates":[[[126.99912608328968,37.5607215587433],[126.99785125099766,37.560071308957546],[126.99902214553785,37.55915042904231],[126.99884311096099,37.55878467736515],[126.99783313659202,37.55926772479195],[126.99877686184989,37.55803065551829],[126.99716768111243,37.55851556495145],[126.99750125545735,37.557953214973786],[126.99630877077934,37.55718896676308],[126.99662386926698,37.55637782793152],[126.99601752728128,37.55594050568467],[126.99671170260821,37.554276848408534],[126.99614219188872,37.55398931780494],[126.9954415154156,37.55670693170342],[126.99590093253462,37.559759634052504],[126.9967637714406,37.55981482152111],[126.99734189567914,37.56153768834518],[126.99912608328968,37.5607215587433]]]}},{"type":"Feature","properties":{"legal_dong_code":"1114013800","sigungu_code":"11140","district":"중구","legal_dong":"필동2가","risk_score":67.79232544146954,"risk_level":"높음","data_confidence":"낮음","market_risk_score":90.71159745314876,"building_risk_score":42.661467878321176,"district_context_score":18.0,"jeonse_ratio_pct":null,"high80_share_pct":null,"sale_decline_pct":null,"sale_count":47.0,"jeonse_count":83.0,"matched_group_count":null,"nonapt_building_share_pct":14.285714285714285,"old20_share_pct":0.0,"official_total":19,"official_dong_evidence_count":0,"major_reasons":"비아파트 건물 비중 14.3% | 중구 공식 피해·보증사고 배경지표 상위 | 20년 이상 주거건물 비중 0.0%","score_version":"seoul-dong-v1.0","score_scope":"서울 법정동 시장·건물구조 상대위험"},"geometry":{"type":"Polygon","coordinates":[[[126.99360695527311,37.561884125749586],[126.99595792719276,37.56116088259284],[126.99606671180624,37.561385360149465],[126.99593112854129,37.56158041799606],[126.99597308586024,37.56187426861401],[126.99623179201465,37.561473178074785],[126.99744428199354,37.561913071081754],[126.9967637714406,37.55981482152111],[126.99590093253462,37.559759634052504],[126.9956952289342,37.55555249682594],[126.9949898417403,37.55366422740132],[126.99496208905761,37.55602925338924],[126.99354238289897,37.555637415500215],[126.99336612974182,37.55665765765047],[126.99283393311515,37.55651398387345],[126.99317457899242,37.557499385150265],[126.99246912002108,37.560041998262406],[126.9932659573857,37.560163528049884],[126.99360695527311,37.561884125749586]]]}},{"type":"Feature","properties":{"legal_dong_code":"1114014100","sigungu_code":"11140","district":"중구","legal_dong":"주자동","risk_score":21.60546038543897,"risk_level":"자료 부족","data_confidence":"자료 부족","market_risk_score":null,"building_risk_score":23.768736616702355,"district_context_score":18.0,"jeonse_ratio_pct":null,"high80_share_pct":null,"sale_decline_pct":null,"sale_count":null,"jeonse_count":null,"matched_group_count":null,"nonapt_building_share_pct":null,"old20_share_pct":null,"official_total":19,"official_dong_evidence_count":0,"major_reasons":"중구 공식 피해·보증사고 배경지표 상위","score_version":"seoul-dong-v1.0","score_scope":"서울 법정동 시장·건물구조 상대위험"},"geometry":{"type":"Polygon","coordinates":[[[126.98823944334693,37.561152545344996],[126.99052186034208,37.561177286883705],[126.99015935949937,37.55993889663642],[126.98840913373378,37.560259413496716],[126.98823944334693,37.561152545344996]]]}},{"type":"Feature","properties":{"legal_dong_code":"1114015100","sigungu_code":"11140","district":"중구","legal_dong":"을지로5가","risk_score":58.13699294249915,"risk_level":"높음","data_confidence":"낮음","market_risk_score":83.97294871874536,"building_risk_score":20.21289484500774,"district_context_score":18.0,"jeonse_ratio_pct":83.95439862638504,"high80_share_pct":80.95238095238095,"sale_decline_pct":2.968330096874919,"sale_count":100.0,"jeonse_count":73.0,"matched_group_count":4.0,"nonapt_building_share_pct":0.0,"old20_share_pct":0.0,"official_total":19,"official_dong_evidence_count":0,"major_reasons":"80% 이상 매칭 비중 81.0% | 최근 36개월 추정 전세가율 84.0% | 최근 매매 단가 하락 신호 3.0%","score_version":"seoul-dong-v1.0","score_scope":"서울 법정동 시장·건물구조 상대위험"},"geometry":{"type":"Polygon","coordinates":[[[127.0044617437682,37.56810833948545],[127.003199583125,37.56529914510954],[127.00160614331442,37.56546750678338],[127.00157113467941,37.5658752942735],[126.99986578658444,37.56578266108405],[127.00086779004356,37.56768561263142],[127.00250077070588,37.56749531258768],[127.00383585794904,37.568336312470656],[127.0044617437682,37.56810833948545]]]}},{"type":"Feature","properties":{"legal_dong_code":"1117010300","sigungu_code":"11170","district":"용산구","legal_dong":"용산동4가","risk_score":8.690578158458242,"risk_level":"자료 부족","data_confidence":"자료 부족","market_risk_score":null,"building_risk_score":3.1049250535331905,"district_context_score":18.0,"jeonse_ratio_pct":null,"high80_share_pct":null,"sale_decline_pct":null,"sale_count":null,"jeonse_count":null,"matched_group_count":null,"nonapt_building_share_pct":null,"old20_share_pct":null,"official_total":4,"official_dong_evidence_count":0,"major_reasons":"용산구 공식 피해·보증사고 배경지표 상위","score_version":"seoul-dong-v1.0","score_scope":"서울 법정동 시장·건물구조 상대위험"},"geometry":{"type":"Polygon","coordinates":[[[126.99153441902095,37.52718296810265],[126.9858308346051,37.52714015473902],[126.98007055945187,37.526177068057734],[126.9805999605702,37.534824489448525],[126.98599196848299,37.5350391180794],[126.98820424223847,37.53424741496112],[126.99150015027399,37.529734283958206],[126.99153441902095,37.52718296810265]]]}},{"type":"Feature","properties":{"legal_dong_code":"1117013200","sigungu_code":"11170","district":"용산구","legal_dong":"동빙고동","risk_score":37.134950430891166,"risk_level":"주의","data_confidence":"낮음","market_risk_score":36.256439885660456,"building_risk_score":50.72434599797958,"district_context_score":18.0,"jeonse_ratio_pct":15.483211285348318,"high80_share_pct":0.0,"sale_decline_pct":33.244041251288465,"sale_count":172.0,"jeonse_count":621.0,"matched_group_count":10.0,"nonapt_building_share_pct":57.14285714285714,"old20_share_pct":0.0,"official_total":4,"official_dong_evidence_count":0,"major_reasons":"최근 매매 단가 하락 신호 33.2% | 비아파트 건물 비중 57.1% | 용산구 공식 피해·보증사고 배경지표 상위","score_version":"seoul-dong-v1.0","score_scope":"서울 법정동 시장·건물구조 상대위험"},"geometry":{"type":"Polygon","coordinates":[[[126.99150096518872,37.52973164411434],[126.99202504465497,37.529021289479125],[126.9927670505576,37.529376383574025],[126.99347101807005,37.52887585922932],[126.99573460092142,37.52919172717923],[126.99700434729051,37.526548165623325],[126.99680995606623,37.52496053311812],[126.99786742261878,37.52413015047927],[126.99735251106634,37.521890718830406],[126.99893681310273,37.5183284974883],[126.99751175340417,37.51742979533142],[126.993987434431,37.523346002004054],[126.99182885289214,37.52515190722502],[126.99150096518872,37.52973164411434]]]}},{"type":"Feature","properties":{"legal_dong_code":"1117012000","sigungu_code":"11170","district":"용산구","legal_dong":"도원동","risk_score":16.46729623068232,"risk_level":"낮음","data_confidence":"낮음","market_risk_score":11.23879248742736,"building_risk_score":28.09608295290361,"district_context_score":18.0,"jeonse_ratio_pct":41.4867160588691,"high80_share_pct":0.0,"sale_decline_pct":null,"sale_count":190.0,"jeonse_count":692.0,"matched_group_count":3.0,"nonapt_building_share_pct":0.0,"old20_share_pct":50.0,"official_total":4,"official_dong_evidence_count":0,"major_reasons":"20년 이상 주거건물 비중 50.0% | 용산구 공식 피해·보증사고 배경지표 상위 | 80% 이상 매칭 비중 0.0%","score_version":"seoul-dong-v1.0","score_scope":"서울 법정동 시장·건물구조 상대위험"},"geometry":{"type":"Polygon","coordinates":[[[126.9566590838859,37.54059416908636],[126.95898498984339,37.53960673097625],[126.95849567460243,37.53868914498385],[126.95733952604044,37.53886215925056],[126.95544175022094,37.537023967303895],[126.9540645420979,37.53704342401119],[126.95339693234371,37.53748364932353],[126.95396557417816,37.53877238946521],[126.95573375145804,37.5394706366998],[126.9566590838859,37.54059416908636]]]}},{"type":"Feature","properties":{"legal_dong_code":"1117013500","sigungu_code":"11170","district":"용산구","legal_dong":"용산동6가","risk_score":11.20080838878887,"risk_level":"자료 부족","data_confidence":"자료 부족","market_risk_score":null,"building_risk_score":7.121293422062195,"district_context_score":18.0,"jeonse_ratio_pct":null,"high80_share_pct":null,"sale_decline_pct":null,"sale_count":null,"jeonse_count":null,"matched_group_count":null,"nonapt_building_share_pct":null,"old20_share_pct":null,"official_total":4,"official_dong_evidence_count":0,"major_reasons":"용산구 공식 피해·보증사고 배경지표 상위","score_version":"seoul-dong-v1.0","score_scope":"서울 법정동 시장·건물구조 상대위험"},"geometry":{"type":"Polygon","coordinates":[[[126.99153441902095,37.52718296810265],[126.99193572549079,37.52513747299496],[126.99115731088376,37.52498501300596],[126.98987732217995,37.52241940933418],[126.98797284888467,37.52097404569541],[126.987842464897,37.51924641654475],[126.98525273661839,37.519139473512524],[126.98547005955758,37.516227177729654],[126.99067159163461,37.51310240217886],[126.98553216535394,37.50654237842743],[126.98241285263506,37.50653301331778],[126.98251118962115,37.51599917408442],[126.98157678012001,37.51645050025417],[126.98280579222066,37.516542017294526],[126.98294624371411,37.51947050163134],[126.97719592750737,37.52098146340147],[126.97645310139487,37.52158620943563],[126.97698908022045,37.5215203510677],[126.97998661757376,37.526179683690366],[126.9858308346051,37.52714015473902],[126.99153441902095,37.52718296810265]]]}},{"type":"Feature","properties":{"legal_dong_code":"1117012600","sigungu_code":"11170","district":"용산구","legal_dong":"용산동3가","risk_score":29.918210781567886,"risk_level":"낮음","data_confidence":"낮음","market_risk_score":37.19413601947617,"building_risk_score":19.606916679528748,"district_context_score":18.0,"jeonse_ratio_pct":50.05946984886819,"high80_share_pct":0.0,"sale_decline_pct":null,"sale_count":6.0,"jeonse_count":29.0,"matched_group_count":1.0,"nonapt_building_share_pct":0.0,"old20_share_pct":0.0,"official_total":4,"official_dong_evidence_count":0,"major_reasons":"최근 36개월 추정 전세가율 50.1% | 용산구 공식 피해·보증사고 배경지표 상위 | 80% 이상 매칭 비중 0.0%","score_version":"seoul-dong-v1.0","score_scope":"서울 법정동 시장·건물구조 상대위험"},"geometry":{"type":"Polygon","coordinates":[[[126.97504024360043,37.53511418750843],[126.97575750090768,37.5345680378092],[126.98060928194964,37.53474866349518],[126.98015386468967,37.52951781743849],[126.97636027335727,37.52920263235483],[126.97194951251701,37.53002615532035],[126.97337190411102,37.531283083156545],[126.97353663542037,37.53232860851645],[126.97413615148041,37.532017762015066],[126.97533210338744,37.532850407286695],[126.97547890643851,37.53361384262927],[126.97430172023411,37.534279672717474],[126.97504024360043,37.53511418750843]]]}},{"type":"Feature","properties":{"legal_dong_code":"1117012100","sigungu_code":"11170","district":"용산구","legal_dong":"용문동","risk_score":31.770631722008677,"risk_level":"낮음","data_confidence":"낮음","market_risk_score":27.008996570501257,"building_risk_score":51.460935118831706,"district_context_score":18.0,"jeonse_ratio_pct":46.94921338943174,"high80_share_pct":0.0,"sale_decline_pct":0.0,"sale_count":373.0,"jeonse_count":2356.0,"matched_group_count":11.0,"nonapt_building_share_pct":33.33333333333333,"old20_share_pct":33.33333333333333,"official_total":4,"official_dong_evidence_count":0,"major_reasons":"비아파트 건물 비중 33.3% | 20년 이상 주거건물 비중 33.3% | 최근 매매 단가 하락 신호 0.0%","score_version":"seoul-dong-v1.0","score_scope":"서울 법정동 시장·건물구조 상대위험"},"geometry":{"type":"Polygon","coordinates":[[[126.95545147555355,37.53703226023318],[126.95733952604044,37.53886215925056],[126.95827713818413,37.538500325209895],[126.95945200059498,37.53968425747047],[126.96393437339027,37.53846218488755],[126.96353507001088,37.53745272889291],[126.96194619798226,37.53712437190163],[126.96198588238707,37.536429845695935],[126.96054390163593,37.53570320780467],[126.95937554559809,37.53568391186381],[126.95806579358498,37.536546255296415],[126.9560199805033,37.53628953076511],[126.95545147555355,37.53703226023318]]]}},{"type":"Feature","properties":{"legal_dong_code":"1117011600","sigungu_code":"11170","district":"용산구","legal_dong":"청암동","risk_score":25.45851435845304,"risk_level":"낮음","data_confidence":"낮음","market_risk_score":23.296390675349542,"building_risk_score":35.122719812973266,"district_context_score":18.0,"jeonse_ratio_pct":51.67639462428889,"high80_share_pct":0.0,"sale_decline_pct":null,"sale_count":26.0,"jeonse_count":45.0,"matched_group_count":3.0,"nonapt_building_share_pct":0.0,"old20_share_pct":100.0,"official_total":4,"official_dong_evidence_count":0,"major_reasons":"20년 이상 주거건물 비중 100.0% | 최근 36개월 추정 전세가율 51.7% | 용산구 공식 피해·보증사고 배경지표 상위","score_version":"seoul-dong-v1.0","score_scope":"서울 법정동 시장·건물구조 상대위험"},"geometry":{"type":"Polygon","coordinates":[[[126.94890207011194,37.5356268579692],[126.94901524059365,37.53429569077017],[126.94743096533227,37.534316131185676],[126.94770263014897,37.53402823472764],[126.94545938696228,37.53265814965379],[126.94457956875512,37.53377534817191],[126.94509447833438,37.5349622846185],[126.94641785366153,37.53573988994164],[126.94738096903538,37.53522332743993],[126.94748253839568,37.535832265146354],[126.94890207011194,37.5356268579692]]]}},{"type":"Feature","properties":{"legal_dong_code":"1117011700","sigungu_code":"11170","district":"용산구","legal_dong":"원효로3가","risk_score":43.28807246839182,"risk_level":"주의","data_confidence":"낮음","market_risk_score":53.61856321136912,"building_risk_score":33.66773816628137,"district_context_score":18.0,"jeonse_ratio_pct":56.283812204069754,"high80_share_pct":19.491525423728813,"sale_decline_pct":0.0,"sale_count":265.0,"jeonse_count":1223.0,"matched_group_count":10.0,"nonapt_building_share_pct":null,"old20_share_pct":null,"official_total":4,"official_dong_evidence_count":0,"major_reasons":"80% 이상 매칭 비중 19.5% | 최근 36개월 추정 전세가율 56.3% | 최근 매매 단가 하락 신호 0.0%","score_version":"seoul-dong-v1.0","score_scope":"서울 법정동 시장·건물구조 상대위험"},"geometry":{"type":"Polygon","coordinates":[[[126.95429247508221,37.53239097501567],[126.95447918954098,37.53420494776408],[126.95647366486993,37.534725310146975],[126.95675842891164,37.536430530039176],[126.95806579358498,37.536546255296415],[126.95937554559809,37.53568391186381],[126.9607923925055,37.535627682403536],[126.96000892359397,37.53520360043785],[126.96113854423025,37.534172886245],[126.96054358309259,37.53343145200401],[126.95770424694986,37.533153800768154],[126.95578089562434,37.532086024809175],[126.95429247508221,37.53239097501567]]]}},{"type":"Feature","properties":{"legal_dong_code":"1117011900","sigungu_code":"11170","district":"용산구","legal_dong":"효창동","risk_score":29.893963620883685,"risk_level":"낮음","data_confidence":"낮음","market_risk_score":24.01664127381396,"building_risk_score":51.13591542638125,"district_context_score":18.0,"jeonse_ratio_pct":44.83348156387743,"high80_share_pct":0.0,"sale_decline_pct":0.0,"sale_count":720.0,"jeonse_count":3214.0,"matched_group_count":15.0,"nonapt_building_share_pct":41.66666666666667,"old20_share_pct":25.0,"official_total":4,"official_dong_evidence_count":0,"major_reasons":"비아파트 건물 비중 41.7% | 20년 이상 주거건물 비중 25.0% | 최근 매매 단가 하락 신호 0.0%","score_version":"seoul-dong-v1.0","score_scope":"서울 법정동 시장·건물구조 상대위험"},"geometry":{"type":"MultiPolygon","coordinates":[[[[126.96293690265543,37.548700961558914],[126.9633832523125,37.54687176073173],[126.96233862753738,37.54543165221149],[126.9621688652142,37.54184315191022],[126.96460237356031,37.5426076366936],[126.96485996643466,37.541197718104],[126.96382593762642,37.53845406842427],[126.95805050355834,37.539789562515885],[126.95651758109878,37.540702865038156],[126.95834999361142,37.54275916291597],[126.9573997963322,37.54322721951818],[126.95810502301356,37.54442683630253],[126.95790642000492,37.54546211980104],[126.96005099271456,37.5460683947574],[126.96223937536882,37.548627336861095],[126.96293690265543,37.548700961558914]]],[[[126.96426110840184,37.54366769986277],[126.96440760106098,37.54295454771598],[126.96294633032961,37.54259256540114],[126.96312752782339,37.543552667541846],[126.96426110840184,37.54366769986277]]]]}},{"type":"Feature","properties":{"legal_dong_code":"1117010700","sigungu_code":"11170","district":"용산구","legal_dong":"동자동","risk_score":56.096457389229315,"risk_level":"높음","data_confidence":"낮음","market_risk_score":81.88811696472904,"building_risk_score":17.054348841567574,"district_context_score":18.0,"jeonse_ratio_pct":81.1071891203368,"high80_share_pct":79.48717948717949,"sale_decline_pct":2.2299909290995346,"sale_count":717.0,"jeonse_count":490.0,"matched_group_count":5.0,"nonapt_building_share_pct":0.0,"old20_share_pct":0.0,"official_total":4,"official_dong_evidence_count":0,"major_reasons":"80% 이상 매칭 비중 79.5% | 최근 36개월 추정 전세가율 81.1% | 최근 매매 단가 하락 신호 2.2%","score_version":"seoul-dong-v1.0","score_scope":"서울 법정동 시장·건물구조 상대위험"},"geometry":{"type":"MultiPolygon","coordinates":[[[[126.96917333134006,37.5548775402918],[126.97240845365235,37.55487791362932],[126.97435034932519,37.55354825327834],[126.97642566041401,37.55308645031548],[126.97656118787107,37.55350443953824],[126.97669618671691,37.55258622344631],[126.97505806073848,37.551483703798354],[126.97574974654786,37.55023098385081],[126.97518241894304,37.550198233803144],[126.9741949775208,37.54880853699353],[126.97280422962788,37.549912380659826],[126.97186154149578,37.549820498863035],[126.97177846104802,37.549467352530954],[126.97010996330457,37.54815868129827],[126.97069855182957,37.548703359465115],[126.97011687148228,37.54909018194141],[126.9706744466154,37.550959461811104],[126.96914909792639,37.55253026429772],[126.96917333134006,37.5548775402918]]],[[[126.97645989489186,37.55352320373828],[126.97657188069526,37.554222549207324],[126.97655412394347,37.55351088913706],[126.97645989489186,37.55352320373828]]]]}},{"type":"Feature","properties":{"legal_dong_code":"1117013100","sigungu_code":"11170","district":"용산구","legal_dong":"한남동","risk_score":41.85829011614518,"risk_level":"주의","data_confidence":"낮음","market_risk_score":42.379198406847976,"building_risk_score":54.92308428814555,"district_context_score":18.0,"jeonse_ratio_pct":58.930446550272066,"high80_share_pct":7.903780068728522,"sale_decline_pct":0.0,"sale_count":1024.0,"jeonse_count":1867.0,"matched_group_count":35.0,"nonapt_building_share_pct":52.38095238095239,"old20_share_pct":19.047619047619047,"official_total":4,"official_dong_evidence_count":0,"major_reasons":"비아파트 건물 비중 52.4% | 80% 이상 매칭 비중 7.9% | 최근 36개월 추정 전세가율 58.9%","score_version":"seoul-dong-v1.0","score_scope":"서울 법정동 시장·건물구조 상대위험"},"geometry":{"type":"Polygon","coordinates":[[[126.99463382687047,37.53797182371069],[126.99558885169026,37.53962971126647],[126.99760228793778,37.540861208763054],[126.99788100663635,37.542121796115595],[126.99522369362458,37.54722891186344],[126.99634515069656,37.5474489704133],[126.99672398801405,37.54852293208802],[126.9983449603091,37.549708114566506],[127.00168477441233,37.55006868866685],[127.00286564738401,37.54963288972162],[127.00433205628535,37.55024692534579],[127.00469872282359,37.5486962471903],[127.00613446135988,37.54821194399029],[127.00499795349904,37.54617154352572],[127.0072641463769,37.54385577081834],[127.00898804384566,37.544132882560994],[127.00867428464596,37.541979999288245],[127.00959210800922,37.539581444030055],[127.01148096396523,37.53899327589418],[127.01261106537646,37.5393404627983],[127.01385891528987,37.539042912279626],[127.01726256267216,37.537681810117746],[127.01719230801464,37.53377728406506],[127.00765093304331,37.52465837306225],[127.00425698153731,37.52701161062331],[127.00367578077375,37.52668375973705],[127.00380793629125,37.52736662106085],[127.00280095709672,37.528158961845094],[127.00382912937292,37.52932373366319],[127.00335195871659,37.53031009640533],[127.00057511018943,37.53190757822793],[126.99749548301713,37.53268706234563],[126.99701281852224,37.53523764050041],[126.99463382687047,37.53797182371069]]]}},{"type":"Feature","properties":{"legal_dong_code":"1117011800","sigungu_code":"11170","district":"용산구","legal_dong":"원효로4가","risk_score":18.999462533261827,"risk_level":"낮음","data_confidence":"낮음","market_risk_score":18.705190398111174,"building_risk_score":20.30539317758049,"district_context_score":18.0,"jeonse_ratio_pct":28.847446278245744,"high80_share_pct":0.0,"sale_decline_pct":0.0,"sale_count":259.0,"jeonse_count":1108.0,"matched_group_count":11.0,"nonapt_building_share_pct":0.0,"old20_share_pct":0.0,"official_total":4,"official_dong_evidence_count":0,"major_reasons":"최근 매매 단가 하락 신호 0.0% | 용산구 공식 피해·보증사고 배경지표 상위 | 80% 이상 매칭 비중 0.0%","score_version":"seoul-dong-v1.0","score_scope":"서울 법정동 시장·건물구조 상대위험"},"geometry":{"type":"Polygon","coordinates":[[[126.9530968716358,37.53522530466361],[126.95515122683203,37.53463319437791],[126.95447918954098,37.53420494776408],[126.95429247508221,37.53239097501567],[126.95578089562434,37.532086024809175],[126.95346017408522,37.53063441311546],[126.94704984953142,37.530631630824814],[126.94545938696228,37.53265814965379],[126.94770263014897,37.53402823472764],[126.94743096533227,37.534316131185676],[126.951262997431,37.53383033243602],[126.9530968716358,37.53522530466361]]]}},{"type":"Feature","properties":{"legal_dong_code":"1117012900","sigungu_code":"11170","district":"용산구","legal_dong":"이촌동","risk_score":20.612035014746315,"risk_level":"낮음","data_confidence":"낮음","market_risk_score":15.938738106722587,"building_risk_score":33.39516860285105,"district_context_score":18.0,"jeonse_ratio_pct":33.160030247828956,"high80_share_pct":0.0,"sale_decline_pct":0.0,"sale_count":1446.0,"jeonse_count":5629.0,"matched_group_count":23.0,"nonapt_building_share_pct":0.0,"old20_share_pct":21.052631578947366,"official_total":4,"official_dong_evidence_count":0,"major_reasons":"20년 이상 주거건물 비중 21.1% | 최근 매매 단가 하락 신호 0.0% | 용산구 공식 피해·보증사고 배경지표 상위","score_version":"seoul-dong-v1.0","score_scope":"서울 법정동 시장·건물구조 상대위험"},"geometry":{"type":"Polygon","coordinates":[[[126.95441416125979,37.5311209106866],[126.95520129456341,37.5273279193603],[126.95693962357734,37.526971560154365],[126.95698959707993,37.5254226250392],[126.96113472176093,37.5229207274702],[126.9656569127529,37.521768084126414],[126.97062458057877,37.52280308261481],[126.98294624371411,37.51947050163134],[126.98280579222066,37.516542017294526],[126.98157678012001,37.51645050025417],[126.98251118962115,37.51599917408442],[126.98241285263506,37.50653301331778],[126.97523689405263,37.507023624706946],[126.96685735347216,37.5098917077872],[126.9612002306024,37.51350252264639],[126.94988655694887,37.51751998661829],[126.94988000445089,37.52702892521722],[126.94704984953142,37.530631630824814],[126.95346017408522,37.53063441311546],[126.95441416125979,37.5311209106866]]]}},{"type":"Feature","properties":{"legal_dong_code":"1117010100","sigungu_code":"11170","district":"용산구","legal_dong":"후암동","risk_score":31.836587869213094,"risk_level":"낮음","data_confidence":"낮음","market_risk_score":24.039494487420722,"building_risk_score":58.85156470704265,"district_context_score":18.0,"jeonse_ratio_pct":39.04710057534441,"high80_share_pct":0.0,"sale_decline_pct":0.0,"sale_count":1127.0,"jeonse_count":4375.0,"matched_group_count":22.0,"nonapt_building_share_pct":66.66666666666666,"old20_share_pct":33.33333333333333,"official_total":4,"official_dong_evidence_count":0,"major_reasons":"비아파트 건물 비중 66.7% | 20년 이상 주거건물 비중 33.3% | 최근 매매 단가 하락 신호 0.0%","score_version":"seoul-dong-v1.0","score_scope":"서울 법정동 시장·건물구조 상대위험"},"geometry":{"type":"Polygon","coordinates":[[[126.97654847175397,37.55522204886043],[126.9787971947862,37.55408757049765],[126.97873159865642,37.55320391143529],[126.9803861985342,37.55332200562814],[126.98084703329339,37.55386055516286],[126.98401650492575,37.553047563119826],[126.98542331875625,37.55372660556318],[126.98610649942641,37.55335630851437],[126.98771995524996,37.55144505631491],[126.98758564779754,37.548839176233706],[126.98685796650574,37.54774901477253],[126.98610259636283,37.54785506437846],[126.98354352102331,37.54652259567661],[126.9750817817349,37.545583874130244],[126.97506383966001,37.54643520811821],[126.97457183130408,37.546512483042434],[126.97505187625087,37.54698650414614],[126.97325182514749,37.54788054624647],[126.9745075947032,37.54957577586067],[126.97574974654786,37.55023098385081],[126.97505806073848,37.551483703798354],[126.97669618671691,37.55258622344631],[126.97654847175397,37.55522204886043]]]}},{"type":"Feature","properties":{"legal_dong_code":"1117012500","sigungu_code":"11170","district":"용산구","legal_dong":"한강로2가","risk_score":49.13215109113055,"risk_level":"주의","data_confidence":"낮음","market_risk_score":68.07404864620132,"building_risk_score":22.350887613639046,"district_context_score":18.0,"jeonse_ratio_pct":66.48913226121653,"high80_share_pct":39.05723905723906,"sale_decline_pct":2.0547202416838846,"sale_count":765.0,"jeonse_count":1750.0,"matched_group_count":15.0,"nonapt_building_share_pct":0.0,"old20_share_pct":0.0,"official_total":4,"official_dong_evidence_count":0,"major_reasons":"80% 이상 매칭 비중 39.1% | 최근 매매 단가 하락 신호 2.1% | 최근 36개월 추정 전세가율 66.5%","score_version":"seoul-dong-v1.0","score_scope":"서울 법정동 시장·건물구조 상대위험"},"geometry":{"type":"Polygon","coordinates":[[[126.96379804964583,37.53431521253302],[126.96889630070504,37.533680692425634],[126.97068270031347,37.53655266507626],[126.97318876463684,37.53557759826969],[126.97109272014578,37.53324381024901],[126.97314296499876,37.532500433210195],[126.97250404298339,37.53182655988386],[126.97337190411102,37.531283083156545],[126.97194951251701,37.53002615532035],[126.96944876657197,37.52928101132031],[126.96911557445942,37.527381867539944],[126.96750319884603,37.52760905947223],[126.96596429119495,37.52600204281669],[126.9650631343528,37.526541608085694],[126.96475271612321,37.52770293887415],[126.96724391345742,37.53023438269454],[126.96426564028211,37.53271554778823],[126.96379804964583,37.53431521253302]]]}},{"type":"Feature","properties":{"legal_dong_code":"1117010400","sigungu_code":"11170","district":"용산구","legal_dong":"갈월동","risk_score":41.23470337736781,"risk_level":"주의","data_confidence":"낮음","market_risk_score":30.357396845548784,"building_risk_score":81.28106108015416,"district_context_score":18.0,"jeonse_ratio_pct":37.16994624960834,"high80_share_pct":3.278688524590164,"sale_decline_pct":0.0,"sale_count":179.0,"jeonse_count":489.0,"matched_group_count":11.0,"nonapt_building_share_pct":100.0,"old20_share_pct":100.0,"official_total":4,"official_dong_evidence_count":0,"major_reasons":"20년 이상 주거건물 비중 100.0% | 비아파트 건물 비중 100.0% | 80% 이상 매칭 비중 3.3%","score_version":"seoul-dong-v1.0","score_scope":"서울 법정동 시장·건물구조 상대위험"},"geometry":{"type":"Polygon","coordinates":[[[126.97280422962788,37.549912380659826],[126.97393285502072,37.54903557088616],[126.97325768663445,37.547851238400185],[126.97505187625087,37.54698650414614],[126.97457183130408,37.546512483042434],[126.97532766388026,37.54554532142264],[126.97208762760371,37.5451102082936],[126.97330558667818,37.54037641346071],[126.97107590646291,37.53995520436337],[126.9707519369445,37.54866003570751],[126.97186154149578,37.549820498863035],[126.97280422962788,37.549912380659826]]]}},{"type":"Feature","properties":{"legal_dong_code":"1117010200","sigungu_code":"11170","district":"용산구","legal_dong":"용산동2가","risk_score":31.795449291387108,"risk_level":"낮음","data_confidence":"낮음","market_risk_score":23.771120908162544,"building_risk_score":59.33110698595833,"district_context_score":18.0,"jeonse_ratio_pct":37.947590157791836,"high80_share_pct":0.0,"sale_decline_pct":0.0,"sale_count":755.0,"jeonse_count":1663.0,"matched_group_count":15.0,"nonapt_building_share_pct":100.0,"old20_share_pct":50.0,"official_total":4,"official_dong_evidence_count":0,"major_reasons":"비아파트 건물 비중 100.0% | 20년 이상 주거건물 비중 50.0% | 최근 매매 단가 하락 신호 0.0%","score_version":"seoul-dong-v1.0","score_scope":"서울 법정동 시장·건물구조 상대위험"},"geometry":{"type":"Polygon","coordinates":[[[126.98771995524996,37.55144505631491],[126.99070658994705,37.55110321625005],[126.99330789746412,37.54885428175091],[126.99027770593884,37.5465592971493],[126.98949405299773,37.544049255054674],[126.98833024219965,37.5430112330214],[126.98663595685493,37.53818206320734],[126.98730198382684,37.53459307505654],[126.98599196848299,37.5350391180794],[126.9805999605702,37.534824489448525],[126.98040113247147,37.53913570583375],[126.97836891392154,37.54596034085424],[126.98354352102331,37.54652259567661],[126.98610259636283,37.54785506437846],[126.98685796650574,37.54774901477253],[126.98758564779754,37.548839176233706],[126.98771995524996,37.55144505631491]]]}},{"type":"Feature","properties":{"legal_dong_code":"1117012300","sigungu_code":"11170","district":"용산구","legal_dong":"신계동","risk_score":20.731840667693117,"risk_level":"낮음","data_confidence":"낮음","market_risk_score":20.688566202018468,"building_risk_score":22.47480378592816,"district_context_score":18.0,"jeonse_ratio_pct":44.050308884882604,"high80_share_pct":0.0,"sale_decline_pct":0.0,"sale_count":106.0,"jeonse_count":716.0,"matched_group_count":5.0,"nonapt_building_share_pct":0.0,"old20_share_pct":0.0,"official_total":4,"official_dong_evidence_count":0,"major_reasons":"최근 매매 단가 하락 신호 0.0% | 용산구 공식 피해·보증사고 배경지표 상위 | 80% 이상 매칭 비중 0.0%","score_version":"seoul-dong-v1.0","score_scope":"서울 법정동 시장·건물구조 상대위험"},"geometry":{"type":"Polygon","coordinates":[[[126.96113854423025,37.534172886245],[126.96491442608671,37.53527133755323],[126.96541951672619,37.53707381267145],[126.96688883422244,37.53764017533022],[126.96877327078059,37.535030986247776],[126.96871829871712,37.53370552856738],[126.96490171205575,37.53447809907323],[126.96233680597936,37.53336417064894],[126.96054358309259,37.53343145200401],[126.96113854423025,37.534172886245]]]}},{"type":"Feature","properties":{"legal_dong_code":"1117011300","sigungu_code":"11170","district":"용산구","legal_dong":"원효로2가","risk_score":37.60968971270411,"risk_level":"주의","data_confidence":"낮음","market_risk_score":50.73146797857316,"building_risk_score":17.883235702240864,"district_context_score":18.0,"jeonse_ratio_pct":65.27328925844593,"high80_share_pct":0.0,"sale_decline_pct":0.0,"sale_count":147.0,"jeonse_count":736.0,"matched_group_count":2.0,"nonapt_building_share_pct":0.0,"old20_share_pct":0.0,"official_total":4,"official_dong_evidence_count":0,"major_reasons":"최근 36개월 추정 전세가율 65.3% | 최근 매매 단가 하락 신호 0.0% | 용산구 공식 피해·보증사고 배경지표 상위","score_version":"seoul-dong-v1.0","score_scope":"서울 법정동 시장·건물구조 상대위험"},"geometry":{"type":"Polygon","coordinates":[[[126.96393437339027,37.53846218488755],[126.96688883422244,37.53764017533022],[126.96541951672619,37.53707381267145],[126.96491442608671,37.53527133755323],[126.96113854423025,37.534172886245],[126.96000892359397,37.53520360043785],[126.96198588238707,37.536429845695935],[126.96194619798226,37.53712437190163],[126.96353507001088,37.53745272889291],[126.96393437339027,37.53846218488755]]]}},{"type":"Feature","properties":{"legal_dong_code":"1117012700","sigungu_code":"11170","district":"용산구","legal_dong":"용산동5가","risk_score":22.575511393726075,"risk_level":"낮음","data_confidence":"낮음","market_risk_score":16.307508282905346,"building_risk_score":40.364025695931474,"district_context_score":18.0,"jeonse_ratio_pct":44.58203962974935,"high80_share_pct":0.0,"sale_decline_pct":null,"sale_count":101.0,"jeonse_count":239.0,"matched_group_count":7.0,"nonapt_building_share_pct":null,"old20_share_pct":null,"official_total":4,"official_dong_evidence_count":0,"major_reasons":"용산구 공식 피해·보증사고 배경지표 상위 | 80% 이상 매칭 비중 0.0% | 최근 36개월 추정 전세가율 44.6%","score_version":"seoul-dong-v1.0","score_scope":"서울 법정동 시장·건물구조 상대위험"},"geometry":{"type":"Polygon","coordinates":[[[126.96781994854103,37.527416751904994],[126.96911557445942,37.527381867539944],[126.96944876657197,37.52928101132031],[126.97134550205256,37.53008054874689],[126.97636027335727,37.52920263235483],[126.98013684481839,37.52961331974333],[126.98007055945187,37.526177068057734],[126.97698908022045,37.5215203510677],[126.97645310139487,37.52158620943563],[126.97680062824091,37.521119179596795],[126.97200197624207,37.52255119220804],[126.97162524081817,37.52335220833387],[126.97001757173904,37.523506437334476],[126.96962804396671,37.52466657112015],[126.97030085078607,37.5264001206763],[126.96781994854103,37.527416751904994]]]}},{"type":"Feature","properties":{"legal_dong_code":"1117012400","sigungu_code":"11170","district":"용산구","legal_dong":"한강로1가","risk_score":33.18912911633522,"risk_level":"낮음","data_confidence":"낮음","market_risk_score":42.33986256572838,"building_risk_score":20.34084630759275,"district_context_score":18.0,"jeonse_ratio_pct":63.75522279661236,"high80_share_pct":0.0,"sale_decline_pct":0.0,"sale_count":320.0,"jeonse_count":785.0,"matched_group_count":16.0,"nonapt_building_share_pct":0.0,"old20_share_pct":0.0,"official_total":4,"official_dong_evidence_count":0,"major_reasons":"최근 36개월 추정 전세가율 63.8% | 최근 매매 단가 하락 신호 0.0% | 용산구 공식 피해·보증사고 배경지표 상위","score_version":"seoul-dong-v1.0","score_scope":"서울 법정동 시장·건물구조 상대위험"},"geometry":{"type":"Polygon","coordinates":[[[126.97107590646291,37.53995520436337],[126.97330558667818,37.54037641346071],[126.97402629106638,37.53763962880403],[126.97487325788374,37.53759446693999],[126.9751782228484,37.53510581209356],[126.97429506186495,37.534762315338654],[126.97430172023411,37.534279672717474],[126.97547890643851,37.53361384262927],[126.97535613956525,37.53289913835142],[126.97413615148041,37.532017762015066],[126.97353663542037,37.53232860851645],[126.97337487175896,37.53130391484302],[126.97250404298339,37.53182655988386],[126.97314296499876,37.532500433210195],[126.97109272014578,37.53324381024901],[126.97318876463684,37.53557759826969],[126.97068270031347,37.53655266507626],[126.97107590646291,37.53995520436337]]]}},{"type":"Feature","properties":{"legal_dong_code":"1117012800","sigungu_code":"11170","district":"용산구","legal_dong":"한강로3가","risk_score":36.0285575094465,"risk_level":"주의","data_confidence":"낮음","market_risk_score":45.18609886391226,"building_risk_score":24.867592764396573,"district_context_score":18.0,"jeonse_ratio_pct":57.75894899956736,"high80_share_pct":20.689655172413794,"sale_decline_pct":0.0,"sale_count":464.0,"jeonse_count":1263.0,"matched_group_count":16.0,"nonapt_building_share_pct":0.0,"old20_share_pct":50.0,"official_total":4,"official_dong_evidence_count":0,"major_reasons":"80% 이상 매칭 비중 20.7% | 20년 이상 주거건물 비중 50.0% | 최근 36개월 추정 전세가율 57.8%","score_version":"seoul-dong-v1.0","score_scope":"서울 법정동 시장·건물구조 상대위험"},"geometry":{"type":"Polygon","coordinates":[[[126.96781994854103,37.527416751904994],[126.97030085078607,37.5264001206763],[126.96962804396671,37.52466657112015],[126.97001757173904,37.523506437334476],[126.97162524081817,37.52335220833387],[126.97200197624207,37.52255119220804],[126.97018538581976,37.522789452000886],[126.9659468388861,37.52177730788491],[126.9638701525251,37.52200414754823],[126.96031167151534,37.52328953586914],[126.95698959707993,37.5254226250392],[126.95693962357734,37.526971560154365],[126.95520129456341,37.5273279193603],[126.95470709670533,37.52816247782862],[126.95441416125979,37.5311209106866],[126.95770424694986,37.533153800768154],[126.9623109903405,37.53335902641856],[126.96379804964583,37.53431521253302],[126.96426564028211,37.53271554778823],[126.96724391345742,37.53023438269454],[126.96475271612321,37.52770293887415],[126.9650631343528,37.526541608085694],[126.96596429119495,37.52600204281669],[126.96781994854103,37.527416751904994]]]}},{"type":"Feature","properties":{"legal_dong_code":"1117012200","sigungu_code":"11170","district":"용산구","legal_dong":"문배동","risk_score":58.526181668522256,"risk_level":"높음","data_confidence":"낮음","market_risk_score":65.61750218938184,"building_risk_score":65.82272141957262,"district_context_score":18.0,"jeonse_ratio_pct":66.01378506117267,"high80_share_pct":30.726256983240223,"sale_decline_pct":4.04767179174215,"sale_count":548.0,"jeonse_count":2211.0,"matched_group_count":19.0,"nonapt_building_share_pct":100.0,"old20_share_pct":0.0,"official_total":4,"official_dong_evidence_count":0,"major_reasons":"비아파트 건물 비중 100.0% | 최근 매매 단가 하락 신호 4.0% | 80% 이상 매칭 비중 30.7%","score_version":"seoul-dong-v1.0","score_scope":"서울 법정동 시장·건물구조 상대위험"},"geometry":{"type":"Polygon","coordinates":[[[126.97088905937841,37.540573867622335],[126.97053553632159,37.53586349293876],[126.96871829871712,37.53370552856738],[126.96850457262356,37.53587403391102],[126.96694500596904,37.53784707777876],[126.96938239639235,37.53871012441219],[126.97088905937841,37.540573867622335]]]}},{"type":"Feature","properties":{"legal_dong_code":"1117011200","sigungu_code":"11170","district":"용산구","legal_dong":"원효로1가","risk_score":43.887336757115165,"risk_level":"주의","data_confidence":"낮음","market_risk_score":54.38340501607825,"building_risk_score":34.22917498987285,"district_context_score":18.0,"jeonse_ratio_pct":61.920650777091154,"high80_share_pct":24.293785310734464,"sale_decline_pct":0.0,"sale_count":413.0,"jeonse_count":2922.0,"matched_group_count":18.0,"nonapt_building_share_pct":12.5,"old20_share_pct":0.0,"official_total":4,"official_dong_evidence_count":0,"major_reasons":"80% 이상 매칭 비중 24.3% | 최근 36개월 추정 전세가율 61.9% | 비아파트 건물 비중 12.5%","score_version":"seoul-dong-v1.0","score_scope":"서울 법정동 시장·건물구조 상대위험"},"geometry":{"type":"Polygon","coordinates":[[[126.96488946336467,37.541501505836145],[126.96814107116978,37.54145036519928],[126.96845753400287,37.54216486000934],[126.97056267350278,37.541516220582],[126.97105604868696,37.54184688691439],[126.97015722754587,37.53933249520899],[126.96688883422244,37.53764017533022],[126.96401544536981,37.53850271929544],[126.96488946336467,37.541501505836145]]]}},{"type":"Feature","properties":{"legal_dong_code":"1117011100","sigungu_code":"11170","district":"용산구","legal_dong":"청파동3가","risk_score":42.95609211352991,"risk_level":"주의","data_confidence":"낮음","market_risk_score":46.343018179277145,"building_risk_score":49.8011248238545,"district_context_score":18.0,"jeonse_ratio_pct":50.93977701550021,"high80_share_pct":10.4,"sale_decline_pct":0.03656785038617457,"sale_count":254.0,"jeonse_count":1437.0,"matched_group_count":11.0,"nonapt_building_share_pct":75.0,"old20_share_pct":0.0,"official_total":4,"official_dong_evidence_count":0,"major_reasons":"비아파트 건물 비중 75.0% | 최근 매매 단가 하락 신호 0.0% | 80% 이상 매칭 비중 10.4%","score_version":"seoul-dong-v1.0","score_scope":"서울 법정동 시장·건물구조 상대위험"},"geometry":{"type":"Polygon","coordinates":[[[126.9706506423325,37.54509982240246],[126.97105604868696,37.54184688691439],[126.97056267350278,37.541516220582],[126.96845753400287,37.54216486000934],[126.96814107116978,37.54145036519928],[126.96488946336467,37.541501505836145],[126.96460237356031,37.5426076366936],[126.9621783860965,37.541812458275636],[126.96206433190926,37.54386859234007],[126.96340780298085,37.54394710448952],[126.9650887813625,37.54514892744048],[126.96854007820833,37.54437525988398],[126.9706506423325,37.54509982240246]],[[126.96294633032961,37.54259256540114],[126.96440760106098,37.54295454771598],[126.96426110840184,37.54366769986277],[126.96312752782339,37.543552667541846],[126.96294633032961,37.54259256540114]]]}},{"type":"Feature","properties":{"legal_dong_code":"1117010500","sigungu_code":"11170","district":"용산구","legal_dong":"남영동","risk_score":47.57182628771288,"risk_level":"주의","data_confidence":"낮음","market_risk_score":67.65460263449592,"building_risk_score":17.116258828061323,"district_context_score":18.0,"jeonse_ratio_pct":null,"high80_share_pct":null,"sale_decline_pct":null,"sale_count":10.0,"jeonse_count":39.0,"matched_group_count":null,"nonapt_building_share_pct":0.0,"old20_share_pct":0.0,"official_total":4,"official_dong_evidence_count":0,"major_reasons":"용산구 공식 피해·보증사고 배경지표 상위 | 20년 이상 주거건물 비중 0.0% | 비아파트 건물 비중 0.0%","score_version":"seoul-dong-v1.0","score_scope":"서울 법정동 시장·건물구조 상대위험"},"geometry":{"type":"Polygon","coordinates":[[[126.97343738419644,37.545292257992166],[126.9746555278776,37.54066589276602],[126.97329684104382,37.54040422501015],[126.97208762760371,37.5451102082936],[126.97343738419644,37.545292257992166]]]}},{"type":"Feature","properties":{"legal_dong_code":"1117010600","sigungu_code":"11170","district":"용산구","legal_dong":"용산동1가","risk_score":8.371196886800494,"risk_level":"자료 부족","data_confidence":"자료 부족","market_risk_score":null,"building_risk_score":2.593915018880793,"district_context_score":18.0,"jeonse_ratio_pct":null,"high80_share_pct":null,"sale_decline_pct":null,"sale_count":null,"jeonse_count":null,"matched_group_count":null,"nonapt_building_share_pct":null,"old20_share_pct":null,"official_total":4,"official_dong_evidence_count":0,"major_reasons":"용산구 공식 피해·보증사고 배경지표 상위","score_version":"seoul-dong-v1.0","score_scope":"서울 법정동 시장·건물구조 상대위험"},"geometry":{"type":"Polygon","coordinates":[[[126.97343738419644,37.545292257992166],[126.97836891392154,37.54596034085424],[126.98040113247147,37.53913570583375],[126.98060928194964,37.53474866349518],[126.97575750090768,37.5345680378092],[126.97501858482786,37.53509196415518],[126.97487325788374,37.53759446693999],[126.97402629106638,37.53763962880403],[126.97329684104382,37.54040422501015],[126.9746555278776,37.54066589276602],[126.97343738419644,37.545292257992166]]]}},{"type":"Feature","properties":{"legal_dong_code":"1117011000","sigungu_code":"11170","district":"용산구","legal_dong":"청파동2가","risk_score":32.011992493084094,"risk_level":"낮음","data_confidence":"낮음","market_risk_score":30.520104307438963,"building_risk_score":43.99971963448286,"district_context_score":18.0,"jeonse_ratio_pct":39.045010118279215,"high80_share_pct":0.0,"sale_decline_pct":0.0,"sale_count":138.0,"jeonse_count":773.0,"matched_group_count":6.0,"nonapt_building_share_pct":50.0,"old20_share_pct":0.0,"official_total":4,"official_dong_evidence_count":0,"major_reasons":"비아파트 건물 비중 50.0% | 최근 매매 단가 하락 신호 0.0% | 용산구 공식 피해·보증사고 배경지표 상위","score_version":"seoul-dong-v1.0","score_scope":"서울 법정동 시장·건물구조 상대위험"},"geometry":{"type":"Polygon","coordinates":[[[126.96344001064718,37.54867862711002],[126.96578774387075,37.548057073170924],[126.96722955008457,37.54680571720252],[126.9704406064189,37.54685797143153],[126.97130256521883,37.54424873390288],[126.9706506423325,37.54509982240246],[126.96854007820833,37.54437525988398],[126.9650887813625,37.54514892744048],[126.96340780298085,37.54394710448952],[126.96206433190926,37.54386859234007],[126.96293434329016,37.546772523867],[126.96337165443562,37.54680323658237],[126.96344001064718,37.54867862711002]]]}},{"type":"Feature","properties":{"legal_dong_code":"1117011400","sigungu_code":"11170","district":"용산구","legal_dong":"신창동","risk_score":32.284432166703716,"risk_level":"낮음","data_confidence":"낮음","market_risk_score":30.615184955994334,"building_risk_score":44.861284772428455,"district_context_score":18.0,"jeonse_ratio_pct":36.824085046748124,"high80_share_pct":0.0,"sale_decline_pct":4.638390001674941,"sale_count":109.0,"jeonse_count":671.0,"matched_group_count":6.0,"nonapt_building_share_pct":0.0,"old20_share_pct":100.0,"official_total":4,"official_dong_evidence_count":0,"major_reasons":"20년 이상 주거건물 비중 100.0% | 최근 매매 단가 하락 신호 4.6% | 용산구 공식 피해·보증사고 배경지표 상위","score_version":"seoul-dong-v1.0","score_scope":"서울 법정동 시장·건물구조 상대위험"},"geometry":{"type":"Polygon","coordinates":[[[126.9530968716358,37.53522530466361],[126.95413237588383,37.53712715349425],[126.95527438866381,37.537240770897114],[126.95679920608995,37.535634346859275],[126.95647366486993,37.534725310146975],[126.9555956670193,37.53444891666411],[126.9530968716358,37.53522530466361]]]}},{"type":"Feature","properties":{"legal_dong_code":"1117011500","sigungu_code":"11170","district":"용산구","legal_dong":"산천동","risk_score":16.608054915688804,"risk_level":"낮음","data_confidence":"낮음","market_risk_score":15.510917349480646,"building_risk_score":18.406018024001668,"district_context_score":18.0,"jeonse_ratio_pct":42.69740186739442,"high80_share_pct":0.0,"sale_decline_pct":null,"sale_count":196.0,"jeonse_count":743.0,"matched_group_count":5.0,"nonapt_building_share_pct":0.0,"old20_share_pct":0.0,"official_total":4,"official_dong_evidence_count":0,"major_reasons":"용산구 공식 피해·보증사고 배경지표 상위 | 80% 이상 매칭 비중 0.0% | 20년 이상 주거건물 비중 0.0%","score_version":"seoul-dong-v1.0","score_scope":"서울 법정동 시장·건물구조 상대위험"},"geometry":{"type":"Polygon","coordinates":[[[126.95339737505664,37.5375694420476],[126.95408185921961,37.536783872906284],[126.95264094943002,37.53457532950352],[126.951262997431,37.53383033243602],[126.94901715999563,37.53430137689162],[126.94893980660036,37.53571860488926],[126.95123146929687,37.536267938288056],[126.95339737505664,37.5375694420476]]]}},{"type":"Feature","properties":{"legal_dong_code":"1117010900","sigungu_code":"11170","district":"용산구","legal_dong":"청파동1가","risk_score":29.57078154756824,"risk_level":"낮음","data_confidence":"낮음","market_risk_score":23.492028565000304,"building_risk_score":51.10225763427224,"district_context_score":18.0,"jeonse_ratio_pct":32.74821577554455,"high80_share_pct":0.0,"sale_decline_pct":0.0,"sale_count":381.0,"jeonse_count":1955.0,"matched_group_count":11.0,"nonapt_building_share_pct":50.0,"old20_share_pct":0.0,"official_total":4,"official_dong_evidence_count":0,"major_reasons":"비아파트 건물 비중 50.0% | 최근 매매 단가 하락 신호 0.0% | 용산구 공식 피해·보증사고 배경지표 상위","score_version":"seoul-dong-v1.0","score_scope":"서울 법정동 시장·건물구조 상대위험"},"geometry":{"type":"Polygon","coordinates":[[[126.9638964291971,37.54977900971435],[126.96510229414557,37.550100158564085],[126.96627944187712,37.55146840910416],[126.9683100144043,37.55010531183178],[126.97013776821332,37.54961368136306],[126.97069855182957,37.548703359465115],[126.97010996330457,37.54815868129827],[126.97086711338706,37.548660065658964],[126.97083367298117,37.54637097115628],[126.9704406064189,37.54685797143153],[126.96722955008457,37.54680571720252],[126.96578774387075,37.548057073170924],[126.96350919831485,37.54836600543939],[126.9638964291971,37.54977900971435]]]}},{"type":"Feature","properties":{"legal_dong_code":"1117013000","sigungu_code":"11170","district":"용산구","legal_dong":"이태원동","risk_score":27.61207718511652,"risk_level":"낮음","data_confidence":"낮음","market_risk_score":27.525225477702133,"building_risk_score":33.587767593980956,"district_context_score":18.0,"jeonse_ratio_pct":37.78827340754656,"high80_share_pct":0.0,"sale_decline_pct":0.2786643207120295,"sale_count":858.0,"jeonse_count":2489.0,"matched_group_count":29.0,"nonapt_building_share_pct":14.285714285714285,"old20_share_pct":0.0,"official_total":4,"official_dong_evidence_count":0,"major_reasons":"최근 매매 단가 하락 신호 0.3% | 비아파트 건물 비중 14.3% | 용산구 공식 피해·보증사고 배경지표 상위","score_version":"seoul-dong-v1.0","score_scope":"서울 법정동 시장·건물구조 상대위험"},"geometry":{"type":"Polygon","coordinates":[[[126.98663595685493,37.53818206320734],[126.99027770593884,37.5465592971493],[126.99330789746412,37.54885428175091],[126.99582157227827,37.546663705174275],[126.99788650157097,37.54220977818058],[126.99760228793778,37.540861208763054],[126.99558885169026,37.53962971126647],[126.99463382687047,37.53797182371069],[126.99701281852224,37.53523764050041],[126.99701560736261,37.53345119578498],[126.99781871145612,37.53259833403714],[126.99573460092142,37.52919172717923],[126.99347101807005,37.52887585922932],[126.9927670505576,37.529376383574025],[126.99202504465497,37.529021289479125],[126.98820424223847,37.53424741496112],[126.9870882133897,37.53472087306921],[126.98663595685493,37.53818206320734]]]}},{"type":"Feature","properties":{"legal_dong_code":"1117013600","sigungu_code":"11170","district":"용산구","legal_dong":"보광동","risk_score":25.526258729911575,"risk_level":"낮음","data_confidence":"낮음","market_risk_score":24.89111751722306,"building_risk_score":31.566352878310965,"district_context_score":18.0,"jeonse_ratio_pct":16.649756415899553,"high80_share_pct":0.0,"sale_decline_pct":0.0,"sale_count":445.0,"jeonse_count":1254.0,"matched_group_count":8.0,"nonapt_building_share_pct":14.285714285714285,"old20_share_pct":14.285714285714285,"official_total":4,"official_dong_evidence_count":0,"major_reasons":"비아파트 건물 비중 14.3% | 20년 이상 주거건물 비중 14.3% | 최근 매매 단가 하락 신호 0.0%","score_version":"seoul-dong-v1.0","score_scope":"서울 법정동 시장·건물구조 상대위험"},"geometry":{"type":"Polygon","coordinates":[[[127.00765093304331,37.52465837306225],[127.00318634112759,37.52116710991862],[127.00074066297091,37.5232133066308],[127.00002978192448,37.522654034055435],[126.99826670611769,37.52315404204308],[126.9983596521642,37.524409355993534],[126.99680995606623,37.52496053311812],[126.99700434729051,37.526548165623325],[126.99571099589811,37.529263075757015],[126.99781871145612,37.53259833403714],[127.00057511018943,37.53190757822793],[127.00335195871659,37.53031009640533],[127.00382912937292,37.52932373366319],[127.00280095709672,37.528158961845094],[127.00380793629125,37.52736662106085],[127.00367578077375,37.52668375973705],[127.00425698153731,37.52701161062331],[127.00765093304331,37.52465837306225]]]}},{"type":"Feature","properties":{"legal_dong_code":"1117010800","sigungu_code":"11170","district":"용산구","legal_dong":"서계동","risk_score":36.07093340230251,"risk_level":"주의","data_confidence":"낮음","market_risk_score":35.7257785144401,"building_risk_score":47.74186517455377,"district_context_score":18.0,"jeonse_ratio_pct":35.11000725904547,"high80_share_pct":13.138686131386862,"sale_decline_pct":0.0,"sale_count":374.0,"jeonse_count":908.0,"matched_group_count":14.0,"nonapt_building_share_pct":50.0,"old20_share_pct":0.0,"official_total":4,"official_dong_evidence_count":0,"major_reasons":"비아파트 건물 비중 50.0% | 80% 이상 매칭 비중 13.1% | 최근 매매 단가 하락 신호 0.0%","score_version":"seoul-dong-v1.0","score_scope":"서울 법정동 시장·건물구조 상대위험"},"geometry":{"type":"Polygon","coordinates":[[[126.96918583602832,37.55566521639471],[126.96914909792639,37.55253026429772],[126.9706744466154,37.550959461811104],[126.97013776821332,37.54961368136306],[126.9683100144043,37.55010531183178],[126.96627944187712,37.55146840910416],[126.9640913815223,37.54956541064291],[126.9623289352127,37.55153904516089],[126.96570959842181,37.554152477844156],[126.96918583602832,37.55566521639471]]]}},{"type":"Feature","properties":{"legal_dong_code":"1117013400","sigungu_code":"11170","district":"용산구","legal_dong":"주성동","risk_score":65.86606211410142,"risk_level":"높음","data_confidence":"낮음","market_risk_score":94.6623746552213,"building_risk_score":25.474549283874588,"district_context_score":18.0,"jeonse_ratio_pct":null,"high80_share_pct":null,"sale_decline_pct":null,"sale_count":36.0,"jeonse_count":175.0,"matched_group_count":null,"nonapt_building_share_pct":0.0,"old20_share_pct":0.0,"official_total":4,"official_dong_evidence_count":0,"major_reasons":"용산구 공식 피해·보증사고 배경지표 상위 | 20년 이상 주거건물 비중 0.0% | 비아파트 건물 비중 0.0%","score_version":"seoul-dong-v1.0","score_scope":"서울 법정동 시장·건물구조 상대위험"},"geometry":{"type":"Polygon","coordinates":[[[126.9973982778901,37.524812368463124],[126.9983596521642,37.524409355993534],[126.99826670611769,37.52315404204308],[127.00002978192448,37.522654034055435],[127.00074066297091,37.5232133066308],[127.00318634112759,37.52116710991862],[126.99893681310273,37.5183284974883],[126.99735251106634,37.521890718830406],[126.99786742261878,37.52413015047927],[126.9973982778901,37.524812368463124]]]}},{"type":"Feature","properties":{"legal_dong_code":"1117013300","sigungu_code":"11170","district":"용산구","legal_dong":"서빙고동","risk_score":27.437700304272685,"risk_level":"낮음","data_confidence":"낮음","market_risk_score":23.521545219926494,"building_risk_score":42.49909268926715,"district_context_score":18.0,"jeonse_ratio_pct":30.727099001151206,"high80_share_pct":0.0,"sale_decline_pct":1.9487840423442395,"sale_count":187.0,"jeonse_count":749.0,"matched_group_count":9.0,"nonapt_building_share_pct":25.0,"old20_share_pct":0.0,"official_total":4,"official_dong_evidence_count":0,"major_reasons":"최근 매매 단가 하락 신호 1.9% | 비아파트 건물 비중 25.0% | 용산구 공식 피해·보증사고 배경지표 상위","score_version":"seoul-dong-v1.0","score_scope":"서울 법정동 시장·건물구조 상대위험"},"geometry":{"type":"Polygon","coordinates":[[[126.99182885289214,37.52515190722502],[126.993987434431,37.523346002004054],[126.99751175340417,37.51742979533142],[126.99067159163461,37.51310240217886],[126.98547005955758,37.516227177729654],[126.98525273661839,37.519139473512524],[126.987842464897,37.51924641654475],[126.98784868672158,37.52079494951914],[126.98983193462087,37.522364822556746],[126.99110824597032,37.524917920610505],[126.99182885289214,37.52515190722502]]]}},{"type":"Feature","properties":{"legal_dong_code":"1120011500","sigungu_code":"11200","district":"성동구","legal_dong":"성수동2가","risk_score":40.990863924741724,"risk_level":"주의","data_confidence":"높음","market_risk_score":41.165753436577376,"building_risk_score":59.1656474511812,"district_context_score":10.0,"jeonse_ratio_pct":50.16056600291545,"high80_share_pct":22.535211267605636,"sale_decline_pct":0.0,"sale_count":1410.0,"jeonse_count":4588.0,"matched_group_count":20.0,"nonapt_building_share_pct":34.529411764705884,"old20_share_pct":92.76470588235294,"official_total":25,"official_dong_evidence_count":0,"major_reasons":"20년 이상 주거건물 비중 92.8% | 80% 이상 매칭 비중 22.5% | 비아파트 건물 비중 34.5%","score_version":"seoul-dong-v1.0","score_scope":"서울 법정동 시장·건물구조 상대위험"},"geometry":{"type":"Polygon","coordinates":[[[127.06007534899057,37.54836566758686],[127.06746432381284,37.548328895214446],[127.0562218222654,37.52832707571666],[127.0489224708358,37.53253192646327],[127.05035565438914,37.536625591552855],[127.05195020967767,37.53843209694184],[127.05130463577932,37.53988960035785],[127.05053939624875,37.5401110150437],[127.05191354010003,37.54347766095432],[127.04959247987988,37.544175356711534],[127.0522328951417,37.55111077753728],[127.06007534899057,37.54836566758686]]]}},{"type":"Feature","properties":{"legal_dong_code":"1120010400","sigungu_code":"11200","district":"성동구","legal_dong":"도선동","risk_score":65.37064693319633,"risk_level":"높음","data_confidence":"높음","market_risk_score":79.03898888534977,"building_risk_score":65.78901440794584,"district_context_score":10.0,"jeonse_ratio_pct":96.26223365328454,"high80_share_pct":73.6,"sale_decline_pct":0.0,"sale_count":362.0,"jeonse_count":1199.0,"matched_group_count":7.0,"nonapt_building_share_pct":30.42168674698795,"old20_share_pct":87.95180722891565,"official_total":25,"official_dong_evidence_count":0,"major_reasons":"최근 36개월 추정 전세가율 96.3% | 80% 이상 매칭 비중 73.6% | 20년 이상 주거건물 비중 88.0%","score_version":"seoul-dong-v1.0","score_scope":"서울 법정동 시장·건물구조 상대위험"},"geometry":{"type":"Polygon","coordinates":[[[127.03009364644268,37.565431478229975],[127.03631766786575,37.564720252204],[127.03556493068965,37.56140782330404],[127.03010022910212,37.56411515905813],[127.03009364644268,37.565431478229975]]]}},{"type":"Feature","properties":{"legal_dong_code":"1120010700","sigungu_code":"11200","district":"성동구","legal_dong":"행당동","risk_score":37.991305011291324,"risk_level":"주의","data_confidence":"높음","market_risk_score":38.03182956002518,"building_risk_score":54.68882910110487,"district_context_score":10.0,"jeonse_ratio_pct":55.63426803198857,"high80_share_pct":7.495069033530571,"sale_decline_pct":0.0,"sale_count":1883.0,"jeonse_count":5841.0,"matched_group_count":20.0,"nonapt_building_share_pct":28.560663149962323,"old20_share_pct":88.99773926149209,"official_total":25,"official_dong_evidence_count":0,"major_reasons":"20년 이상 주거건물 비중 89.0% | 80% 이상 매칭 비중 7.5% | 비아파트 건물 비중 28.6%","score_version":"seoul-dong-v1.0","score_scope":"서울 법정동 시장·건물구조 상대위험"},"geometry":{"type":"Polygon","coordinates":[[[127.02430374214799,37.55799908059443],[127.02548227320818,37.55808128786132],[127.02779695768199,37.56033840514818],[127.02946927897713,37.56006239942427],[127.031879634496,37.56061094830764],[127.03350048049394,37.56257763224418],[127.03556493068965,37.56140782330404],[127.03649385248187,37.56604882507311],[127.03779615135247,37.56590393156625],[127.03904752499231,37.5622000617204],[127.0418001403129,37.56224606022282],[127.0413718794856,37.561013436034244],[127.0426819510986,37.560402232910974],[127.0433219656412,37.5587089045248],[127.04534646942888,37.55787536758162],[127.04611525515071,37.55666514939856],[127.04605212617336,37.553450304910164],[127.04275858099358,37.55312438749597],[127.04087204750883,37.55229195735656],[127.04015689488072,37.55327665190251],[127.03780864802752,37.55243980004134],[127.03901267601283,37.553616378839926],[127.03716869702801,37.55367961384476],[127.0353718470377,37.554811786592914],[127.03304728682865,37.55423129138185],[127.03132843354562,37.55290669614275],[127.02548767247414,37.55515081665246],[127.02475364464858,37.55571586622402],[127.02489631230851,37.55731627571526],[127.02430374214799,37.55799908059443]]]}},{"type":"Feature","properties":{"legal_dong_code":"1120010100","sigungu_code":"11200","district":"성동구","legal_dong":"상왕십리동","risk_score":44.57500341626275,"risk_level":"주의","data_confidence":"보통","market_risk_score":55.5149227520736,"building_risk_score":39.06419906007437,"district_context_score":10.0,"jeonse_ratio_pct":60.09949605564158,"high80_share_pct":20.754716981132077,"sale_decline_pct":8.547833881369758,"sale_count":187.0,"jeonse_count":718.0,"matched_group_count":8.0,"nonapt_building_share_pct":2.3255813953488373,"old20_share_pct":66.27906976744185,"official_total":25,"official_dong_evidence_count":0,"major_reasons":"최근 매매 단가 하락 신호 8.5% | 80% 이상 매칭 비중 20.8% | 20년 이상 주거건물 비중 66.3%","score_version":"seoul-dong-v1.0","score_scope":"서울 법정동 시장·건물구조 상대위험"},"geometry":{"type":"Polygon","coordinates":[[[127.02339124972029,37.57190714995583],[127.02519191940338,37.570852295551056],[127.02616050992476,37.57125621743175],[127.0272882836336,37.570923268890944],[127.02643354248971,37.57024563916766],[127.0255587952106,37.56612358298153],[127.02493531428492,37.56567604307967],[127.02729314065397,37.56534112293387],[127.02722518572129,37.565019809130796],[127.02358707219375,37.56516245090842],[127.02339124972029,37.57190714995583]]]}},{"type":"Feature","properties":{"legal_dong_code":"1120010300","sigungu_code":"11200","district":"성동구","legal_dong":"홍익동","risk_score":58.04605773044903,"risk_level":"높음","data_confidence":"높음","market_risk_score":64.98992526038518,"building_risk_score":70.2084102968717,"district_context_score":10.0,"jeonse_ratio_pct":72.84881399446361,"high80_share_pct":18.867924528301888,"sale_decline_pct":0.0,"sale_count":142.0,"jeonse_count":452.0,"matched_group_count":8.0,"nonapt_building_share_pct":31.671554252199414,"old20_share_pct":90.02932551319648,"official_total":25,"official_dong_evidence_count":0,"major_reasons":"20년 이상 주거건물 비중 90.0% | 최근 36개월 추정 전세가율 72.8% | 80% 이상 매칭 비중 18.9%","score_version":"seoul-dong-v1.0","score_scope":"서울 법정동 시장·건물구조 상대위험"},"geometry":{"type":"Polygon","coordinates":[[[127.02891100979164,37.56621332110648],[127.03001730999136,37.56762291697571],[127.03325524946727,37.56832140207985],[127.03350508127272,37.568838276633336],[127.03281067982599,37.56892360609774],[127.03240292870494,37.569671984063916],[127.03024444593584,37.56926283167254],[127.0302887901425,37.56980916200742],[127.03216656864497,37.570086941615955],[127.03351808435114,37.568990585154374],[127.0336138550592,37.56843232490966],[127.03288594239778,37.56806138546524],[127.03474452012993,37.566242358102784],[127.03649405661702,37.5660496719419],[127.03631778103546,37.56472021613111],[127.03009413238848,37.5654294869274],[127.03010025173579,37.56411515004273],[127.02896175962552,37.56465964444093],[127.02940217023101,37.5654861894097],[127.02891100979164,37.56621332110648]]]}},{"type":"Feature","properties":{"legal_dong_code":"1120010600","sigungu_code":"11200","district":"성동구","legal_dong":"사근동","risk_score":44.34717682216564,"risk_level":"주의","data_confidence":"높음","market_risk_score":47.39224294027839,"building_risk_score":57.64732423199443,"district_context_score":10.0,"jeonse_ratio_pct":61.42158987267411,"high80_share_pct":6.0606060606060606,"sale_decline_pct":0.0,"sale_count":151.0,"jeonse_count":853.0,"matched_group_count":8.0,"nonapt_building_share_pct":36.440677966101696,"old20_share_pct":94.0677966101695,"official_total":25,"official_dong_evidence_count":0,"major_reasons":"20년 이상 주거건물 비중 94.1% | 비아파트 건물 비중 36.4% | 최근 36개월 추정 전세가율 61.4%","score_version":"seoul-dong-v1.0","score_scope":"서울 법정동 시장·건물구조 상대위험"},"geometry":{"type":"Polygon","coordinates":[[[127.0413718794856,37.561013436034244],[127.0418726902552,37.56230869023417],[127.04260694825724,37.561930165712056],[127.04388786468293,37.56248828123634],[127.04572417678179,37.56232807888129],[127.04586364754469,37.56325631559842],[127.04703391283371,37.56438606172351],[127.0470172511812,37.565334133533035],[127.04920629066369,37.56245037560073],[127.04933106890739,37.56371616962447],[127.05101307083487,37.56285251831161],[127.05117886527785,37.56198744511132],[127.05005674061374,37.56069446056317],[127.05165572132364,37.55946513113584],[127.0512294785628,37.55842407368913],[127.05209771490766,37.55766989188352],[127.05144521284505,37.55695983817745],[127.05148364489807,37.555685389549524],[127.0490123046567,37.552550656597035],[127.04605212617336,37.553450304910164],[127.04611525515071,37.55666514939856],[127.04534646942888,37.55787536758162],[127.0433219656412,37.5587089045248],[127.04268241496766,37.560401926412865],[127.0413718794856,37.561013436034244]]]}},{"type":"Feature","properties":{"legal_dong_code":"1120011000","sigungu_code":"11200","district":"성동구","legal_dong":"금호동2가","risk_score":29.67035643758161,"risk_level":"낮음","data_confidence":"높음","market_risk_score":20.92154763631042,"building_risk_score":62.46971142318143,"district_context_score":10.0,"jeonse_ratio_pct":46.85726360409567,"high80_share_pct":0.0,"sale_decline_pct":0.0,"sale_count":525.0,"jeonse_count":1477.0,"matched_group_count":7.0,"nonapt_building_share_pct":25.352112676056336,"old20_share_pct":85.68075117370893,"official_total":25,"official_dong_evidence_count":0,"major_reasons":"20년 이상 주거건물 비중 85.7% | 비아파트 건물 비중 25.4% | 최근 매매 단가 하락 신호 0.0%","score_version":"seoul-dong-v1.0","score_scope":"서울 법정동 시장·건물구조 상대위험"},"geometry":{"type":"Polygon","coordinates":[[[127.01961313049904,37.55716672018135],[127.01998900091507,37.55461832844284],[127.02532346413365,37.552032909149965],[127.02609528616571,37.549891807418675],[127.02567087516823,37.548171362176504],[127.02516956631393,37.55005788693394],[127.02097332263968,37.55176048955134],[127.01863510172585,37.55190366768805],[127.01786240171991,37.550370822250066],[127.01688070250002,37.55122257969981],[127.01620175889748,37.55264484397224],[127.01733893951892,37.555850835445064],[127.01807250766059,37.55688810784007],[127.01961313049904,37.55716672018135]]]}},{"type":"Feature","properties":{"legal_dong_code":"1120011100","sigungu_code":"11200","district":"성동구","legal_dong":"금호동3가","risk_score":28.029086585327967,"risk_level":"낮음","data_confidence":"높음","market_risk_score":18.80125479159093,"building_risk_score":60.99333484149364,"district_context_score":10.0,"jeonse_ratio_pct":35.99641675389917,"high80_share_pct":0.0,"sale_decline_pct":0.0,"sale_count":605.0,"jeonse_count":1983.0,"matched_group_count":16.0,"nonapt_building_share_pct":40.993071593533486,"old20_share_pct":92.60969976905312,"official_total":25,"official_dong_evidence_count":0,"major_reasons":"20년 이상 주거건물 비중 92.6% | 비아파트 건물 비중 41.0% | 최근 매매 단가 하락 신호 0.0%","score_version":"seoul-dong-v1.0","score_scope":"서울 법정동 시장·건물구조 상대위험"},"geometry":{"type":"Polygon","coordinates":[[[127.01322028838595,37.55012566425725],[127.01620175889748,37.55264484397224],[127.01786260551096,37.550371254697566],[127.01863510172585,37.55190366768805],[127.02097332263968,37.55176048955134],[127.02503379942993,37.55015420296152],[127.02561219276751,37.54818105081133],[127.01651219115979,37.54858018239282],[127.01535154028441,37.548250804508555],[127.01413089666649,37.55024263627236],[127.01345761927864,37.54971587876431],[127.01322028838595,37.55012566425725]]]}},{"type":"Feature","properties":{"legal_dong_code":"1120011400","sigungu_code":"11200","district":"성동구","legal_dong":"성수동1가","risk_score":45.34895126798917,"risk_level":"주의","data_confidence":"높음","market_risk_score":47.13833614650993,"building_risk_score":62.263798320332874,"district_context_score":10.0,"jeonse_ratio_pct":53.609261471278586,"high80_share_pct":12.219959266802444,"sale_decline_pct":2.4320185473668343,"sale_count":1251.0,"jeonse_count":5498.0,"matched_group_count":30.0,"nonapt_building_share_pct":33.99136335595311,"old20_share_pct":89.45095619987661,"official_total":25,"official_dong_evidence_count":0,"major_reasons":"20년 이상 주거건물 비중 89.5% | 최근 매매 단가 하락 신호 2.4% | 80% 이상 매칭 비중 12.2%","score_version":"seoul-dong-v1.0","score_scope":"서울 법정동 시장·건물구조 상대위험"},"geometry":{"type":"Polygon","coordinates":[[[127.05195020967767,37.53843209694184],[127.04891941963535,37.53251961110414],[127.04604435550797,37.534239771698495],[127.04038815846882,37.53582315618467],[127.03580667123371,37.53582956671758],[127.03581155511372,37.53784715906958],[127.03315183141794,37.541451872005936],[127.03148550024072,37.542419116383414],[127.03118193432172,37.54616107557427],[127.03311483899138,37.54651175371536],[127.03560978080178,37.548157432467654],[127.0376739869664,37.55053675054536],[127.04275858099358,37.55312438749597],[127.04616956854262,37.553574975660766],[127.0522328951417,37.55111077753728],[127.04959247987988,37.544175356711534],[127.05191354010003,37.54347766095432],[127.05053939624875,37.5401110150437],[127.05130463577932,37.53988960035785],[127.05195020967767,37.53843209694184]]]}},{"type":"Feature","properties":{"legal_dong_code":"1120010900","sigungu_code":"11200","district":"성동구","legal_dong":"금호동1가","risk_score":32.98667508747577,"risk_level":"낮음","data_confidence":"높음","market_risk_score":20.688768442846847,"building_risk_score":76.29365608707063,"district_context_score":10.0,"jeonse_ratio_pct":46.748305205025474,"high80_share_pct":0.0,"sale_decline_pct":0.0,"sale_count":729.0,"jeonse_count":2045.0,"matched_group_count":8.0,"nonapt_building_share_pct":43.93530997304582,"old20_share_pct":90.83557951482479,"official_total":25,"official_dong_evidence_count":0,"major_reasons":"20년 이상 주거건물 비중 90.8% | 비아파트 건물 비중 43.9% | 최근 매매 단가 하락 신호 0.0%","score_version":"seoul-dong-v1.0","score_scope":"서울 법정동 시장·건물구조 상대위험"},"geometry":{"type":"Polygon","coordinates":[[[127.01956213146794,37.55748549822659],[127.02460525546424,37.55774343823566],[127.02475364464858,37.55571586622402],[127.02946361678408,37.55384071353565],[127.02894342551356,37.55277602685203],[127.02958125767081,37.55163911502694],[127.02881101489626,37.54938321416129],[127.02928009584292,37.54888579371738],[127.02567087516823,37.548171362176504],[127.02609528616571,37.549891807418675],[127.0252199137052,37.552168357897635],[127.02143535484414,37.5535687097799],[127.01998900091507,37.55461832844284],[127.01956213146794,37.55748549822659]]]}},{"type":"Feature","properties":{"legal_dong_code":"1120011200","sigungu_code":"11200","district":"성동구","legal_dong":"금호동4가","risk_score":26.98744655083015,"risk_level":"낮음","data_confidence":"높음","market_risk_score":19.679384468410085,"building_risk_score":54.719263479136394,"district_context_score":10.0,"jeonse_ratio_pct":44.708305967437724,"high80_share_pct":0.0,"sale_decline_pct":0.0,"sale_count":656.0,"jeonse_count":2045.0,"matched_group_count":12.0,"nonapt_building_share_pct":19.565217391304348,"old20_share_pct":79.59866220735786,"official_total":25,"official_dong_evidence_count":0,"major_reasons":"20년 이상 주거건물 비중 79.6% | 비아파트 건물 비중 19.6% | 최근 매매 단가 하락 신호 0.0%","score_version":"seoul-dong-v1.0","score_scope":"서울 법정동 시장·건물구조 상대위험"},"geometry":{"type":"Polygon","coordinates":[[[127.01486072919936,37.54764129526196],[127.01644941993023,37.54857898301818],[127.02594501315835,37.5480461851195],[127.02930277246557,37.54894368607985],[127.03152658297188,37.54625108765991],[127.03148550024072,37.542419116383414],[127.02293225769908,37.54145416731986],[127.02199774000556,37.5425665269763],[127.02109650754988,37.54207882856737],[127.02163168505547,37.54280020815507],[127.0203639113985,37.543683767957916],[127.0201998275328,37.54532309475335],[127.01844314881038,37.545051476303556],[127.01700548706239,37.545844708537764],[127.01555398328838,37.545398016095774],[127.01486072919936,37.54764129526196]]]}},{"type":"Feature","properties":{"legal_dong_code":"1120012200","sigungu_code":"11200","district":"성동구","legal_dong":"용답동","risk_score":61.75131295986863,"risk_level":"높음","data_confidence":"높음","market_risk_score":72.52273962069953,"building_risk_score":66.95067674979565,"district_context_score":10.0,"jeonse_ratio_pct":70.4538773135273,"high80_share_pct":42.69662921348314,"sale_decline_pct":0.0,"sale_count":1612.0,"jeonse_count":2838.0,"matched_group_count":15.0,"nonapt_building_share_pct":39.301700984780666,"old20_share_pct":88.98836168307967,"official_total":25,"official_dong_evidence_count":0,"major_reasons":"20년 이상 주거건물 비중 89.0% | 80% 이상 매칭 비중 42.7% | 최근 36개월 추정 전세가율 70.5%","score_version":"seoul-dong-v1.0","score_scope":"서울 법정동 시장·건물구조 상대위험"},"geometry":{"type":"Polygon","coordinates":[[[127.03812934410557,37.57226510203809],[127.03817731444089,37.57302129501642],[127.04190268885009,37.572969687268774],[127.0479506500966,37.57038424184159],[127.05876084781114,37.56231431538015],[127.0720030393293,37.56009903564342],[127.06803809004192,37.55608677815743],[127.06290921826196,37.55687188568394],[127.05745816262765,37.55662672260213],[127.05410326718446,37.557361201595036],[127.05180723380647,37.552257290097444],[127.04982702714956,37.55202942736354],[127.0490123046567,37.552550656597035],[127.05148364489807,37.555685389549524],[127.05144521284505,37.55695983817745],[127.05209771490766,37.55766989188352],[127.0512294785628,37.55842407368913],[127.05165572132364,37.55946513113584],[127.05005674061374,37.56069446056317],[127.05117886527785,37.56198744511132],[127.05101307083487,37.56285251831161],[127.04928481801282,37.56355108212702],[127.04556357567928,37.56995037576201],[127.04199821778965,37.571673565880985],[127.03812934410557,37.57226510203809]]]}},{"type":"Feature","properties":{"legal_dong_code":"1120010500","sigungu_code":"11200","district":"성동구","legal_dong":"마장동","risk_score":37.51880732010645,"risk_level":"주의","data_confidence":"높음","market_risk_score":33.86000575223486,"building_risk_score":62.81121547506214,"district_context_score":10.0,"jeonse_ratio_pct":51.704704528193616,"high80_share_pct":4.132231404958678,"sale_decline_pct":0.0,"sale_count":906.0,"jeonse_count":2646.0,"matched_group_count":20.0,"nonapt_building_share_pct":24.472843450479235,"old20_share_pct":88.94568690095846,"official_total":25,"official_dong_evidence_count":0,"major_reasons":"20년 이상 주거건물 비중 88.9% | 비아파트 건물 비중 24.5% | 80% 이상 매칭 비중 4.1%","score_version":"seoul-dong-v1.0","score_scope":"서울 법정동 시장·건물구조 상대위험"},"geometry":{"type":"Polygon","coordinates":[[[127.03216656864497,37.570086941615955],[127.03677717369813,37.57224283573794],[127.04040793654444,37.572066291340974],[127.04323935402392,37.57114468649374],[127.04619664803776,37.56932314034746],[127.04928481801282,37.56355108212702],[127.04920629066369,37.56245037560073],[127.0470172511812,37.565334133533035],[127.04703391283371,37.56438606172351],[127.04540156243297,37.56215781316995],[127.04416384475823,37.5625182749167],[127.04260700485328,37.56193017470226],[127.0418726902552,37.56230869023417],[127.03904752499231,37.5622000617204],[127.03779615135247,37.56590393156625],[127.03474461337399,37.56624842172946],[127.03288594239778,37.56806138546524],[127.0336138550592,37.56843232490966],[127.03351808435114,37.568990585154374],[127.03216656864497,37.570086941615955]]]}},{"type":"Feature","properties":{"legal_dong_code":"1120010200","sigungu_code":"11200","district":"성동구","legal_dong":"하왕십리동","risk_score":46.50638390150928,"risk_level":"주의","data_confidence":"높음","market_risk_score":50.71295592062005,"building_risk_score":58.31444139654902,"district_context_score":10.0,"jeonse_ratio_pct":60.57978002205424,"high80_share_pct":11.937377690802348,"sale_decline_pct":1.3749817225216572,"sale_count":1685.0,"jeonse_count":5084.0,"matched_group_count":18.0,"nonapt_building_share_pct":27.36943907156673,"old20_share_pct":83.17214700193423,"official_total":25,"official_dong_evidence_count":0,"major_reasons":"20년 이상 주거건물 비중 83.2% | 최근 매매 단가 하락 신호 1.4% | 80% 이상 매칭 비중 11.9%","score_version":"seoul-dong-v1.0","score_scope":"서울 법정동 시장·건물구조 상대위험"},"geometry":{"type":"Polygon","coordinates":[[[127.02238704891305,37.559027554310504],[127.02393802864177,37.561375627041336],[127.0259292108927,37.56260371294715],[127.02677803623779,37.565039745411106],[127.02722715530037,37.565020178107346],[127.02729314065397,37.56534112293387],[127.02493456730964,37.565676250455226],[127.0255587952106,37.56612358298153],[127.02643354248971,37.57024563916766],[127.02721006525066,37.57085719847917],[127.03028885797237,37.56980893674388],[127.0303503498618,37.56923410037766],[127.03240292870494,37.569671984063916],[127.03281067982599,37.56892360609774],[127.03350508127272,37.568838276633336],[127.03325524946727,37.56832140207985],[127.03001417455364,37.56762278258425],[127.02891100979164,37.56621332110648],[127.02940217023101,37.5654861894097],[127.02896174836965,37.56465981563144],[127.03316187729712,37.56286187741438],[127.03473992668305,37.56163317048007],[127.03350048049394,37.56257763224418],[127.031879634496,37.56061094830764],[127.02946927897713,37.56006239942427],[127.02779695768199,37.56033840514818],[127.02548227320818,37.55808128786132],[127.02430374214799,37.55799908059443],[127.0245749933031,37.55774693097952],[127.02294580634555,37.5577176133184],[127.02284709673563,37.558956924614215],[127.02238704891305,37.559027554310504]]]}},{"type":"Feature","properties":{"legal_dong_code":"1120010800","sigungu_code":"11200","district":"성동구","legal_dong":"응봉동","risk_score":36.245313898337166,"risk_level":"주의","data_confidence":"높음","market_risk_score":27.242496082759413,"building_risk_score":73.59926499472607,"district_context_score":10.0,"jeonse_ratio_pct":38.46015655152186,"high80_share_pct":0.0,"sale_decline_pct":10.880687999147332,"sale_count":932.0,"jeonse_count":2259.0,"matched_group_count":12.0,"nonapt_building_share_pct":43.12267657992565,"old20_share_pct":98.3271375464684,"official_total":25,"official_dong_evidence_count":0,"major_reasons":"20년 이상 주거건물 비중 98.3% | 최근 매매 단가 하락 신호 10.9% | 비아파트 건물 비중 43.1%","score_version":"seoul-dong-v1.0","score_scope":"서울 법정동 시장·건물구조 상대위험"},"geometry":{"type":"Polygon","coordinates":[[[127.02881101489626,37.54938321416129],[127.02958125767081,37.55163911502694],[127.02894342551356,37.55277602685203],[127.02951586695626,37.553869848199945],[127.03177498999378,37.55294583872508],[127.03304728682865,37.55423129138185],[127.03595058529913,37.554766930132566],[127.03716869702801,37.55367961384476],[127.03901267601283,37.553616378839926],[127.03781270728935,37.5524326539378],[127.04015689488072,37.55327665190251],[127.04087204750883,37.55229195735656],[127.0376739869664,37.55053675054536],[127.03560978080178,37.548157432467654],[127.03274703970173,37.54635176336631],[127.03152658297188,37.54625108765991],[127.02881101489626,37.54938321416129]]]}},{"type":"Feature","properties":{"legal_dong_code":"1120011800","sigungu_code":"11200","district":"성동구","legal_dong":"송정동","risk_score":41.17756183529876,"risk_level":"주의","data_confidence":"높음","market_risk_score":39.66874515626004,"building_risk_score":63.505258966170956,"district_context_score":10.0,"jeonse_ratio_pct":53.04198441485807,"high80_share_pct":0.0,"sale_decline_pct":5.1296872716056505,"sale_count":412.0,"jeonse_count":1349.0,"matched_group_count":11.0,"nonapt_building_share_pct":35.23908523908524,"old20_share_pct":88.25363825363826,"official_total":25,"official_dong_evidence_count":0,"major_reasons":"20년 이상 주거건물 비중 88.3% | 최근 매매 단가 하락 신호 5.1% | 비아파트 건물 비중 35.2%","score_version":"seoul-dong-v1.0","score_scope":"서울 법정동 시장·건물구조 상대위험"},"geometry":{"type":"Polygon","coordinates":[[[127.06803809004192,37.55608677815743],[127.07200179476345,37.56009946886121],[127.07373449998242,37.55941486820134],[127.06746432381284,37.548328895214446],[127.05971769408872,37.548414497924234],[127.05050757698334,37.55183295625983],[127.05180723380647,37.552257290097444],[127.05410326718446,37.557361201595036],[127.05745816262765,37.55662672260213],[127.06290921826196,37.55687188568394],[127.06803809004192,37.55608677815743]]]}},{"type":"Feature","properties":{"legal_dong_code":"1120011300","sigungu_code":"11200","district":"성동구","legal_dong":"옥수동","risk_score":29.57209685228333,"risk_level":"낮음","data_confidence":"높음","market_risk_score":25.27488258757038,"building_risk_score":51.62866919896442,"district_context_score":10.0,"jeonse_ratio_pct":43.27970426626287,"high80_share_pct":4.627249357326478,"sale_decline_pct":0.0,"sale_count":1236.0,"jeonse_count":4476.0,"matched_group_count":16.0,"nonapt_building_share_pct":15.151515151515152,"old20_share_pct":65.26806526806527,"official_total":25,"official_dong_evidence_count":0,"major_reasons":"20년 이상 주거건물 비중 65.3% | 80% 이상 매칭 비중 4.6% | 비아파트 건물 비중 15.2%","score_version":"seoul-dong-v1.0","score_scope":"서울 법정동 시장·건물구조 상대위험"},"geometry":{"type":"Polygon","coordinates":[[[127.00815256137903,37.54502577939639],[127.00969384172595,37.547888907971384],[127.01159502728957,37.548487920288245],[127.01216662695568,37.54941589109871],[127.01413089666649,37.55024263627236],[127.01539486238926,37.54814954601797],[127.01486072919936,37.54764129526196],[127.01555398328838,37.545398016095774],[127.01700548706239,37.545844708537764],[127.01844314881038,37.545051476303556],[127.0201998275328,37.54532309475335],[127.0203639113985,37.543683767957916],[127.02163168505547,37.54280020815507],[127.02109650754988,37.54207882856737],[127.02199774000556,37.5425665269763],[127.02293225769908,37.54145416731986],[127.03148550024072,37.542419116383414],[127.03315183141794,37.541451872005936],[127.03581155511372,37.53784715906958],[127.03580667123371,37.53582956671758],[127.02117869829952,37.53581843787495],[127.01719162234257,37.533798691763124],[127.0172627663399,37.53768183712036],[127.01389527487962,37.53907469549884],[127.0114834348987,37.53902571142516],[127.00958969283269,37.539638963567306],[127.00869962068353,37.54199342253553],[127.00893079894672,37.54447960589032],[127.00815256137903,37.54502577939639]]]}},{"type":"Feature","properties":{"legal_dong_code":"1121510500","sigungu_code":"11215","district":"광진구","legal_dong":"자양동","risk_score":48.8242653994651,"risk_level":"주의","data_confidence":"높음","market_risk_score":33.582935817356415,"building_risk_score":82.298015636205,"district_context_score":54.0,"jeonse_ratio_pct":48.72800602534614,"high80_share_pct":5.2668052668052665,"sale_decline_pct":0.0,"sale_count":5225.0,"jeonse_count":16887.0,"matched_group_count":46.0,"nonapt_building_share_pct":45.08723599632691,"old20_share_pct":80.82644628099173,"official_total":134,"official_dong_evidence_count":0,"major_reasons":"20년 이상 주거건물 비중 80.8% | 비아파트 건물 비중 45.1% | 광진구 공식 피해·보증사고 배경지표 상위","score_version":"seoul-dong-v1.0","score_scope":"서울 법정동 시장·건물구조 상대위험"},"geometry":{"type":"Polygon","coordinates":[[[127.08239138320488,37.54148518868443],[127.08365540013786,37.541179141237976],[127.08317435401094,37.540020095958916],[127.08356928308366,37.53650309471047],[127.08940118489745,37.537859668366444],[127.09012420893579,37.53340286165971],[127.09109868515606,37.53369440878668],[127.09152891362295,37.533283589108564],[127.09190764677355,37.530705917638336],[127.09271336681353,37.530608982018926],[127.091292962318,37.52794997556523],[127.09016104707695,37.527006948904535],[127.08563283695092,37.52475895449922],[127.07997464283179,37.522951884804804],[127.07694214678642,37.52251417459054],[127.06866313475312,37.52387066372031],[127.05621796871883,37.528317382802605],[127.0640143299899,37.54222828276158],[127.0750898955735,37.53877513783842],[127.07523182327004,37.53938011090209],[127.07721539559445,37.538894014024706],[127.08080305223787,37.53891713100398],[127.08094833020324,37.540439386276205],[127.08242518344203,37.54008372610339],[127.08278005013105,37.540894132275156],[127.08330764109684,37.540701478289286],[127.08239138320488,37.54148518868443]]]}},{"type":"Feature","properties":{"legal_dong_code":"1121510300","sigungu_code":"11215","district":"광진구","legal_dong":"구의동","risk_score":58.633426281450326,"risk_level":"높음","data_confidence":"높음","market_risk_score":52.58042803108452,"building_risk_score":75.94067785119844,"district_context_score":54.0,"jeonse_ratio_pct":65.92704908483617,"high80_share_pct":8.38174273858921,"sale_decline_pct":0.0,"sale_count":4443.0,"jeonse_count":12114.0,"matched_group_count":37.0,"nonapt_building_share_pct":57.57723181707613,"old20_share_pct":74.50741911943565,"official_total":134,"official_dong_evidence_count":0,"major_reasons":"비아파트 건물 비중 57.6% | 20년 이상 주거건물 비중 74.5% | 최근 36개월 추정 전세가율 65.9%","score_version":"seoul-dong-v1.0","score_scope":"서울 법정동 시장·건물구조 상대위험"},"geometry":{"type":"Polygon","coordinates":[[[127.08365540013786,37.541179141237976],[127.08144449007742,37.542038501909765],[127.08145516032442,37.54316196864772],[127.08139034050319,37.54329489079291],[127.07948502798713,37.54322759859521],[127.07998521867032,37.545229811592755],[127.08505186822251,37.545068734854745],[127.08592093024302,37.54629960111149],[127.08544810361184,37.54871770301884],[127.0864643757569,37.549492098873344],[127.08761276765401,37.54938246352462],[127.08940823416641,37.5516150662996],[127.08920290716769,37.552235451814106],[127.09091641900429,37.55278227550602],[127.09500767218907,37.55626251512248],[127.09933489723885,37.558355855899556],[127.10270621566752,37.55902308074627],[127.1049410392425,37.5564132302201],[127.1045841362849,37.55501771980873],[127.10214320208276,37.55308110162826],[127.10040646428511,37.55313812388819],[127.09869251974281,37.55197764762996],[127.09894969073457,37.55111590857953],[127.09792070533703,37.55028815704909],[127.0976353500909,37.54857004692901],[127.0984517606891,37.54696460631017],[127.09314276515218,37.543709147659136],[127.10203004756771,37.53644494774264],[127.091292962318,37.52794997556523],[127.09271336681353,37.530608982018926],[127.09190764677355,37.530705917638336],[127.09152891362295,37.533283589108564],[127.09109868515606,37.53369440878668],[127.09012420893579,37.53340286165971],[127.08940118489745,37.537859668366444],[127.08356928308366,37.53650309471047],[127.08317435401094,37.540020095958916],[127.08365540013786,37.541179141237976]]]}},{"type":"Feature","properties":{"legal_dong_code":"1121510700","sigungu_code":"11215","district":"광진구","legal_dong":"화양동","risk_score":79.41971426882372,"risk_level":"매우 높음","data_confidence":"높음","market_risk_score":88.10015857539912,"building_risk_score":73.83847649433707,"district_context_score":54.0,"jeonse_ratio_pct":83.7089597464535,"high80_share_pct":61.29032258064516,"sale_decline_pct":3.112157797758744,"sale_count":1363.0,"jeonse_count":4086.0,"matched_group_count":17.0,"nonapt_building_share_pct":43.57696566998893,"old20_share_pct":80.56478405315615,"official_total":134,"official_dong_evidence_count":0,"major_reasons":"최근 36개월 추정 전세가율 83.7% | 80% 이상 매칭 비중 61.3% | 최근 매매 단가 하락 신호 3.1%","score_version":"seoul-dong-v1.0","score_scope":"서울 법정동 시장·건물구조 상대위험"},"geometry":{"type":"Polygon","coordinates":[[[127.08144449007742,37.542038501909765],[127.0829675180337,37.54133130871541],[127.08330764109684,37.540701478289286],[127.08278005013105,37.540894132275156],[127.08242518344203,37.54008372610339],[127.08094833020324,37.540439386276205],[127.08080305223787,37.53891713100398],[127.07721539559445,37.538894014024706],[127.07523182327004,37.53938011090209],[127.0750898955735,37.53877513783842],[127.06399761812776,37.542174943859216],[127.06746582982251,37.54832998457275],[127.06811650153666,37.548308482150816],[127.07396060626623,37.547463641953485],[127.07773969484502,37.545726944807946],[127.08156138719518,37.545382841350985],[127.08153707054407,37.54502365049797],[127.07998521867032,37.545229811592755],[127.07948502798713,37.54322759859521],[127.08139034050319,37.54329489079291],[127.08144449007742,37.542038501909765]]]}},{"type":"Feature","properties":{"legal_dong_code":"1121510200","sigungu_code":"11215","district":"광진구","legal_dong":"능동","risk_score":64.92749691429812,"risk_level":"높음","data_confidence":"높음","market_risk_score":64.8762659148365,"building_risk_score":71.60694946158492,"district_context_score":54.0,"jeonse_ratio_pct":71.77640791023813,"high80_share_pct":17.08185053380783,"sale_decline_pct":0.0,"sale_count":482.0,"jeonse_count":2524.0,"matched_group_count":16.0,"nonapt_building_share_pct":60.38834951456311,"old20_share_pct":65.0485436893204,"official_total":134,"official_dong_evidence_count":0,"major_reasons":"비아파트 건물 비중 60.4% | 최근 36개월 추정 전세가율 71.8% | 80% 이상 매칭 비중 17.1%","score_version":"seoul-dong-v1.0","score_scope":"서울 법정동 시장·건물구조 상대위험"},"geometry":{"type":"Polygon","coordinates":[[[127.08505186822251,37.545068734854745],[127.07705893128377,37.545922131564154],[127.07448642058219,37.547060854403526],[127.07426899947266,37.547751994819414],[127.0762438515731,37.5503521390279],[127.07948474003447,37.557173063028394],[127.08767471066778,37.553961793040415],[127.08947576747707,37.55235274704964],[127.08761276765401,37.54938246352462],[127.0864643757569,37.549492098873344],[127.08544810361184,37.54871770301884],[127.08592093024302,37.54629960111149],[127.08505186822251,37.545068734854745]]]}},{"type":"Feature","properties":{"legal_dong_code":"1121510400","sigungu_code":"11215","district":"광진구","legal_dong":"광장동","risk_score":39.496911770870526,"risk_level":"주의","data_confidence":"높음","market_risk_score":28.435300012640155,"building_risk_score":57.34292705314574,"district_context_score":54.0,"jeonse_ratio_pct":50.89111839249614,"high80_share_pct":0.7874015748031495,"sale_decline_pct":0.0,"sale_count":1643.0,"jeonse_count":4348.0,"matched_group_count":27.0,"nonapt_building_share_pct":29.908256880733948,"old20_share_pct":76.69724770642202,"official_total":134,"official_dong_evidence_count":0,"major_reasons":"20년 이상 주거건물 비중 76.7% | 광진구 공식 피해·보증사고 배경지표 상위 | 비아파트 건물 비중 29.9%","score_version":"seoul-dong-v1.0","score_scope":"서울 법정동 시장·건물구조 상대위험"},"geometry":{"type":"Polygon","coordinates":[[[127.10203004756771,37.53644494774264],[127.09314276515218,37.543709147659136],[127.0984517606891,37.54696460631017],[127.0977101249136,37.549325358818855],[127.09792070533703,37.55028815704909],[127.09894969073457,37.55111590857953],[127.0990330106185,37.55224197882153],[127.10040646428511,37.55313812388819],[127.10214320208276,37.55308110162826],[127.10299029860208,37.55356916392673],[127.1045841362849,37.55501771980873],[127.1049410392425,37.5564132302201],[127.10639320458556,37.55646005321532],[127.10854379873766,37.5582453084052],[127.11274276197881,37.558875688256705],[127.11391804066854,37.55839182525181],[127.11331664660554,37.55683459438565],[127.11522562880221,37.55676033194436],[127.11154962780356,37.55051251999288],[127.11147080364591,37.5469267308493],[127.10828177096684,37.54140784903207],[127.10203004756771,37.53644494774264]]]}},{"type":"Feature","properties":{"legal_dong_code":"1121510900","sigungu_code":"11215","district":"광진구","legal_dong":"군자동","risk_score":72.36388040732074,"risk_level":"매우 높음","data_confidence":"높음","market_risk_score":74.28433984147613,"building_risk_score":78.77310600974027,"district_context_score":54.0,"jeonse_ratio_pct":71.57412329868325,"high80_share_pct":39.44444444444444,"sale_decline_pct":0.45500866131026213,"sale_count":808.0,"jeonse_count":3045.0,"matched_group_count":20.0,"nonapt_building_share_pct":47.740112994350284,"old20_share_pct":82.31638418079096,"official_total":134,"official_dong_evidence_count":0,"major_reasons":"80% 이상 매칭 비중 39.4% | 20년 이상 주거건물 비중 82.3% | 비아파트 건물 비중 47.7%","score_version":"seoul-dong-v1.0","score_scope":"서울 법정동 시장·건물구조 상대위험"},"geometry":{"type":"Polygon","coordinates":[[[127.07448642058219,37.547060854403526],[127.06746582982251,37.54832998457275],[127.07373576671908,37.559413975447015],[127.07948474003447,37.557173063028394],[127.0762438515731,37.5503521390279],[127.07428286539434,37.547802396736415],[127.07448642058219,37.547060854403526]]]}},{"type":"Feature","properties":{"legal_dong_code":"1121510100","sigungu_code":"11215","district":"광진구","legal_dong":"중곡동","risk_score":63.246625631514945,"risk_level":"높음","data_confidence":"높음","market_risk_score":57.27646006603174,"building_risk_score":83.12299836758362,"district_context_score":54.0,"jeonse_ratio_pct":68.22608521294885,"high80_share_pct":8.064516129032258,"sale_decline_pct":0.0,"sale_count":4415.0,"jeonse_count":11686.0,"matched_group_count":30.0,"nonapt_building_share_pct":53.39695200113944,"old20_share_pct":77.52456914969378,"official_total":134,"official_dong_evidence_count":0,"major_reasons":"비아파트 건물 비중 53.4% | 20년 이상 주거건물 비중 77.5% | 최근 36개월 추정 전세가율 68.2%","score_version":"seoul-dong-v1.0","score_scope":"서울 법정동 시장·건물구조 상대위험"},"geometry":{"type":"Polygon","coordinates":[[[127.10216863651253,37.55918598858898],[127.09500767218907,37.55626251512248],[127.09091641900429,37.55278227550602],[127.08947576747707,37.55235274704964],[127.08767471066778,37.553961793040415],[127.07238492207405,37.55995981143212],[127.07409169833417,37.564603418153496],[127.07687874012953,37.567929265568324],[127.07820090340067,37.571869632320286],[127.08817707087479,37.57084644435297],[127.08839590958806,37.5701815438281],[127.09049291107353,37.56969780052244],[127.0956043570647,37.57060914224911],[127.09583778321371,37.57134106244871],[127.10085143876641,37.573764805039275],[127.10170208900018,37.57246935866456],[127.10317271374544,37.572352558974096],[127.10429503323742,37.571451428850715],[127.10125087480358,37.56160540963316],[127.10216863651253,37.55918598858898]]]}},{"type":"Feature","properties":{"legal_dong_code":"1123010600","sigungu_code":"11230","district":"동대문구","legal_dong":"장안동","risk_score":67.72122033725152,"risk_level":"높음","data_confidence":"높음","market_risk_score":68.44197395997665,"building_risk_score":67.02414384506216,"district_context_score":66.0,"jeonse_ratio_pct":76.2988239317446,"high80_share_pct":30.106644790812144,"sale_decline_pct":0.0,"sale_count":4977.0,"jeonse_count":8405.0,"matched_group_count":32.0,"nonapt_building_share_pct":39.212930428671825,"old20_share_pct":73.0147575544624,"official_total":503,"official_dong_evidence_count":0,"major_reasons":"최근 36개월 추정 전세가율 76.3% | 80% 이상 매칭 비중 30.1% | 20년 이상 주거건물 비중 73.0%","score_version":"seoul-dong-v1.0","score_scope":"서울 법정동 시장·건물구조 상대위험"},"geometry":{"type":"Polygon","coordinates":[[[127.05659074766916,37.563943074170155],[127.05803931281169,37.563175494913686],[127.06139003164037,37.56562874940792],[127.0653462992807,37.57107066343352],[127.06765169284247,37.57579176651567],[127.0670437810537,37.57661945473236],[127.06854218178977,37.58023624579822],[127.06861090608999,37.58226148842288],[127.07581178312101,37.58094994472356],[127.07722844981245,37.572922207819246],[127.07820190026558,37.57187034345296],[127.0768757177163,37.56791782494814],[127.0740988843109,37.56459035841065],[127.07238645308188,37.55996307209479],[127.07105822218949,37.56055492884675],[127.05876084781114,37.56231431538015],[127.05659074766916,37.563943074170155]]]}},{"type":"Feature","properties":{"legal_dong_code":"1123010100","sigungu_code":"11230","district":"동대문구","legal_dong":"신설동","risk_score":75.74150972785314,"risk_level":"매우 높음","data_confidence":"높음","market_risk_score":86.20735660750344,"building_risk_score":56.46838305340428,"district_context_score":66.0,"jeonse_ratio_pct":90.38494673299657,"high80_share_pct":63.934426229508205,"sale_decline_pct":8.608042727917233,"sale_count":349.0,"jeonse_count":1158.0,"matched_group_count":9.0,"nonapt_building_share_pct":20.677966101694913,"old20_share_pct":75.2542372881356,"official_total":503,"official_dong_evidence_count":0,"major_reasons":"최근 36개월 추정 전세가율 90.4% | 최근 매매 단가 하락 신호 8.6% | 80% 이상 매칭 비중 63.9%","score_version":"seoul-dong-v1.0","score_scope":"서울 법정동 시장·건물구조 상대위험"},"geometry":{"type":"Polygon","coordinates":[[[127.02771742614452,37.57084271622849],[127.02616378844175,37.57124353984923],[127.02520518387159,37.57084575171879],[127.02337072921637,37.57191458690416],[127.0231377964601,37.57804001844334],[127.02441553945374,37.57919447303833],[127.02724976230084,37.57855436902484],[127.02780608071872,37.57754078954422],[127.02771742614452,37.57084271622849]]]}},{"type":"Feature","properties":{"legal_dong_code":"1123010200","sigungu_code":"11230","district":"동대문구","legal_dong":"용두동","risk_score":63.798953726139594,"risk_level":"높음","data_confidence":"높음","market_risk_score":63.49536553866856,"building_risk_score":63.206937611753844,"district_context_score":66.0,"jeonse_ratio_pct":71.50542202438204,"high80_share_pct":25.835475578406168,"sale_decline_pct":0.0,"sale_count":2041.0,"jeonse_count":5340.0,"matched_group_count":26.0,"nonapt_building_share_pct":23.0461811722913,"old20_share_pct":78.46358792184725,"official_total":503,"official_dong_evidence_count":0,"major_reasons":"80% 이상 매칭 비중 25.8% | 최근 36개월 추정 전세가율 71.5% | 20년 이상 주거건물 비중 78.5%","score_version":"seoul-dong-v1.0","score_scope":"서울 법정동 시장·건물구조 상대위험"},"geometry":{"type":"Polygon","coordinates":[[[127.02441553945374,37.57919447303833],[127.02953877851415,37.582684302699015],[127.02963541944564,37.58139442798418],[127.03172955391507,37.58131321832826],[127.03282164576414,37.57832996584843],[127.0387962848431,37.578195677319776],[127.04250116924297,37.57932779136906],[127.04528330417719,37.57720100483128],[127.04526884698043,37.5765803023073],[127.042555130872,37.572696562185286],[127.0381751857256,37.57302012439362],[127.03812997749317,37.57226403867631],[127.03574582303581,37.572033695651776],[127.03256771246342,37.57023503130108],[127.03029585205694,37.569805520294814],[127.02767576670246,37.57041214335563],[127.02801392151248,37.57397943842487],[127.02741761635424,37.57836243116799],[127.02441553945374,37.57919447303833]]]}},{"type":"Feature","properties":{"legal_dong_code":"1123010700","sigungu_code":"11230","district":"동대문구","legal_dong":"청량리동","risk_score":44.77195122517997,"risk_level":"주의","data_confidence":"높음","market_risk_score":34.63175675332696,"building_risk_score":56.37158869273517,"district_context_score":66.0,"jeonse_ratio_pct":47.638309539913266,"high80_share_pct":10.16949152542373,"sale_decline_pct":0.0,"sale_count":905.0,"jeonse_count":2374.0,"matched_group_count":32.0,"nonapt_building_share_pct":21.481028151774787,"old20_share_pct":75.45899632802937,"official_total":503,"official_dong_evidence_count":0,"major_reasons":"20년 이상 주거건물 비중 75.5% | 동대문구 공식 피해·보증사고 배경지표 상위 | 80% 이상 매칭 비중 10.2%","score_version":"seoul-dong-v1.0","score_scope":"서울 법정동 시장·건물구조 상대위험"},"geometry":{"type":"Polygon","coordinates":[[[127.03876135591818,37.591391047135986],[127.040628401785,37.59568181368289],[127.04076105138078,37.59528746300558],[127.04138725001954,37.59549778610731],[127.04184202540263,37.59645844992794],[127.04300951618438,37.596964191018266],[127.04370642794275,37.5962714748356],[127.04550219780278,37.596617130529395],[127.04769295200774,37.595886569003085],[127.04718722717848,37.59408794199771],[127.04782350291185,37.59315143627955],[127.0472050459195,37.591599551276424],[127.04816192132422,37.590771523526776],[127.04713022582163,37.5887427194809],[127.05104188662418,37.5892458029745],[127.05334467477226,37.58794184588471],[127.0499753455484,37.583939513817896],[127.04521308051102,37.580180530475964],[127.04353647666085,37.579656900165546],[127.04285274792369,37.581331498499296],[127.04410491035169,37.581365804477514],[127.04237108494496,37.58671081262981],[127.04037702793774,37.58665135409572],[127.03986860838472,37.58851422627699],[127.04148200125313,37.59079257030778],[127.04100098776894,37.59039327155773],[127.03996118881872,37.59069070548465],[127.04068002816142,37.5913661626885],[127.03876135591818,37.591391047135986]]]}},{"type":"Feature","properties":{"legal_dong_code":"1123010900","sigungu_code":"11230","district":"동대문구","legal_dong":"휘경동","risk_score":62.51408294034599,"risk_level":"높음","data_confidence":"높음","market_risk_score":57.506407887898014,"building_risk_score":72.44095283042874,"district_context_score":66.0,"jeonse_ratio_pct":67.94320307225134,"high80_share_pct":19.85611510791367,"sale_decline_pct":0.0,"sale_count":1818.0,"jeonse_count":4579.0,"matched_group_count":24.0,"nonapt_building_share_pct":42.996408414571576,"old20_share_pct":75.62852744997434,"official_total":503,"official_dong_evidence_count":0,"major_reasons":"비아파트 건물 비중 43.0% | 20년 이상 주거건물 비중 75.6% | 80% 이상 매칭 비중 19.9%","score_version":"seoul-dong-v1.0","score_scope":"서울 법정동 시장·건물구조 상대위험"},"geometry":{"type":"Polygon","coordinates":[[[127.05337014897827,37.58771238080379],[127.05591667713932,37.58992306289679],[127.05614495429444,37.589310224686784],[127.05568960080109,37.5892451851968],[127.05657329840743,37.5891514883793],[127.05588974128027,37.590156925917675],[127.0579264560371,37.59273961566169],[127.06065402669081,37.5930550488287],[127.06101138491589,37.592636362020016],[127.06306604559953,37.59509900486435],[127.06446425677605,37.594756217955336],[127.06530173105638,37.59536614001575],[127.06780758979524,37.594452188678936],[127.06859321904764,37.595317626560465],[127.06942438963324,37.59532653958188],[127.07072307979907,37.591891179438804],[127.07030273831329,37.589533791528346],[127.07264378079864,37.58651162652576],[127.07216129895896,37.584956932535235],[127.0753677426657,37.58115195412386],[127.06872239905398,37.58223719749304],[127.06833719541636,37.58286179038701],[127.06730482675425,37.58210975862874],[127.06400622848514,37.58169315983843],[127.06442796037952,37.58468659647278],[127.06207235997098,37.58549348957012],[127.05988783604604,37.584657484220315],[127.05854978651251,37.5850003505852],[127.05732435429312,37.58434305454636],[127.0571816328743,37.583520368762386],[127.05630653792035,37.58344264464834],[127.05475238561021,37.584322348416634],[127.05540011331455,37.58563585374251],[127.05480664227765,37.58764693322746],[127.05372965473018,37.587250323259646],[127.05337014897827,37.58771238080379]]]}},{"type":"Feature","properties":{"legal_dong_code":"1123011000","sigungu_code":"11230","district":"동대문구","legal_dong":"이문동","risk_score":53.107987198436255,"risk_level":"주의","data_confidence":"높음","market_risk_score":40.12391834532474,"building_risk_score":76.53454476496566,"district_context_score":66.0,"jeonse_ratio_pct":49.94011794400861,"high80_share_pct":6.176961602671119,"sale_decline_pct":4.558635661233347,"sale_count":1663.0,"jeonse_count":4794.0,"matched_group_count":32.0,"nonapt_building_share_pct":40.598290598290596,"old20_share_pct":91.84746877054569,"official_total":503,"official_dong_evidence_count":0,"major_reasons":"20년 이상 주거건물 비중 91.8% | 최근 매매 단가 하락 신호 4.6% | 비아파트 건물 비중 40.6%","score_version":"seoul-dong-v1.0","score_scope":"서울 법정동 시장·건물구조 상대위험"},"geometry":{"type":"Polygon","coordinates":[[[127.05203348530742,37.600131730701065],[127.0539192839968,37.60042304339039],[127.05508093644153,37.60133550622155],[127.05540543474947,37.60101084242366],[127.05733921426895,37.60151291755203],[127.05732656741039,37.60115211584718],[127.05916901622969,37.60104473412709],[127.06020010642,37.60172766671715],[127.06016677337132,37.603162958054575],[127.06218694449022,37.60512880908381],[127.06494910841965,37.60581927543653],[127.0660662980838,37.60552094012522],[127.07105863671073,37.60761936604854],[127.07287118138395,37.60107527682129],[127.0695783523484,37.59742787848106],[127.06942438963324,37.59532653958188],[127.06859321904764,37.595317626560465],[127.06780758979524,37.594452188678936],[127.06530173105638,37.59536614001575],[127.06446425677605,37.594756217955336],[127.06306604559953,37.59509900486435],[127.06101138491589,37.592636362020016],[127.06065402669081,37.5930550488287],[127.0579264560371,37.59273961566169],[127.05709858794182,37.59152791392021],[127.05579596353451,37.59116377446044],[127.05621695432885,37.59223601305677],[127.05567905651034,37.59353791322595],[127.05445122332543,37.59427307868852],[127.05476377361941,37.595605628713386],[127.05384338284689,37.59662840474278],[127.05334174133485,37.59927330127768],[127.05203348530742,37.600131730701065]]]}},{"type":"Feature","properties":{"legal_dong_code":"1123010300","sigungu_code":"11230","district":"동대문구","legal_dong":"제기동","risk_score":64.12149332035717,"risk_level":"높음","data_confidence":"높음","market_risk_score":62.127815027051795,"building_risk_score":67.7792172165044,"district_context_score":66.0,"jeonse_ratio_pct":62.09879271629956,"high80_share_pct":22.67818574514039,"sale_decline_pct":5.683423660315451,"sale_count":1130.0,"jeonse_count":2708.0,"matched_group_count":26.0,"nonapt_building_share_pct":26.088495575221238,"old20_share_pct":83.36283185840708,"official_total":503,"official_dong_evidence_count":0,"major_reasons":"최근 매매 단가 하락 신호 5.7% | 20년 이상 주거건물 비중 83.4% | 80% 이상 매칭 비중 22.7%","score_version":"seoul-dong-v1.0","score_scope":"서울 법정동 시장·건물구조 상대위험"},"geometry":{"type":"Polygon","coordinates":[[[127.02953877851415,37.582684302699015],[127.03206062065712,37.58586364343201],[127.03554402556705,37.5889507548156],[127.0363292727657,37.59014091620297],[127.03622177705361,37.59118967612441],[127.04068002816142,37.5913661626885],[127.03996118881872,37.59069070548465],[127.04100098776894,37.59039327155773],[127.04112481418686,37.5905702735904],[127.04148200125313,37.59079257030778],[127.03986860838472,37.58851422627699],[127.04037702793774,37.58665135409572],[127.04237108494496,37.58671081262981],[127.04410491035169,37.581365804477514],[127.04285274792369,37.581331498499296],[127.04353647666085,37.579656900165546],[127.0387962848431,37.578195677319776],[127.03282164576414,37.57832996584843],[127.03172955391507,37.58131321832826],[127.02963541944564,37.58139442798418],[127.02953877851415,37.582684302699015]]]}},{"type":"Feature","properties":{"legal_dong_code":"1123010500","sigungu_code":"11230","district":"동대문구","legal_dong":"답십리동","risk_score":63.98471474969589,"risk_level":"높음","data_confidence":"높음","market_risk_score":60.34950945324202,"building_risk_score":71.50003631100272,"district_context_score":66.0,"jeonse_ratio_pct":70.7307955915174,"high80_share_pct":25.02492522432702,"sale_decline_pct":0.0,"sale_count":3977.0,"jeonse_count":7969.0,"matched_group_count":32.0,"nonapt_building_share_pct":28.452579034941767,"old20_share_pct":84.31780366056573,"official_total":503,"official_dong_evidence_count":0,"major_reasons":"20년 이상 주거건물 비중 84.3% | 80% 이상 매칭 비중 25.0% | 최근 36개월 추정 전세가율 70.7%","score_version":"seoul-dong-v1.0","score_scope":"서울 법정동 시장·건물구조 상대위험"},"geometry":{"type":"Polygon","coordinates":[[[127.042555130872,37.572696562185286],[127.04534589802175,37.57668392326391],[127.04524022601474,37.57444536993268],[127.04716244193729,37.572763093636716],[127.04920636390652,37.5751540556993],[127.05210788150548,37.573559776441876],[127.05275403019205,37.57409450407545],[127.05349604567517,37.57392677628767],[127.05340880779478,37.574359135388626],[127.05387377396778,37.57392857353749],[127.05528599770662,37.57426434044891],[127.05457387339655,37.57520562660287],[127.05526275363272,37.57573961836565],[127.05869391350689,37.575289927657714],[127.0670437810537,37.57661945473236],[127.06765169284247,37.57579176651567],[127.0667851977939,37.57330980383788],[127.06250553654122,37.566773379870014],[127.05803931281169,37.563175494913686],[127.04795449656741,37.57038076251558],[127.042555130872,37.572696562185286]]]}},{"type":"Feature","properties":{"legal_dong_code":"1123010400","sigungu_code":"11230","district":"동대문구","legal_dong":"전농동","risk_score":51.744550837465454,"risk_level":"주의","data_confidence":"높음","market_risk_score":40.77603536029214,"building_risk_score":69.51571848516069,"district_context_score":66.0,"jeonse_ratio_pct":55.38441546060255,"high80_share_pct":9.55223880597015,"sale_decline_pct":0.0,"sale_count":2538.0,"jeonse_count":7475.0,"matched_group_count":36.0,"nonapt_building_share_pct":31.542351453855876,"old20_share_pct":86.03034134007585,"official_total":503,"official_dong_evidence_count":0,"major_reasons":"20년 이상 주거건물 비중 86.0% | 동대문구 공식 피해·보증사고 배경지표 상위 | 80% 이상 매칭 비중 9.6%","score_version":"seoul-dong-v1.0","score_scope":"서울 법정동 시장·건물구조 상대위험"},"geometry":{"type":"Polygon","coordinates":[[[127.04250116924297,37.57932779136906],[127.04603251678812,37.58080930200458],[127.0499753455484,37.583939513817896],[127.05334093237437,37.587802411063194],[127.05372965473018,37.587250323259646],[127.05480664227765,37.58764693322746],[127.05540011331455,37.58563585374251],[127.05475238561021,37.584322348416634],[127.05630653792035,37.58344264464834],[127.0571816328743,37.583520368762386],[127.05732435429312,37.58434305454636],[127.05854978651251,37.5850003505852],[127.05988783604604,37.584657484220315],[127.06207235997098,37.58549348957012],[127.06442796037952,37.58468659647278],[127.06400622848514,37.58169315983843],[127.06880348077878,37.582701123025764],[127.06854218178977,37.58023624579822],[127.06706851751731,37.5766209276287],[127.05869391350689,37.575289927657714],[127.05526275363272,37.57573961836565],[127.05457387339655,37.57520562660287],[127.05528599770662,37.57426434044891],[127.05387377396778,37.57392857353749],[127.05340880779478,37.574359135388626],[127.05349604567517,37.57392677628767],[127.05275403019205,37.57409450407545],[127.0522935143511,37.5735712203808],[127.04920636390652,37.5751540556993],[127.04716244193729,37.572763093636716],[127.04524022601474,37.57444536993268],[127.04528330417719,37.57720100483128],[127.04250116924297,37.57932779136906]]]}},{"type":"Feature","properties":{"legal_dong_code":"1123010800","sigungu_code":"11230","district":"동대문구","legal_dong":"회기동","risk_score":68.03825427408597,"risk_level":"높음","data_confidence":"높음","market_risk_score":67.35947926945502,"building_risk_score":70.89026684965182,"district_context_score":66.0,"jeonse_ratio_pct":64.24362937234308,"high80_share_pct":28.654970760233915,"sale_decline_pct":36.27390900167275,"sale_count":375.0,"jeonse_count":1302.0,"matched_group_count":16.0,"nonapt_building_share_pct":40.021929824561404,"old20_share_pct":83.66228070175438,"official_total":503,"official_dong_evidence_count":0,"major_reasons":"최근 매매 단가 하락 신호 36.3% | 20년 이상 주거건물 비중 83.7% | 80% 이상 매칭 비중 28.7%","score_version":"seoul-dong-v1.0","score_scope":"서울 법정동 시장·건물구조 상대위험"},"geometry":{"type":"Polygon","coordinates":[[[127.04710815826313,37.58918756232903],[127.04816192132422,37.590771523526776],[127.0472050459195,37.591599551276424],[127.04782350291185,37.59315143627955],[127.04718722717848,37.59408794199771],[127.04743159152491,37.59646672439249],[127.051198975629,37.60122431079185],[127.05334174133485,37.59927330127768],[127.05384338284689,37.59662840474278],[127.05476377361941,37.595605628713386],[127.05445122332543,37.59427307868852],[127.05567905651034,37.59353791322595],[127.05621695432885,37.59223601305677],[127.05579596353451,37.59116377446044],[127.05710750534568,37.591536568183066],[127.05588974128027,37.590156925917675],[127.05657329840743,37.5891514883793],[127.05568960080109,37.5892451851968],[127.05614495429444,37.589310224686784],[127.05591667713932,37.58992306289679],[127.05337014897827,37.58771238080379],[127.05104188662418,37.5892458029745],[127.04987865381979,37.589356367591854],[127.04756075855126,37.588600476008956],[127.04710815826313,37.58918756232903]]]}},{"type":"Feature","properties":{"legal_dong_code":"1126010300","sigungu_code":"11260","district":"중랑구","legal_dong":"중화동","risk_score":62.95457088397484,"risk_level":"높음","data_confidence":"보통","market_risk_score":55.795960678269886,"building_risk_score":68.70797790805163,"district_context_score":82.0,"jeonse_ratio_pct":64.21022116332101,"high80_share_pct":3.212290502793296,"sale_decline_pct":1.5347355420767557,"sale_count":2535.0,"jeonse_count":5948.0,"matched_group_count":24.0,"nonapt_building_share_pct":63.63636363636363,"old20_share_pct":27.27272727272727,"official_total":283,"official_dong_evidence_count":0,"major_reasons":"비아파트 건물 비중 63.6% | 중랑구 공식 피해·보증사고 배경지표 상위 | 최근 매매 단가 하락 신호 1.5%","score_version":"seoul-dong-v1.0","score_scope":"서울 법정동 시장·건물구조 상대위험"},"geometry":{"type":"Polygon","coordinates":[[[127.07052822612233,37.59260208012722],[127.06943435141797,37.59512420888993],[127.06949402730483,37.59724310829703],[127.07288003029775,37.60106839697095],[127.07106169482431,37.607619715629696],[127.0729130637657,37.607670056327585],[127.0737625865424,37.60476657454836],[127.08048613695654,37.60558378339552],[127.08170971671635,37.606786130072436],[127.08333394911638,37.6066403356324],[127.08511436840418,37.608011896332535],[127.08718099954882,37.608315757237854],[127.08704448819152,37.604618946275195],[127.085515903357,37.60252255650959],[127.08694122314087,37.60195877971231],[127.0866087704138,37.600889733307774],[127.08442013557016,37.59862432698168],[127.08273892571357,37.598757309665515],[127.08315778274323,37.59657132476652],[127.08106823954155,37.59612325069024],[127.08028099052203,37.59500484675456],[127.07052822612233,37.59260208012722]]]}},{"type":"Feature","properties":{"legal_dong_code":"1126010200","sigungu_code":"11260","district":"중랑구","legal_dong":"상봉동","risk_score":63.588682380711404,"risk_level":"높음","data_confidence":"보통","market_risk_score":58.603564381851015,"building_risk_score":64.50617500640318,"district_context_score":82.0,"jeonse_ratio_pct":71.09234595229019,"high80_share_pct":9.796672828096119,"sale_decline_pct":0.0,"sale_count":2940.0,"jeonse_count":8281.0,"matched_group_count":33.0,"nonapt_building_share_pct":49.056603773584904,"old20_share_pct":30.18867924528302,"official_total":283,"official_dong_evidence_count":0,"major_reasons":"비아파트 건물 비중 49.1% | 중랑구 공식 피해·보증사고 배경지표 상위 | 최근 36개월 추정 전세가율 71.1%","score_version":"seoul-dong-v1.0","score_scope":"서울 법정동 시장·건물구조 상대위험"},"geometry":{"type":"Polygon","coordinates":[[[127.07052822612233,37.59260208012722],[127.08028099052203,37.59500484675456],[127.08106823954155,37.59612325069024],[127.08315778274323,37.59657132476652],[127.08273892571357,37.598757309665515],[127.08442013557016,37.59862432698168],[127.0866087704138,37.600889733307774],[127.08694122314087,37.60195877971231],[127.085515903357,37.60252255650959],[127.08704448819152,37.604618946275195],[127.08741066066138,37.608696795741686],[127.08911559228507,37.60910053397457],[127.09390112081934,37.604976243885],[127.09379127486103,37.60268720353342],[127.09486501279892,37.60238254786726],[127.09530034429507,37.60041652842681],[127.09588271562939,37.60066617715796],[127.0951641407887,37.59871954468095],[127.09279385343481,37.59817026988298],[127.09319623239334,37.59414778661029],[127.08011169771186,37.59133380922963],[127.08014973707867,37.59219025971656],[127.07910765648607,37.592039673995004],[127.0786410937455,37.59296502037201],[127.07192540055256,37.59120860334511],[127.07072080700536,37.59147871006235],[127.07052822612233,37.59260208012722]]]}},{"type":"Feature","properties":{"legal_dong_code":"1126010400","sigungu_code":"11260","district":"중랑구","legal_dong":"묵동","risk_score":55.37745574003207,"risk_level":"높음","data_confidence":"보통","market_risk_score":45.82902245732729,"building_risk_score":62.32016906254278,"district_context_score":82.0,"jeonse_ratio_pct":64.61228497305585,"high80_share_pct":0.2047082906857728,"sale_decline_pct":0.0,"sale_count":2955.0,"jeonse_count":5738.0,"matched_group_count":24.0,"nonapt_building_share_pct":41.53846153846154,"old20_share_pct":23.076923076923077,"official_total":283,"official_dong_evidence_count":0,"major_reasons":"중랑구 공식 피해·보증사고 배경지표 상위 | 비아파트 건물 비중 41.5% | 최근 36개월 추정 전세가율 64.6%","score_version":"seoul-dong-v1.0","score_scope":"서울 법정동 시장·건물구조 상대위험"},"geometry":{"type":"Polygon","coordinates":[[[127.08718099954882,37.608315757237854],[127.08511436840418,37.608011896332535],[127.08333394911638,37.6066403356324],[127.08170971671635,37.606786130072436],[127.08048613695654,37.60558378339552],[127.0737625865424,37.60476657454836],[127.07315040286119,37.60739628426993],[127.07155748791384,37.607475896015934],[127.07170948257153,37.613514184487904],[127.07113589055118,37.614806080566005],[127.07003010621348,37.61541858380278],[127.07138542876416,37.616402741425446],[127.07554096148306,37.6171653209199],[127.08007516186069,37.61872378895055],[127.08007469070952,37.61827593896709],[127.08143363500169,37.619159356752874],[127.08494802231803,37.62009588105954],[127.08823135975545,37.61987547705444],[127.08870740653424,37.62024038362175],[127.08972997877045,37.6195402829771],[127.08913885013729,37.61811348055145],[127.09050640931342,37.61751772013225],[127.0887749575556,37.6150417667565],[127.08624881059302,37.61479809013342],[127.08610158854661,37.61341473944077],[127.08479705774862,37.61168803566093],[127.08545873338906,37.60979541566097],[127.0867735773667,37.609658424972544],[127.08718099954882,37.608315757237854]]]}},{"type":"Feature","properties":{"legal_dong_code":"1126010100","sigungu_code":"11260","district":"중랑구","legal_dong":"면목동","risk_score":57.538775849843695,"risk_level":"높음","data_confidence":"높음","market_risk_score":46.027622950794914,"building_risk_score":70.488808317467,"district_context_score":82.0,"jeonse_ratio_pct":62.48739372387116,"high80_share_pct":2.302631578947368,"sale_decline_pct":0.0,"sale_count":7299.0,"jeonse_count":16925.0,"matched_group_count":43.0,"nonapt_building_share_pct":58.14977973568281,"old20_share_pct":33.480176211453745,"official_total":283,"official_dong_evidence_count":0,"major_reasons":"비아파트 건물 비중 58.1% | 중랑구 공식 피해·보증사고 배경지표 상위 | 최근 36개월 추정 전세가율 62.5%","score_version":"seoul-dong-v1.0","score_scope":"서울 법정동 시장·건물구조 상대위험"},"geometry":{"type":"Polygon","coordinates":[[[127.11015435607852,37.587430163717364],[127.10896673502488,37.5833791596395],[127.1028942872969,37.579906725063715],[127.10302538513524,37.57890696821318],[127.10114348780104,37.57607082417172],[127.10073991787516,37.57359705392869],[127.09585465238706,37.571343364508806],[127.09561748876447,37.57060996970218],[127.09049499482649,37.569698627860866],[127.08846852100832,37.5702179353283],[127.08817819020643,37.57084531729685],[127.07814124652012,37.57192300050371],[127.0772314705233,37.57292053004564],[127.07618144327665,37.580295955935114],[127.07215885223715,37.58495562757037],[127.07264116318558,37.58650926752138],[127.07022800482648,37.58995876651788],[127.07072080700536,37.59147871006235],[127.07192540055256,37.59120860334511],[127.0786410937455,37.59296502037201],[127.07910765648607,37.592039673995004],[127.08014973707867,37.59219025971656],[127.08011169771186,37.59133380922963],[127.09319623239334,37.59414778661029],[127.09363602221407,37.58973856742425],[127.09744123120069,37.59059498585262],[127.10588123951149,37.58812372278037],[127.10831885094285,37.58832309285854],[127.11015435607852,37.587430163717364]]]}},{"type":"Feature","properties":{"legal_dong_code":"1126010500","sigungu_code":"11260","district":"중랑구","legal_dong":"망우동","risk_score":57.98450395010214,"risk_level":"높음","data_confidence":"보통","market_risk_score":53.76373911792674,"building_risk_score":53.705041917384385,"district_context_score":82.0,"jeonse_ratio_pct":68.84761294543281,"high80_share_pct":5.603448275862069,"sale_decline_pct":0.0,"sale_count":2297.0,"jeonse_count":6428.0,"matched_group_count":28.0,"nonapt_building_share_pct":35.0,"old20_share_pct":21.25,"official_total":283,"official_dong_evidence_count":0,"major_reasons":"중랑구 공식 피해·보증사고 배경지표 상위 | 최근 36개월 추정 전세가율 68.8% | 비아파트 건물 비중 35.0%","score_version":"seoul-dong-v1.0","score_scope":"서울 법정동 시장·건물구조 상대위험"},"geometry":{"type":"Polygon","coordinates":[[[127.09542968405927,37.59944066088703],[127.10044593393633,37.60054414171735],[127.1005553201929,37.60259135324857],[127.10223981548963,37.603704308097484],[127.10207746906411,37.60430334756912],[127.10372782829543,37.606801191465614],[127.10367333671746,37.609437871754956],[127.10128984185587,37.6096886987516],[127.10100152939755,37.61026662444788],[127.10120266886666,37.613235097852396],[127.1047175968229,37.61324964579768],[127.1058441154156,37.61238308287164],[127.10838249148529,37.611766703000164],[127.1101118174461,37.6121524562876],[127.11215252347377,37.61109470109462],[127.11254127811532,37.6103716589148],[127.11726227660456,37.60865246565002],[127.1184769856103,37.60761297687694],[127.11804703055044,37.60460241044031],[127.11402227961509,37.599966525257884],[127.11687740192659,37.59549714470108],[127.11666450709359,37.59401640558275],[127.11333733486231,37.593259894635054],[127.11015435607852,37.587430163717364],[127.10831885094285,37.58832309285854],[127.10588123951149,37.58812372278037],[127.09744123120069,37.59059498585262],[127.09363602221407,37.58973856742425],[127.09279385343481,37.59817026988298],[127.0951641407887,37.59871954468095],[127.09542968405927,37.59944066088703]]]}},{"type":"Feature","properties":{"legal_dong_code":"1126010600","sigungu_code":"11260","district":"중랑구","legal_dong":"신내동","risk_score":49.89902371096353,"risk_level":"주의","data_confidence":"보통","market_risk_score":42.8544643535373,"building_risk_score":47.5453803953646,"district_context_score":82.0,"jeonse_ratio_pct":61.325077751963434,"high80_share_pct":7.990012484394507,"sale_decline_pct":0.0,"sale_count":2624.0,"jeonse_count":6860.0,"matched_group_count":23.0,"nonapt_building_share_pct":23.333333333333332,"old20_share_pct":21.666666666666668,"official_total":283,"official_dong_evidence_count":0,"major_reasons":"중랑구 공식 피해·보증사고 배경지표 상위 | 80% 이상 매칭 비중 8.0% | 최근 36개월 추정 전세가율 61.3%","score_version":"seoul-dong-v1.0","score_scope":"서울 법정동 시장·건물구조 상대위험"},"geometry":{"type":"Polygon","coordinates":[[[127.11669778761852,37.60884925167288],[127.11254127811532,37.6103716589148],[127.11215252347377,37.61109470109462],[127.1101118174461,37.6121524562876],[127.10838249148529,37.611766703000164],[127.1058441154156,37.61238308287164],[127.1047175968229,37.61324964579768],[127.10120266886666,37.613235097852396],[127.10100152939755,37.61026662444788],[127.10128984185587,37.6096886987516],[127.10367333671746,37.609437871754956],[127.10372782829543,37.606801191465614],[127.10207746906411,37.60430334756912],[127.10223981548963,37.603704308097484],[127.1005553201929,37.60259135324857],[127.10044593393633,37.60054414171735],[127.09542968405927,37.59944066088703],[127.09588271562939,37.60066617715796],[127.09530034429507,37.60041652842681],[127.09486501279892,37.60238254786726],[127.09379127486103,37.60268720353342],[127.09390112081934,37.604976243885],[127.08911559228507,37.60910053397457],[127.08718021262578,37.60871588384211],[127.0864782644847,37.60990577718848],[127.08545873338906,37.60979541566097],[127.08479705774862,37.61168803566093],[127.08610158854661,37.61341473944077],[127.08624881059302,37.61479809013342],[127.0887749575556,37.6150417667565],[127.09050640931342,37.61751772013225],[127.08913885013729,37.61811348055145],[127.08972997877045,37.6195402829771],[127.09322690251699,37.61802820516773],[127.09444789398243,37.61900625517469],[127.09619474085744,37.619020093269484],[127.09881688878222,37.62039393725334],[127.10087075660313,37.61940421135327],[127.10167483227995,37.61947164577874],[127.10169245120426,37.62002456226026],[127.1091278737322,37.62051472675736],[127.11051906262176,37.6210545784671],[127.1157150445216,37.619634315647325],[127.1158730316994,37.61858325957959],[127.11714667388281,37.617888444052454],[127.1166755086189,37.614673035267714],[127.1174829786978,37.61177126629937],[127.11669778761852,37.60884925167288]]]}},{"type":"Feature","properties":{"legal_dong_code":"1129011200","sigungu_code":"11290","district":"성북구","legal_dong":"삼선동2가","risk_score":41.225313735230245,"risk_level":"주의","data_confidence":"높음","market_risk_score":32.77265793845822,"building_risk_score":57.44687588862125,"district_context_score":48.0,"jeonse_ratio_pct":59.408881384253185,"high80_share_pct":0.0,"sale_decline_pct":0.0,"sale_count":278.0,"jeonse_count":519.0,"matched_group_count":5.0,"nonapt_building_share_pct":29.152542372881356,"old20_share_pct":65.08474576271186,"official_total":271,"official_dong_evidence_count":0,"major_reasons":"20년 이상 주거건물 비중 65.1% | 비아파트 건물 비중 29.2% | 성북구 공식 피해·보증사고 배경지표 상위","score_version":"seoul-dong-v1.0","score_scope":"서울 법정동 시장·건물구조 상대위험"},"geometry":{"type":"Polygon","coordinates":[[[127.00866685427928,37.58810008273574],[127.01000700444493,37.58899496955813],[127.01179677354672,37.58425176964929],[127.01471669101251,37.584491096495135],[127.01507051500695,37.58255558549534],[127.01409764503715,37.58179093614273],[127.00970446671455,37.58088068667686],[127.00873496435923,37.583364786707605],[127.00951277073712,37.583460178042344],[127.00985234857153,37.58631572965292],[127.00866685427928,37.58810008273574]]]}},{"type":"Feature","properties":{"legal_dong_code":"1129011300","sigungu_code":"11290","district":"성북구","legal_dong":"삼선동3가","risk_score":58.46107218506192,"risk_level":"높음","data_confidence":"높음","market_risk_score":54.290374235024174,"building_risk_score":74.74739057618969,"district_context_score":48.0,"jeonse_ratio_pct":65.67354043375089,"high80_share_pct":16.43835616438356,"sale_decline_pct":0.0,"sale_count":182.0,"jeonse_count":363.0,"matched_group_count":10.0,"nonapt_building_share_pct":53.89221556886228,"old20_share_pct":71.8562874251497,"official_total":271,"official_dong_evidence_count":0,"major_reasons":"비아파트 건물 비중 53.9% | 80% 이상 매칭 비중 16.4% | 20년 이상 주거건물 비중 71.9%","score_version":"seoul-dong-v1.0","score_scope":"서울 법정동 시장·건물구조 상대위험"},"geometry":{"type":"Polygon","coordinates":[[[127.01041941280705,37.588364177518805],[127.01317858360895,37.58924248781892],[127.01441927517317,37.58674280949681],[127.01635430783668,37.5867652329532],[127.01486886638958,37.584497998955094],[127.01179492830883,37.58425310326891],[127.01041941280705,37.588364177518805]]]}},{"type":"Feature","properties":{"legal_dong_code":"1129010200","sigungu_code":"11290","district":"성북구","legal_dong":"성북동1가","risk_score":71.64645391090222,"risk_level":"매우 높음","data_confidence":"보통","market_risk_score":79.00466334927604,"building_risk_score":68.1746236053464,"district_context_score":48.0,"jeonse_ratio_pct":76.94457619657967,"high80_share_pct":38.46153846153847,"sale_decline_pct":null,"sale_count":75.0,"jeonse_count":166.0,"matched_group_count":4.0,"nonapt_building_share_pct":38.578680203045685,"old20_share_pct":71.57360406091371,"official_total":271,"official_dong_evidence_count":0,"major_reasons":"최근 36개월 추정 전세가율 76.9% | 80% 이상 매칭 비중 38.5% | 비아파트 건물 비중 38.6%","score_version":"seoul-dong-v1.0","score_scope":"서울 법정동 시장·건물구조 상대위험"},"geometry":{"type":"Polygon","coordinates":[[[127.00228101738821,37.589223068291034],[127.00181221223275,37.59133830357486],[127.00388399991326,37.590931161287635],[127.00633822715291,37.58855541451529],[127.003902837926,37.58764719660636],[127.00352181644057,37.58855612657873],[127.00228101738821,37.589223068291034]]]}},{"type":"Feature","properties":{"legal_dong_code":"1129011100","sigungu_code":"11290","district":"성북구","legal_dong":"삼선동1가","risk_score":46.95028721828862,"risk_level":"주의","data_confidence":"높음","market_risk_score":40.138987256917126,"building_risk_score":62.667579456553376,"district_context_score":48.0,"jeonse_ratio_pct":50.48138589280439,"high80_share_pct":0.0,"sale_decline_pct":7.020082035543754,"sale_count":141.0,"jeonse_count":445.0,"matched_group_count":10.0,"nonapt_building_share_pct":29.027962716378163,"old20_share_pct":84.02130492676432,"official_total":271,"official_dong_evidence_count":0,"major_reasons":"최근 매매 단가 하락 신호 7.0% | 20년 이상 주거건물 비중 84.0% | 비아파트 건물 비중 29.0%","score_version":"seoul-dong-v1.0","score_scope":"서울 법정동 시장·건물구조 상대위험"},"geometry":{"type":"Polygon","coordinates":[[[127.00402791545318,37.587709911599966],[127.0062162721601,37.588507784345985],[127.00770089419082,37.58773125589308],[127.00866685427928,37.58810008273574],[127.00987465367741,37.58591888900452],[127.00951277073712,37.583460178042344],[127.00873496435923,37.583364786707605],[127.00970446671455,37.58088068667686],[127.0109743468519,37.5808273435063],[127.01058890768499,37.580254616708615],[127.00864298448029,37.580468247910346],[127.00702069269627,37.58201258908669],[127.00662578224762,37.58612499449491],[127.00402791545318,37.587709911599966]]]}},{"type":"Feature","properties":{"legal_dong_code":"1129010100","sigungu_code":"11290","district":"성북구","legal_dong":"성북동","risk_score":35.518490501189376,"risk_level":"주의","data_confidence":"높음","market_risk_score":26.928909202463394,"building_risk_score":48.64457991884537,"district_context_score":48.0,"jeonse_ratio_pct":45.25459345433549,"high80_share_pct":0.0,"sale_decline_pct":0.0,"sale_count":585.0,"jeonse_count":1985.0,"matched_group_count":24.0,"nonapt_building_share_pct":18.349056603773583,"old20_share_pct":75.5188679245283,"official_total":271,"official_dong_evidence_count":0,"major_reasons":"20년 이상 주거건물 비중 75.5% | 성북구 공식 피해·보증사고 배경지표 상위 | 비아파트 건물 비중 18.3%","score_version":"seoul-dong-v1.0","score_scope":"서울 법정동 시장·건물구조 상대위험"},"geometry":{"type":"MultiPolygon","coordinates":[[[[126.97671658087015,37.59791268446023],[126.97848062231637,37.60101519102105],[126.98282944083867,37.6021587577586],[126.98399356247151,37.60320083305001],[126.98666962097141,37.60402408571126],[126.99084883626328,37.604045206094504],[126.99307818938217,37.60361377980349],[126.9947050854703,37.60247506057019],[126.99555341966753,37.60271487609346],[126.99772824593406,37.60208539510519],[126.99873656659925,37.60135338341597],[127.00108060644507,37.6013900043409],[127.00349004719529,37.59804153786459],[127.00555453127852,37.59709099253198],[127.00619097600462,37.59626125299112],[127.00719075345846,37.59654109985067],[127.00776622673173,37.59604123193063],[127.00832935566923,37.59311941708736],[127.00513024323874,37.589466191380026],[127.00549522477327,37.58911986803499],[127.00530002427942,37.58927733960455],[127.00455701400573,37.590043991157806],[127.00388399991326,37.590931161287635],[127.00181221223275,37.59133830357486],[127.00228101738821,37.589223068291034],[127.0033338591899,37.58870001694326],[127.00351488396478,37.588434160335865],[127.00234433001835,37.589043609662255],[127.0014682301566,37.59014920219751],[127.00173200243785,37.59135237712776],[127.00095307427253,37.59230095961945],[126.99536298695311,37.592288772284604],[126.99430345458356,37.59146281569784],[126.9921563440554,37.59199942652008],[126.99164668800849,37.59144923475571],[126.98921505974455,37.59124776238891],[126.98668271136583,37.59273623118893],[126.98541008544538,37.59442336480498],[126.98380796161896,37.59442762218081],[126.98146580067485,37.595323735744515],[126.97871824005901,37.596625519215934],[126.97791630972426,37.59767065595119],[126.97671658087015,37.59791268446023]]],[[[127.00342465876754,37.58805667606066],[127.00402301196888,37.58801797658103],[127.00400739311331,37.587850357617185],[127.00342465876754,37.58805667606066]]]]}},{"type":"Feature","properties":{"legal_dong_code":"1129010900","sigungu_code":"11290","district":"성북구","legal_dong":"동소문동6가","risk_score":76.49092775110228,"risk_level":"매우 높음","data_confidence":"보통","market_risk_score":83.96043395326646,"building_risk_score":75.65866951656962,"district_context_score":48.0,"jeonse_ratio_pct":76.39622584689168,"high80_share_pct":52.0,"sale_decline_pct":1.7174046689845401,"sale_count":95.0,"jeonse_count":249.0,"matched_group_count":7.0,"nonapt_building_share_pct":49.70414201183432,"old20_share_pct":63.905325443786985,"official_total":271,"official_dong_evidence_count":0,"major_reasons":"80% 이상 매칭 비중 52.0% | 최근 36개월 추정 전세가율 76.4% | 비아파트 건물 비중 49.7%","score_version":"seoul-dong-v1.0","score_scope":"서울 법정동 시장·건물구조 상대위험"},"geometry":{"type":"Polygon","coordinates":[[[127.01153955915707,37.59388863790757],[127.01379475604831,37.59488580547595],[127.01488807415494,37.59428221649812],[127.01486022160866,37.595183329977985],[127.01590275330821,37.595473937095896],[127.01648144695297,37.592670749864496],[127.01314918970891,37.591782646291165],[127.01153955915707,37.59388863790757]]]}},{"type":"Feature","properties":{"legal_dong_code":"1129013900","sigungu_code":"11290","district":"성북구","legal_dong":"석관동","risk_score":58.97886528078115,"risk_level":"높음","data_confidence":"높음","market_risk_score":50.888481260870556,"building_risk_score":84.98310609703526,"district_context_score":48.0,"jeonse_ratio_pct":66.96825271965078,"high80_share_pct":4.355400696864112,"sale_decline_pct":0.0,"sale_count":1780.0,"jeonse_count":4594.0,"matched_group_count":19.0,"nonapt_building_share_pct":48.11107523409751,"old20_share_pct":85.08233774620601,"official_total":271,"official_dong_evidence_count":0,"major_reasons":"20년 이상 주거건물 비중 85.1% | 비아파트 건물 비중 48.1% | 최근 36개월 추정 전세가율 67.0%","score_version":"seoul-dong-v1.0","score_scope":"서울 법정동 시장·건물구조 상대위험"},"geometry":{"type":"Polygon","coordinates":[[[127.05058572880696,37.60686649387881],[127.0512404832275,37.607799186913745],[127.06341115869628,37.61430883532336],[127.06965941492652,37.615737646521666],[127.07113644592252,37.61480649468966],[127.07175288391333,37.613514158667655],[127.07155464571957,37.60757296951071],[127.06764801808163,37.606536796030554],[127.06619309558319,37.60555262133373],[127.06495577098165,37.60582344340409],[127.06218945328926,37.60512228468107],[127.06017710898384,37.60317276462104],[127.06021400448104,37.60173175026962],[127.05918990484845,37.60106833869024],[127.05732751007172,37.60118612751376],[127.05732319886073,37.601539269869434],[127.05539704631887,37.6010303705576],[127.05506870297154,37.60134663891344],[127.05391371722791,37.600429695117846],[127.05207111552251,37.600149265745],[127.05123647224478,37.60109158919829],[127.0527700687127,37.602512017747024],[127.05242860473821,37.60440613942756],[127.05058572880696,37.60686649387881]]]}},{"type":"Feature","properties":{"legal_dong_code":"1129012600","sigungu_code":"11290","district":"성북구","legal_dong":"보문동4가","risk_score":54.0915143850594,"risk_level":"주의","data_confidence":"낮음","market_risk_score":47.31364450756874,"building_risk_score":74.01331072207262,"district_context_score":48.0,"jeonse_ratio_pct":69.13244505225225,"high80_share_pct":0.0,"sale_decline_pct":null,"sale_count":23.0,"jeonse_count":80.0,"matched_group_count":2.0,"nonapt_building_share_pct":40.50632911392405,"old20_share_pct":86.07594936708861,"official_total":271,"official_dong_evidence_count":0,"major_reasons":"20년 이상 주거건물 비중 86.1% | 최근 36개월 추정 전세가율 69.1% | 비아파트 건물 비중 40.5%","score_version":"seoul-dong-v1.0","score_scope":"서울 법정동 시장·건물구조 상대위험"},"geometry":{"type":"Polygon","coordinates":[[[127.01994651387703,37.58428996267826],[127.02130332515617,37.584701926050535],[127.02278267965211,37.5813877162758],[127.02171000208884,37.58102210418873],[127.01994651387703,37.58428996267826]]]}},{"type":"Feature","properties":{"legal_dong_code":"1129012700","sigungu_code":"11290","district":"성북구","legal_dong":"보문동5가","risk_score":64.69752839080766,"risk_level":"높음","data_confidence":"보통","market_risk_score":59.46737567067141,"building_risk_score":87.26841195361924,"district_context_score":48.0,"jeonse_ratio_pct":70.1521022720578,"high80_share_pct":0.0,"sale_decline_pct":5.635824237783981,"sale_count":103.0,"jeonse_count":163.0,"matched_group_count":4.0,"nonapt_building_share_pct":57.14285714285714,"old20_share_pct":83.11688311688312,"official_total":271,"official_dong_evidence_count":0,"major_reasons":"비아파트 건물 비중 57.1% | 최근 매매 단가 하락 신호 5.6% | 20년 이상 주거건물 비중 83.1%","score_version":"seoul-dong-v1.0","score_scope":"서울 법정동 시장·건물구조 상대위험"},"geometry":{"type":"Polygon","coordinates":[[[127.01835641764599,37.583741346638135],[127.01994651387703,37.58428996267826],[127.02171000208884,37.58102210418873],[127.02020134698634,37.580509484126665],[127.01835641764599,37.583741346638135]]]}},{"type":"Feature","properties":{"legal_dong_code":"1129010600","sigungu_code":"11290","district":"성북구","legal_dong":"동소문동3가","risk_score":73.60554616808645,"risk_level":"매우 높음","data_confidence":"낮음","market_risk_score":91.91542288557213,"building_risk_score":45.02516974697267,"district_context_score":48.0,"jeonse_ratio_pct":null,"high80_share_pct":null,"sale_decline_pct":null,"sale_count":1.0,"jeonse_count":9.0,"matched_group_count":null,"nonapt_building_share_pct":11.11111111111111,"old20_share_pct":40.74074074074074,"official_total":271,"official_dong_evidence_count":0,"major_reasons":"성북구 공식 피해·보증사고 배경지표 상위 | 20년 이상 주거건물 비중 40.7% | 비아파트 건물 비중 11.1%","score_version":"seoul-dong-v1.0","score_scope":"서울 법정동 시장·건물구조 상대위험"},"geometry":{"type":"Polygon","coordinates":[[[127.01324940553205,37.59169918717664],[127.01378479694402,37.59126147043597],[127.01195770768022,37.59063969635271],[127.01000700444493,37.588994969558144],[127.00941365187084,37.58989966274573],[127.01324940553205,37.59169918717664]]]}},{"type":"Feature","properties":{"legal_dong_code":"1129010800","sigungu_code":"11290","district":"성북구","legal_dong":"동소문동5가","risk_score":55.350963912688414,"risk_level":"높음","data_confidence":"보통","market_risk_score":58.95296107632705,"building_risk_score":51.11674906756874,"district_context_score":48.0,"jeonse_ratio_pct":70.79311099516418,"high80_share_pct":14.814814814814813,"sale_decline_pct":null,"sale_count":52.0,"jeonse_count":59.0,"matched_group_count":4.0,"nonapt_building_share_pct":7.936507936507936,"old20_share_pct":55.55555555555556,"official_total":271,"official_dong_evidence_count":0,"major_reasons":"최근 36개월 추정 전세가율 70.8% | 80% 이상 매칭 비중 14.8% | 20년 이상 주거건물 비중 55.6%","score_version":"seoul-dong-v1.0","score_scope":"서울 법정동 시장·건물구조 상대위험"},"geometry":{"type":"Polygon","coordinates":[[[127.01648144695297,37.592670749864496],[127.01666177977906,37.59034651974468],[127.01314918970891,37.591782646291165],[127.01429863129582,37.5922579409876],[127.01648144695297,37.592670749864496]]]}},{"type":"Feature","properties":{"legal_dong_code":"1129010700","sigungu_code":"11290","district":"성북구","legal_dong":"동소문동4가","risk_score":65.12864765275852,"risk_level":"높음","data_confidence":"높음","market_risk_score":65.62504485300386,"building_risk_score":74.21448296382478,"district_context_score":48.0,"jeonse_ratio_pct":68.67280434856558,"high80_share_pct":13.513513513513514,"sale_decline_pct":15.665419544665392,"sale_count":132.0,"jeonse_count":314.0,"matched_group_count":7.0,"nonapt_building_share_pct":47.22222222222222,"old20_share_pct":63.888888888888886,"official_total":271,"official_dong_evidence_count":0,"major_reasons":"최근 매매 단가 하락 신호 15.7% | 비아파트 건물 비중 47.2% | 최근 36개월 추정 전세가율 68.7%","score_version":"seoul-dong-v1.0","score_scope":"서울 법정동 시장·건물구조 상대위험"},"geometry":{"type":"Polygon","coordinates":[[[127.01153955915707,37.59388863790757],[127.01314918970891,37.591782646291165],[127.00927848944251,37.589839458883766],[127.00802147558508,37.59171219568827],[127.00958303300624,37.59207738554385],[127.01153955915707,37.59388863790757]]]}},{"type":"Feature","properties":{"legal_dong_code":"1129011000","sigungu_code":"11290","district":"성북구","legal_dong":"동소문동7가","risk_score":38.95783226662124,"risk_level":"주의","data_confidence":"보통","market_risk_score":32.961445673903484,"building_risk_score":47.923859449116584,"district_context_score":48.0,"jeonse_ratio_pct":59.4178883998127,"high80_share_pct":0.0,"sale_decline_pct":null,"sale_count":118.0,"jeonse_count":202.0,"matched_group_count":3.0,"nonapt_building_share_pct":21.6,"old20_share_pct":72.0,"official_total":271,"official_dong_evidence_count":0,"major_reasons":"20년 이상 주거건물 비중 72.0% | 성북구 공식 피해·보증사고 배경지표 상위 | 최근 36개월 추정 전세가율 59.4%","score_version":"seoul-dong-v1.0","score_scope":"서울 법정동 시장·건물구조 상대위험"},"geometry":{"type":"Polygon","coordinates":[[[127.01442922837445,37.59835239948668],[127.01590275330821,37.595473937095896],[127.01486022160866,37.595183329977985],[127.01479280983287,37.594265892404216],[127.01404139496216,37.594460542056275],[127.01265515070267,37.59668808476282],[127.013586922139,37.598274382333344],[127.01442922837445,37.59835239948668]]]}},{"type":"Feature","properties":{"legal_dong_code":"1129013000","sigungu_code":"11290","district":"성북구","legal_dong":"보문동1가","risk_score":32.56106625171153,"risk_level":"낮음","data_confidence":"보통","market_risk_score":26.34132858741523,"building_risk_score":38.22507639704958,"district_context_score":48.0,"jeonse_ratio_pct":55.572022993258834,"high80_share_pct":0.0,"sale_decline_pct":null,"sale_count":44.0,"jeonse_count":170.0,"matched_group_count":2.0,"nonapt_building_share_pct":17.532467532467532,"old20_share_pct":46.103896103896105,"official_total":271,"official_dong_evidence_count":0,"major_reasons":"성북구 공식 피해·보증사고 배경지표 상위 | 20년 이상 주거건물 비중 46.1% | 비아파트 건물 비중 17.5%","score_version":"seoul-dong-v1.0","score_scope":"서울 법정동 시장·건물구조 상대위험"},"geometry":{"type":"Polygon","coordinates":[[[127.01787787208102,37.58795045804357],[127.0187892758058,37.58870119124823],[127.02003628142563,37.58771214394899],[127.02130332515617,37.584701926050535],[127.01994651387703,37.58428996267826],[127.01787787208102,37.58795045804357]]]}},{"type":"Feature","properties":{"legal_dong_code":"1129011500","sigungu_code":"11290","district":"성북구","legal_dong":"삼선동5가","risk_score":76.51268792370963,"risk_level":"매우 높음","data_confidence":"높음","market_risk_score":81.49969107070449,"building_risk_score":81.65149312514777,"district_context_score":48.0,"jeonse_ratio_pct":74.30134051216471,"high80_share_pct":18.181818181818183,"sale_decline_pct":9.500235786377642,"sale_count":152.0,"jeonse_count":392.0,"matched_group_count":6.0,"nonapt_building_share_pct":54.76839237057221,"old20_share_pct":72.20708446866485,"official_total":271,"official_dong_evidence_count":0,"major_reasons":"최근 매매 단가 하락 신호 9.5% | 비아파트 건물 비중 54.8% | 최근 36개월 추정 전세가율 74.3%","score_version":"seoul-dong-v1.0","score_scope":"서울 법정동 시장·건물구조 상대위험"},"geometry":{"type":"Polygon","coordinates":[[[127.01666177977906,37.59034651974468],[127.0187892758058,37.58870119124823],[127.01635430783668,37.5867652329532],[127.01441927517315,37.58674280949679],[127.01317858360895,37.58924248781892],[127.01666177977906,37.59034651974468]]]}},{"type":"Feature","properties":{"legal_dong_code":"1129013400","sigungu_code":"11290","district":"성북구","legal_dong":"길음동","risk_score":34.744932631041166,"risk_level":"낮음","data_confidence":"높음","market_risk_score":28.61276633954223,"building_risk_score":41.50909130926332,"district_context_score":48.0,"jeonse_ratio_pct":55.898308172113275,"high80_share_pct":0.0,"sale_decline_pct":0.0,"sale_count":2580.0,"jeonse_count":7473.0,"matched_group_count":16.0,"nonapt_building_share_pct":15.075825156110614,"old20_share_pct":69.93755575379126,"official_total":271,"official_dong_evidence_count":0,"major_reasons":"20년 이상 주거건물 비중 69.9% | 성북구 공식 피해·보증사고 배경지표 상위 | 비아파트 건물 비중 15.1%","score_version":"seoul-dong-v1.0","score_scope":"서울 법정동 시장·건물구조 상대위험"},"geometry":{"type":"Polygon","coordinates":[[[127.015791786838,37.607162684626125],[127.01447441124867,37.61468536704299],[127.01709550206088,37.61479828553696],[127.01922729252479,37.61379988700182],[127.02039556827204,37.61259745444695],[127.02203116056369,37.61229688440407],[127.02219617048446,37.61136884461138],[127.0257579833202,37.612140217966875],[127.0264246816797,37.612694065631544],[127.03018443031108,37.612366246193474],[127.03027006739393,37.60890011262541],[127.0253598404007,37.60442089169478],[127.02580751961693,37.60363249457412],[127.02476835696069,37.60250321365529],[127.02251217130305,37.60202680024017],[127.02014751925627,37.602286040538694],[127.01769113571963,37.6038056850802],[127.01821903618296,37.60519985524688],[127.01961334832626,37.60522336359718],[127.01800189503145,37.60632959167585],[127.01717194676868,37.60595369765843],[127.01701777780937,37.60686615188175],[127.015791786838,37.607162684626125]]]}},{"type":"Feature","properties":{"legal_dong_code":"1129011400","sigungu_code":"11290","district":"성북구","legal_dong":"삼선동4가","risk_score":65.61277731558884,"risk_level":"높음","data_confidence":"보통","market_risk_score":66.25312147443687,"building_risk_score":74.64361772370688,"district_context_score":48.0,"jeonse_ratio_pct":71.2527556517378,"high80_share_pct":31.25,"sale_decline_pct":0.0,"sale_count":90.0,"jeonse_count":322.0,"matched_group_count":6.0,"nonapt_building_share_pct":41.74757281553398,"old20_share_pct":64.56310679611651,"official_total":271,"official_dong_evidence_count":0,"major_reasons":"80% 이상 매칭 비중 31.2% | 최근 36개월 추정 전세가율 71.3% | 비아파트 건물 비중 41.7%","score_version":"seoul-dong-v1.0","score_scope":"서울 법정동 시장·건물구조 상대위험"},"geometry":{"type":"Polygon","coordinates":[[[127.01666177977906,37.59034651974468],[127.01041941280705,37.588364177518805],[127.01000700444493,37.588994969558144],[127.01317768820212,37.591196462840095],[127.01504783357076,37.59116272867177],[127.01666177977906,37.59034651974468]]]}},{"type":"Feature","properties":{"legal_dong_code":"1129010300","sigungu_code":"11290","district":"성북구","legal_dong":"돈암동","risk_score":42.72764521122673,"risk_level":"주의","data_confidence":"높음","market_risk_score":41.16514671409225,"building_risk_score":43.31422873108554,"district_context_score":48.0,"jeonse_ratio_pct":61.22659841306055,"high80_share_pct":5.621805792163544,"sale_decline_pct":0.0,"sale_count":2067.0,"jeonse_count":4072.0,"matched_group_count":18.0,"nonapt_building_share_pct":13.742071881606766,"old20_share_pct":76.00422832980972,"official_total":271,"official_dong_evidence_count":0,"major_reasons":"20년 이상 주거건물 비중 76.0% | 최근 36개월 추정 전세가율 61.2% | 성북구 공식 피해·보증사고 배경지표 상위","score_version":"seoul-dong-v1.0","score_scope":"서울 법정동 시장·건물구조 상대위험"},"geometry":{"type":"Polygon","coordinates":[[[127.00619097600462,37.59626125299112],[127.0051918294464,37.59737660723088],[127.00675844058613,37.598721554559425],[127.00945612710768,37.59911346699107],[127.01106652465911,37.59839136255661],[127.01171311761095,37.59968888694835],[127.01136916899318,37.60109951365919],[127.01263099790461,37.60186766094362],[127.01407193300699,37.600861703937845],[127.01389679282032,37.6001014817286],[127.01496638748479,37.60027490312651],[127.01721376066251,37.598741052755074],[127.01780802185091,37.599258830549495],[127.01858293323014,37.59859628193014],[127.0202482946506,37.59939525588413],[127.02068230673792,37.600150219328185],[127.02144487467251,37.60014167787737],[127.02197246484815,37.602061339578476],[127.02476835696069,37.60250321365529],[127.02708556783686,37.60451073689151],[127.0304383327111,37.60411471093699],[127.02914433576407,37.60211979429401],[127.02700165172133,37.600724725514695],[127.02527017661262,37.59599294945362],[127.02553536700803,37.5947850365402],[127.02359622311775,37.59232845781792],[127.02407030568573,37.59040081054327],[127.02259705058779,37.589835147159086],[127.0227220281199,37.59087418556325],[127.0213373405284,37.59138323926925],[127.02200344210645,37.59687591313448],[127.02077567615125,37.59690992472836],[127.02011989519534,37.59758446131206],[127.01909893646823,37.59662890820208],[127.01812812435794,37.59650400123799],[127.01822205482793,37.59691996323324],[127.01709580926257,37.59715257105659],[127.01606352684722,37.596839322564364],[127.01487863048806,37.598398434792244],[127.013586922139,37.598274382333344],[127.01265515070267,37.59668808476282],[127.01378256005795,37.5948803828189],[127.01117012293325,37.59372350925133],[127.00958303300624,37.59207738554385],[127.00748302330088,37.59157347248028],[127.0066771137556,37.59085568689576],[127.00822754085397,37.592753334907265],[127.00831598852707,37.594173308274684],[127.00776622673175,37.59604123193063],[127.00719075345846,37.596541099850675],[127.00619097600462,37.59626125299112]],[[127.01867399769709,37.598343840151756],[127.01863962814419,37.59838448851331],[127.01859038699692,37.59821165995351],[127.01867399769709,37.598343840151756]],[[127.01885400707381,37.5985215418817],[127.01873419025597,37.5986195413832],[127.01879139369457,37.5985029907981],[127.01885400707381,37.5985215418817]],[[127.01903181860953,37.598642896144575],[127.01891847314805,37.59861831605472],[127.01889998382376,37.59853129277311],[127.01903181860953,37.598642896144575]]]}},{"type":"Feature","properties":{"legal_dong_code":"1129012900","sigungu_code":"11290","district":"성북구","legal_dong":"보문동7가","risk_score":72.516043346745,"risk_level":"매우 높음","data_confidence":"낮음","market_risk_score":82.51342275644869,"building_risk_score":63.23195877150312,"district_context_score":48.0,"jeonse_ratio_pct":81.91902314503707,"high80_share_pct":40.0,"sale_decline_pct":null,"sale_count":28.0,"jeonse_count":131.0,"matched_group_count":2.0,"nonapt_building_share_pct":28.8135593220339,"old20_share_pct":75.42372881355932,"official_total":271,"official_dong_evidence_count":0,"major_reasons":"최근 36개월 추정 전세가율 81.9% | 80% 이상 매칭 비중 40.0% | 20년 이상 주거건물 비중 75.4%","score_version":"seoul-dong-v1.0","score_scope":"서울 법정동 시장·건물구조 상대위험"},"geometry":{"type":"Polygon","coordinates":[[[127.02278267965211,37.5813877162758],[127.02440258700308,37.57918985348859],[127.02289049060495,37.57782097051942],[127.02020134698634,37.580509484126665],[127.02278267965211,37.5813877162758]]]}},{"type":"Feature","properties":{"legal_dong_code":"1129010500","sigungu_code":"11290","district":"성북구","legal_dong":"동소문동2가","risk_score":35.1016344373394,"risk_level":"주의","data_confidence":"낮음","market_risk_score":26.134276716219926,"building_risk_score":48.884273630429774,"district_context_score":48.0,"jeonse_ratio_pct":14.38149334453311,"high80_share_pct":0.0,"sale_decline_pct":null,"sale_count":12.0,"jeonse_count":31.0,"matched_group_count":1.0,"nonapt_building_share_pct":9.714285714285714,"old20_share_pct":33.14285714285714,"official_total":271,"official_dong_evidence_count":0,"major_reasons":"성북구 공식 피해·보증사고 배경지표 상위 | 20년 이상 주거건물 비중 33.1% | 비아파트 건물 비중 9.7%","score_version":"seoul-dong-v1.0","score_scope":"서울 법정동 시장·건물구조 상대위험"},"geometry":{"type":"Polygon","coordinates":[[[127.00927848944251,37.589839458883766],[127.01000700444493,37.588994969558144],[127.00823027867357,37.587809252308425],[127.0062162721601,37.588507784345985],[127.00927848944251,37.589839458883766]]]}},{"type":"Feature","properties":{"legal_dong_code":"1129012200","sigungu_code":"11290","district":"성북구","legal_dong":"안암동2가","risk_score":69.99331292682864,"risk_level":"높음","data_confidence":"보통","market_risk_score":71.98337852567337,"building_risk_score":78.41314324569844,"district_context_score":48.0,"jeonse_ratio_pct":70.18084872872143,"high80_share_pct":25.0,"sale_decline_pct":0.0,"sale_count":146.0,"jeonse_count":210.0,"matched_group_count":2.0,"nonapt_building_share_pct":52.243589743589745,"old20_share_pct":68.26923076923077,"official_total":271,"official_dong_evidence_count":0,"major_reasons":"비아파트 건물 비중 52.2% | 80% 이상 매칭 비중 25.0% | 최근 36개월 추정 전세가율 70.2%","score_version":"seoul-dong-v1.0","score_scope":"서울 법정동 시장·건물구조 상대위험"},"geometry":{"type":"Polygon","coordinates":[[[127.02127302853778,37.584788272585804],[127.02060124633452,37.58709951010036],[127.02402309663586,37.588314390548774],[127.02420473130911,37.588886066883816],[127.02580942461248,37.58855544645327],[127.02523633583999,37.58644504998815],[127.02372232751296,37.58646534633848],[127.02358051110376,37.585628690745125],[127.02127302853778,37.584788272585804]]]}},{"type":"Feature","properties":{"legal_dong_code":"1129012100","sigungu_code":"11290","district":"성북구","legal_dong":"안암동1가","risk_score":56.09590911903095,"risk_level":"높음","data_confidence":"보통","market_risk_score":44.70117657429393,"building_risk_score":88.30081269781836,"district_context_score":48.0,"jeonse_ratio_pct":60.50365456430953,"high80_share_pct":0.0,"sale_decline_pct":10.093688695743964,"sale_count":101.0,"jeonse_count":378.0,"matched_group_count":4.0,"nonapt_building_share_pct":61.24260355029586,"old20_share_pct":74.85207100591717,"official_total":271,"official_dong_evidence_count":0,"major_reasons":"최근 매매 단가 하락 신호 10.1% | 비아파트 건물 비중 61.2% | 20년 이상 주거건물 비중 74.9%","score_version":"seoul-dong-v1.0","score_scope":"서울 법정동 시장·건물구조 상대위험"},"geometry":{"type":"Polygon","coordinates":[[[127.02060114582174,37.58670574346163],[127.0187892758058,37.58870119124823],[127.01967423951426,37.589413953879706],[127.02249505596998,37.58902103528139],[127.02223735711125,37.5896647084454],[127.02407030568573,37.59040081054327],[127.02384490415267,37.5906153418378],[127.02379109692836,37.5907213168253],[127.02455950786023,37.59032990767286],[127.02575337542312,37.58847316199091],[127.02420473130911,37.588886066883816],[127.02402309663586,37.588314390548774],[127.02060124633452,37.58709951010036],[127.02060114582174,37.58670574346163]]]}},{"type":"Feature","properties":{"legal_dong_code":"1129012500","sigungu_code":"11290","district":"성북구","legal_dong":"안암동5가","risk_score":75.3435077152106,"risk_level":"매우 높음","data_confidence":"낮음","market_risk_score":88.4035084351808,"building_risk_score":60.405610616408524,"district_context_score":48.0,"jeonse_ratio_pct":89.02660469090091,"high80_share_pct":100.0,"sale_decline_pct":null,"sale_count":58.0,"jeonse_count":308.0,"matched_group_count":1.0,"nonapt_building_share_pct":35.94132029339853,"old20_share_pct":68.7041564792176,"official_total":271,"official_dong_evidence_count":0,"major_reasons":"80% 이상 매칭 비중 100.0% | 최근 36개월 추정 전세가율 89.0% | 비아파트 건물 비중 35.9%","score_version":"seoul-dong-v1.0","score_scope":"서울 법정동 시장·건물구조 상대위험"},"geometry":{"type":"Polygon","coordinates":[[[127.02564027490753,37.59632392294114],[127.02674219639697,37.59596809227134],[127.02775485818677,37.594486833874036],[127.03001229283981,37.594293833288575],[127.03024271966454,37.59223476680761],[127.03168252388076,37.59141006080899],[127.0318320941346,37.590594415066064],[127.03447892252234,37.59069303026431],[127.03469702737334,37.589336653541764],[127.03555168555935,37.58891443389994],[127.0320682141616,37.58585519022286],[127.02955595538467,37.582690596513125],[127.0264228677653,37.5805446183364],[127.02627857690466,37.581728544645486],[127.02464295315508,37.582674506329276],[127.02376956242041,37.58475282513266],[127.02590015371095,37.58818548324334],[127.02379109692836,37.5907213168253],[127.02359622311775,37.59232845781792],[127.02553536700803,37.5947850365402],[127.02564027490753,37.59632392294114]]]}},{"type":"Feature","properties":{"legal_dong_code":"1129013500","sigungu_code":"11290","district":"성북구","legal_dong":"종암동","risk_score":51.49666610183078,"risk_level":"주의","data_confidence":"높음","market_risk_score":41.76216163946539,"building_risk_score":76.95747647260619,"district_context_score":48.0,"jeonse_ratio_pct":61.55864385036603,"high80_share_pct":1.8739352640545146,"sale_decline_pct":0.0,"sale_count":1804.0,"jeonse_count":3606.0,"matched_group_count":21.0,"nonapt_building_share_pct":40.79822616407982,"old20_share_pct":79.10199556541019,"official_total":271,"official_dong_evidence_count":0,"major_reasons":"20년 이상 주거건물 비중 79.1% | 비아파트 건물 비중 40.8% | 최근 36개월 추정 전세가율 61.6%","score_version":"seoul-dong-v1.0","score_scope":"서울 법정동 시장·건물구조 상대위험"},"geometry":{"type":"Polygon","coordinates":[[[127.02564027490753,37.59632392294114],[127.02700165172133,37.600724725514695],[127.02914433576407,37.60211979429401],[127.0304383327111,37.60411471093699],[127.03354770382504,37.60296757870215],[127.03885459698066,37.60240358975776],[127.0408783703766,37.60042294075726],[127.0405540604476,37.59734402740406],[127.04109082702826,37.59555909870817],[127.04075904187272,37.59527739067177],[127.04062857246481,37.5956833993582],[127.03875396906498,37.59126844347134],[127.03621064295652,37.591181210140896],[127.03633805062994,37.59012290292663],[127.03555168555935,37.58891443389994],[127.03469702737334,37.589336653541764],[127.03447892252234,37.59069303026431],[127.0318320941346,37.590594415066064],[127.03168252388076,37.59141006080899],[127.03024271966454,37.59223476680761],[127.03001229283981,37.594293833288575],[127.02775485818677,37.594486833874036],[127.02674219639697,37.59596809227134],[127.02564027490753,37.59632392294114]]]}},{"type":"Feature","properties":{"legal_dong_code":"1129013100","sigungu_code":"11290","district":"성북구","legal_dong":"보문동2가","risk_score":74.53541274075046,"risk_level":"매우 높음","data_confidence":"보통","market_risk_score":77.052920390231,"building_risk_score":84.41464202644741,"district_context_score":48.0,"jeonse_ratio_pct":75.76082035095821,"high80_share_pct":26.666666666666668,"sale_decline_pct":null,"sale_count":66.0,"jeonse_count":191.0,"matched_group_count":4.0,"nonapt_building_share_pct":55.80357142857143,"old20_share_pct":80.80357142857143,"official_total":271,"official_dong_evidence_count":0,"major_reasons":"비아파트 건물 비중 55.8% | 최근 36개월 추정 전세가율 75.8% | 20년 이상 주거건물 비중 80.8%","score_version":"seoul-dong-v1.0","score_scope":"서울 법정동 시장·건물구조 상대위험"},"geometry":{"type":"Polygon","coordinates":[[[127.01835641764599,37.583741346638135],[127.01661986271073,37.58697835440773],[127.01787787208102,37.58795045804357],[127.01994651387703,37.58428996267826],[127.01835641764599,37.583741346638135]]]}},{"type":"Feature","properties":{"legal_dong_code":"1129012800","sigungu_code":"11290","district":"성북구","legal_dong":"보문동6가","risk_score":49.05469686481352,"risk_level":"주의","data_confidence":"높음","market_risk_score":37.359945760748076,"building_risk_score":77.75491763345872,"district_context_score":48.0,"jeonse_ratio_pct":56.850979326429695,"high80_share_pct":2.8901734104046244,"sale_decline_pct":null,"sale_count":346.0,"jeonse_count":782.0,"matched_group_count":6.0,"nonapt_building_share_pct":41.90231362467866,"old20_share_pct":73.26478149100257,"official_total":271,"official_dong_evidence_count":0,"major_reasons":"비아파트 건물 비중 41.9% | 20년 이상 주거건물 비중 73.3% | 성북구 공식 피해·보증사고 배경지표 상위","score_version":"seoul-dong-v1.0","score_scope":"서울 법정동 시장·건물구조 상대위험"},"geometry":{"type":"MultiPolygon","coordinates":[[[[127.01665525412852,37.58165992084641],[127.01750521349496,37.5820689916771],[127.01736639104658,37.58313248027465],[127.01835641764599,37.583741346638135],[127.02059936380853,37.579723336834284],[127.02128507126939,37.579850082913694],[127.02182433604631,37.57886176231465],[127.01809068018176,37.57756672653935],[127.0176701365525,37.57811390003895],[127.01825055566083,37.57906127876993],[127.01665525412852,37.58165992084641]]],[[[127.01560990966289,37.58177714241305],[127.0156130306057,37.58181748820166],[127.01620630330993,37.58190613598996],[127.01560990966289,37.58177714241305]]],[[[127.01500223146174,37.58215389767343],[127.01507337905198,37.582179477531916],[127.0150968105372,37.582159752253034],[127.01500223146174,37.58215389767343]]]]}},{"type":"Feature","properties":{"legal_dong_code":"1129012400","sigungu_code":"11290","district":"성북구","legal_dong":"안암동4가","risk_score":56.44663561504187,"risk_level":"높음","data_confidence":"낮음","market_risk_score":48.73006602000173,"building_risk_score":80.03438401216334,"district_context_score":48.0,"jeonse_ratio_pct":69.15916292494279,"high80_share_pct":0.0,"sale_decline_pct":0.0,"sale_count":50.0,"jeonse_count":69.0,"matched_group_count":1.0,"nonapt_building_share_pct":59.523809523809526,"old20_share_pct":70.23809523809523,"official_total":271,"official_dong_evidence_count":0,"major_reasons":"비아파트 건물 비중 59.5% | 최근 36개월 추정 전세가율 69.2% | 20년 이상 주거건물 비중 70.2%","score_version":"seoul-dong-v1.0","score_scope":"서울 법정동 시장·건물구조 상대위험"},"geometry":{"type":"Polygon","coordinates":[[[127.02603589052168,37.58188681747623],[127.0264228677653,37.5805446183364],[127.02442626738308,37.579180685862625],[127.02275757053097,37.58143190516061],[127.02603589052168,37.58188681747623]]]}},{"type":"Feature","properties":{"legal_dong_code":"1129012300","sigungu_code":"11290","district":"성북구","legal_dong":"안암동3가","risk_score":60.64825104245256,"risk_level":"높음","data_confidence":"높음","market_risk_score":60.16573032333985,"building_risk_score":69.3952513937946,"district_context_score":48.0,"jeonse_ratio_pct":62.650525315217756,"high80_share_pct":18.51851851851852,"sale_decline_pct":8.334035839670362,"sale_count":151.0,"jeonse_count":370.0,"matched_group_count":11.0,"nonapt_building_share_pct":37.883959044368595,"old20_share_pct":69.28327645051195,"official_total":271,"official_dong_evidence_count":0,"major_reasons":"최근 매매 단가 하락 신호 8.3% | 80% 이상 매칭 비중 18.5% | 비아파트 건물 비중 37.9%","score_version":"seoul-dong-v1.0","score_scope":"서울 법정동 시장·건물구조 상대위험"},"geometry":{"type":"Polygon","coordinates":[[[127.02482804726276,37.58627317823538],[127.02376956242041,37.58475282513266],[127.02464295315508,37.582674506329276],[127.02603589052168,37.58188681747623],[127.02275757053097,37.58143190516061],[127.02127302853778,37.584788272585804],[127.02358051110376,37.585628690745125],[127.02372232751296,37.58646534633848],[127.02482804726276,37.58627317823538]]]}},{"type":"Feature","properties":{"legal_dong_code":"1129013600","sigungu_code":"11290","district":"성북구","legal_dong":"하월곡동","risk_score":50.496357023477415,"risk_level":"주의","data_confidence":"높음","market_risk_score":42.28090936425607,"building_risk_score":71.71124561969509,"district_context_score":48.0,"jeonse_ratio_pct":60.3882791183361,"high80_share_pct":6.605504587155964,"sale_decline_pct":0.0,"sale_count":1878.0,"jeonse_count":3678.0,"matched_group_count":27.0,"nonapt_building_share_pct":41.012909632572,"old20_share_pct":84.06156901688183,"official_total":271,"official_dong_evidence_count":0,"major_reasons":"20년 이상 주거건물 비중 84.1% | 비아파트 건물 비중 41.0% | 성북구 공식 피해·보증사고 배경지표 상위","score_version":"seoul-dong-v1.0","score_scope":"서울 법정동 시장·건물구조 상대위험"},"geometry":{"type":"Polygon","coordinates":[[[127.04352761012429,37.61093667309802],[127.04227393697504,37.60704864574775],[127.04291327442047,37.60521653684796],[127.04347810656749,37.60476850401993],[127.04424562889503,37.6053254143039],[127.04732597515773,37.60571674500454],[127.04800693091906,37.60528579111932],[127.0486357522356,37.60412038207168],[127.04800089952258,37.60332757076019],[127.04821266229715,37.601416610449846],[127.05038488362318,37.600449372626265],[127.04734182327564,37.59617790384106],[127.04552981497173,37.5966157957892],[127.04371404347664,37.596262390195754],[127.04303941180287,37.59696690147716],[127.041174640875,37.59549257795923],[127.0405540604476,37.59734402740406],[127.0408783703766,37.60042294075726],[127.03885459698066,37.60240358975776],[127.03354770382504,37.60296757870215],[127.02909920036961,37.60452156384935],[127.02708556783686,37.60451073689151],[127.02580751961693,37.60363249457412],[127.02530103548612,37.60422011055231],[127.0299409858655,37.60889693077515],[127.03604333171789,37.612437035584875],[127.03735661194604,37.61283815746687],[127.03955106073334,37.611666753433354],[127.04042777956771,37.61202107596719],[127.04054444696278,37.611089431522664],[127.04197881026612,37.61092464551127],[127.04208291213315,37.611460504632106],[127.0426744975473,37.61145596610369],[127.04352761012429,37.61093667309802]]]}},{"type":"Feature","properties":{"legal_dong_code":"1129013200","sigungu_code":"11290","district":"성북구","legal_dong":"보문동3가","risk_score":37.87042956519798,"risk_level":"주의","data_confidence":"보통","market_risk_score":29.69608905194394,"building_risk_score":51.41110453612647,"district_context_score":48.0,"jeonse_ratio_pct":57.51176312972636,"high80_share_pct":0.0,"sale_decline_pct":null,"sale_count":122.0,"jeonse_count":223.0,"matched_group_count":3.0,"nonapt_building_share_pct":29.591836734693878,"old20_share_pct":66.3265306122449,"official_total":271,"official_dong_evidence_count":0,"major_reasons":"20년 이상 주거건물 비중 66.3% | 비아파트 건물 비중 29.6% | 성북구 공식 피해·보증사고 배경지표 상위","score_version":"seoul-dong-v1.0","score_scope":"서울 법정동 시장·건물구조 상대위험"},"geometry":{"type":"Polygon","coordinates":[[[127.01471669101251,37.584491096495135],[127.01661986271073,37.58697835440773],[127.01835641764599,37.583741346638135],[127.01739478528415,37.58318619324305],[127.01723404261352,37.581835555544075],[127.0156130306057,37.58181748820166],[127.0148333495129,37.582331456154634],[127.01471669101251,37.584491096495135]]]}},{"type":"Feature","properties":{"legal_dong_code":"1129012000","sigungu_code":"11290","district":"성북구","legal_dong":"동선동5가","risk_score":66.54238301634858,"risk_level":"높음","data_confidence":"보통","market_risk_score":68.97265389364165,"building_risk_score":71.83516272065435,"district_context_score":48.0,"jeonse_ratio_pct":74.998133411837,"high80_share_pct":24.242424242424242,"sale_decline_pct":0.0,"sale_count":85.0,"jeonse_count":278.0,"matched_group_count":7.0,"nonapt_building_share_pct":35.12396694214876,"old20_share_pct":73.96694214876032,"official_total":271,"official_dong_evidence_count":0,"major_reasons":"최근 36개월 추정 전세가율 75.0% | 80% 이상 매칭 비중 24.2% | 20년 이상 주거건물 비중 74.0%","score_version":"seoul-dong-v1.0","score_scope":"서울 법정동 시장·건물구조 상대위험"},"geometry":{"type":"Polygon","coordinates":[[[127.01442922837445,37.59835239948668],[127.01533090243565,37.59803925966355],[127.01606352684722,37.596839322564364],[127.01709580926257,37.59715257105659],[127.01822205482793,37.59691996323324],[127.01818777705186,37.59650720934196],[127.01909893646823,37.59662890820208],[127.0192005349636,37.597125488299774],[127.0192938804443,37.59662467141299],[127.01876277469536,37.59603263255676],[127.01615954025029,37.594245260442726],[127.01442922837445,37.59835239948668]]]}},{"type":"Feature","properties":{"legal_dong_code":"1129011800","sigungu_code":"11290","district":"성북구","legal_dong":"동선동3가","risk_score":53.94490834118844,"risk_level":"주의","data_confidence":"보통","market_risk_score":43.83843328486827,"building_risk_score":81.76739348106989,"district_context_score":48.0,"jeonse_ratio_pct":62.98860475868694,"high80_share_pct":0.0,"sale_decline_pct":null,"sale_count":113.0,"jeonse_count":341.0,"matched_group_count":4.0,"nonapt_building_share_pct":44.11764705882353,"old20_share_pct":79.41176470588235,"official_total":271,"official_dong_evidence_count":0,"major_reasons":"20년 이상 주거건물 비중 79.4% | 비아파트 건물 비중 44.1% | 최근 36개월 추정 전세가율 63.0%","score_version":"seoul-dong-v1.0","score_scope":"서울 법정동 시장·건물구조 상대위험"},"geometry":{"type":"Polygon","coordinates":[[[127.0189301317981,37.594466355236406],[127.02146795964498,37.597070103795566],[127.02200344210645,37.59687591313448],[127.02113131804497,37.591229863011364],[127.0195812983723,37.591540301373094],[127.01962261239025,37.593960654733735],[127.0189301317981,37.594466355236406]]]}},{"type":"Feature","properties":{"legal_dong_code":"1129011900","sigungu_code":"11290","district":"성북구","legal_dong":"동선동4가","risk_score":76.70267690202263,"risk_level":"매우 높음","data_confidence":"보통","market_risk_score":86.4976030576516,"building_risk_score":70.41646026972667,"district_context_score":48.0,"jeonse_ratio_pct":96.16390877730801,"high80_share_pct":81.81818181818183,"sale_decline_pct":1.089382512873066,"sale_count":127.0,"jeonse_count":206.0,"matched_group_count":4.0,"nonapt_building_share_pct":40.54054054054054,"old20_share_pct":72.97297297297297,"official_total":271,"official_dong_evidence_count":0,"major_reasons":"최근 36개월 추정 전세가율 96.2% | 80% 이상 매칭 비중 81.8% | 최근 매매 단가 하락 신호 1.1%","score_version":"seoul-dong-v1.0","score_scope":"서울 법정동 시장·건물구조 상대위험"},"geometry":{"type":"Polygon","coordinates":[[[127.02146795964498,37.597070103795566],[127.02060350225335,37.59593529530936],[127.01648144695297,37.592670749864496],[127.01615954025029,37.594245260442726],[127.01876277469536,37.59603263255676],[127.0192005349636,37.597125488299774],[127.02011989519534,37.59758446131206],[127.02077567615125,37.59690992472836],[127.02146795964498,37.597070103795566]]]}},{"type":"Feature","properties":{"legal_dong_code":"1129011600","sigungu_code":"11290","district":"성북구","legal_dong":"동선동1가","risk_score":73.91789857903242,"risk_level":"매우 높음","data_confidence":"낮음","market_risk_score":87.53649996980258,"building_risk_score":56.78399438860351,"district_context_score":48.0,"jeonse_ratio_pct":80.45570533769151,"high80_share_pct":42.857142857142854,"sale_decline_pct":null,"sale_count":29.0,"jeonse_count":227.0,"matched_group_count":3.0,"nonapt_building_share_pct":12.949640287769784,"old20_share_pct":80.57553956834532,"official_total":271,"official_dong_evidence_count":0,"major_reasons":"최근 36개월 추정 전세가율 80.5% | 80% 이상 매칭 비중 42.9% | 20년 이상 주거건물 비중 80.6%","score_version":"seoul-dong-v1.0","score_scope":"서울 법정동 시장·건물구조 상대위험"},"geometry":{"type":"Polygon","coordinates":[[[127.0189301317981,37.594466355236406],[127.01962261239025,37.593960654733735],[127.01989745514184,37.5913730478349],[127.01694905140437,37.59043931101418],[127.0164835642967,37.592670578409006],[127.0189301317981,37.594466355236406]]]}},{"type":"Feature","properties":{"legal_dong_code":"1129010400","sigungu_code":"11290","district":"성북구","legal_dong":"동소문동1가","risk_score":52.130985352195495,"risk_level":"주의","data_confidence":"낮음","market_risk_score":46.59783094030225,"building_risk_score":67.88914715205657,"district_context_score":48.0,"jeonse_ratio_pct":63.417139503756815,"high80_share_pct":0.0,"sale_decline_pct":null,"sale_count":22.0,"jeonse_count":98.0,"matched_group_count":2.0,"nonapt_building_share_pct":40.21739130434783,"old20_share_pct":73.91304347826086,"official_total":271,"official_dong_evidence_count":0,"major_reasons":"20년 이상 주거건물 비중 73.9% | 비아파트 건물 비중 40.2% | 최근 36개월 추정 전세가율 63.4%","score_version":"seoul-dong-v1.0","score_scope":"서울 법정동 시장·건물구조 상대위험"},"geometry":{"type":"Polygon","coordinates":[[[127.00519712603126,37.58949509291409],[127.00802147558508,37.59171219568827],[127.00927848944251,37.589839458883766],[127.00633822715294,37.58855541451529],[127.00519712603126,37.58949509291409]]]}},{"type":"Feature","properties":{"legal_dong_code":"1129011700","sigungu_code":"11290","district":"성북구","legal_dong":"동선동2가","risk_score":84.87469372039489,"risk_level":"매우 높음","data_confidence":"낮음","market_risk_score":95.43957672776017,"building_risk_score":81.64379073495513,"district_context_score":48.0,"jeonse_ratio_pct":null,"high80_share_pct":null,"sale_decline_pct":null,"sale_count":16.0,"jeonse_count":161.0,"matched_group_count":null,"nonapt_building_share_pct":50.3875968992248,"old20_share_pct":73.25581395348837,"official_total":271,"official_dong_evidence_count":0,"major_reasons":"비아파트 건물 비중 50.4% | 20년 이상 주거건물 비중 73.3% | 성북구 공식 피해·보증사고 배경지표 상위","score_version":"seoul-dong-v1.0","score_scope":"서울 법정동 시장·건물구조 상대위험"},"geometry":{"type":"Polygon","coordinates":[[[127.0187892758058,37.58870119124823],[127.01666177977906,37.59034651974468],[127.01989745514184,37.5913730478349],[127.0227220281199,37.59087418556325],[127.02249505596998,37.58902103528139],[127.01967423951426,37.589413953879706],[127.0187892758058,37.58870119124823]]]}},{"type":"Feature","properties":{"legal_dong_code":"1129013800","sigungu_code":"11290","district":"성북구","legal_dong":"장위동","risk_score":42.436689817335406,"risk_level":"주의","data_confidence":"높음","market_risk_score":30.665005145512378,"building_risk_score":67.35074692011189,"district_context_score":48.0,"jeonse_ratio_pct":45.16591633814326,"high80_share_pct":4.246284501061571,"sale_decline_pct":0.0,"sale_count":3339.0,"jeonse_count":9069.0,"matched_group_count":33.0,"nonapt_building_share_pct":35.612597066436585,"old20_share_pct":89.21484037963762,"official_total":271,"official_dong_evidence_count":0,"major_reasons":"20년 이상 주거건물 비중 89.2% | 비아파트 건물 비중 35.6% | 성북구 공식 피해·보증사고 배경지표 상위","score_version":"seoul-dong-v1.0","score_scope":"서울 법정동 시장·건물구조 상대위험"},"geometry":{"type":"Polygon","coordinates":[[[127.03735661194604,37.61283815746687],[127.03993046766345,37.61542099243231],[127.04007130216227,37.61619464584699],[127.04394657458745,37.61864310072489],[127.04652672132482,37.62232688354759],[127.04972854337541,37.62426297768804],[127.05738135058395,37.6175030815562],[127.06066703408067,37.615666281932114],[127.06145441989992,37.61463579317556],[127.06328519299883,37.61425866261132],[127.0512404832275,37.607799186913745],[127.05248304959765,37.60904819281976],[127.05148138209107,37.610035998084626],[127.04996975367479,37.608497246699145],[127.04743188157671,37.607829903729915],[127.04544073868382,37.609704929256615],[127.04561596303162,37.61075470587566],[127.04634953950652,37.610687369445166],[127.04638049710846,37.61161918890006],[127.04418003201411,37.610831853125305],[127.0426744975473,37.61145596610369],[127.04208291213315,37.611460504632106],[127.04197881026612,37.61092464551127],[127.04054444696278,37.611089431522664],[127.04042777956771,37.61202107596719],[127.03955106073334,37.611666753433354],[127.03735661194604,37.61283815746687]]]}},{"type":"Feature","properties":{"legal_dong_code":"1129013300","sigungu_code":"11290","district":"성북구","legal_dong":"정릉동","risk_score":57.49292109379694,"risk_level":"높음","data_confidence":"높음","market_risk_score":58.94864107840204,"building_risk_score":59.69494578702288,"district_context_score":48.0,"jeonse_ratio_pct":66.32250383461997,"high80_share_pct":9.306569343065693,"sale_decline_pct":2.973261826872081,"sale_count":4964.0,"jeonse_count":7624.0,"matched_group_count":35.0,"nonapt_building_share_pct":32.91698693312836,"old20_share_pct":81.03382013835511,"official_total":271,"official_dong_evidence_count":0,"major_reasons":"최근 매매 단가 하락 신호 3.0% | 20년 이상 주거건물 비중 81.0% | 최근 36개월 추정 전세가율 66.3%","score_version":"seoul-dong-v1.0","score_scope":"서울 법정동 시장·건물구조 상대위험"},"geometry":{"type":"MultiPolygon","coordinates":[[[[126.9749161985621,37.62897010832995],[126.97536156998979,37.63169633515003],[126.97733143250808,37.63358297157261],[126.98060668704632,37.63481585628809],[126.98151325791545,37.63472100536081],[126.98395908913642,37.636438036926045],[126.98745000176527,37.63496559523954],[126.98857319715688,37.63380129976011],[126.98940954720142,37.63407569136749],[126.98992425869687,37.63280247163109],[126.99372121176114,37.63144751391785],[126.9992694711665,37.62617984342618],[127.00301497399325,37.625248918444456],[127.0048799098043,37.62381187167284],[127.00790097265327,37.62398548291727],[127.00728611536788,37.62039912775317],[127.01013384718588,37.61766409115938],[127.01013492516823,37.616797365636195],[127.01355368877378,37.61543889191014],[127.01481716114509,37.614217575545624],[127.01444686592157,37.61252616840781],[127.015791786838,37.607162684626125],[127.01701777780937,37.60686615188175],[127.01717194676868,37.60595369765843],[127.01800189503145,37.60632959167585],[127.01961334832626,37.60522336359718],[127.01821903618296,37.60519985524688],[127.01767075855433,37.603838303447375],[127.01879595592673,37.60344409026819],[127.01889124354288,37.602775943403934],[127.02197246484815,37.602061339578476],[127.02144487467251,37.60014167787737],[127.02068230673792,37.600150219328185],[127.01895481200093,37.59867047764221],[127.01780802185091,37.599258830549495],[127.01721376066251,37.598741052755074],[127.01496638748479,37.60027490312651],[127.01389679282032,37.6001014817286],[127.01407193300699,37.600861703937845],[127.01263099790461,37.60186766094362],[127.01136916899318,37.60109951365919],[127.01171311761095,37.59968888694835],[127.01106652465911,37.59839136255661],[127.00945612710768,37.59911346699107],[127.00675844058613,37.598721554559425],[127.0051918294464,37.59737660723088],[127.00545089803423,37.59708834713657],[127.0034900471953,37.598041537864596],[127.0010806064451,37.60139000434093],[126.99873656659925,37.601353383416],[126.99772824593406,37.60208539510519],[126.99555341966753,37.60271487609346],[126.9947050854703,37.60247506057018],[126.99307818938217,37.60361377980349],[126.99084883626328,37.604045206094504],[126.98666962097141,37.60402408571126],[126.98675390974634,37.606087796918146],[126.98612994493888,37.60738864559798],[126.98684531124032,37.60886444631941],[126.98587875104751,37.609458213450615],[126.98563805890835,37.61139580566351],[126.98657859722522,37.61397204159125],[126.98453643989991,37.61598061077566],[126.9837143528091,37.617758566147636],[126.98316207471191,37.61923478315938],[126.98364467613119,37.6211439713528],[126.9818073529209,37.62434517554048],[126.97960381641302,37.626379775104745],[126.97992708345181,37.628571916934874],[126.97843914682745,37.629290481290745],[126.9749161985621,37.62897010832995]]],[[[127.01859038699692,37.59821165995351],[127.01871263668583,37.59845269137133],[127.01886634531402,37.5985014571445],[127.01859038699692,37.59821165995351]]],[[[127.01879139369457,37.5985029907981],[127.01888904898782,37.598645593161535],[127.01885400707381,37.5985215418817],[127.01879139369457,37.5985029907981]]],[[[127.01903181860953,37.598642896144575],[127.01891847314805,37.59861831605472],[127.01907900789112,37.598704192056765],[127.01903181860953,37.598642896144575]]]]}},{"type":"Feature","properties":{"legal_dong_code":"1129013700","sigungu_code":"11290","district":"성북구","legal_dong":"상월곡동","risk_score":47.077122430864236,"risk_level":"주의","data_confidence":"높음","market_risk_score":40.01338519647707,"building_risk_score":63.476365251912,"district_context_score":48.0,"jeonse_ratio_pct":57.29310001751802,"high80_share_pct":3.7383177570093453,"sale_decline_pct":0.0,"sale_count":454.0,"jeonse_count":925.0,"matched_group_count":12.0,"nonapt_building_share_pct":33.731739707835324,"old20_share_pct":88.04780876494024,"official_total":271,"official_dong_evidence_count":0,"major_reasons":"20년 이상 주거건물 비중 88.0% | 비아파트 건물 비중 33.7% | 성북구 공식 피해·보증사고 배경지표 상위","score_version":"seoul-dong-v1.0","score_scope":"서울 법정동 시장·건물구조 상대위험"},"geometry":{"type":"Polygon","coordinates":[[[127.04227393697504,37.60704864574775],[127.04352761012429,37.61093667309802],[127.04638049710846,37.61161918890006],[127.04634953950652,37.610687369445166],[127.04561596303162,37.61075470587566],[127.04544073868382,37.609704929256615],[127.04743188157671,37.607829903729915],[127.04996975367479,37.608497246699145],[127.05148138209107,37.610035998084626],[127.05248304959765,37.60904819281976],[127.05058572880696,37.60686649387881],[127.05230089470565,37.604753216901905],[127.0527700687127,37.602512017747024],[127.05038488362318,37.600449372626265],[127.04920804286307,37.60073383487315],[127.04821266229715,37.601416610449846],[127.04800089952258,37.60332757076019],[127.0486357522356,37.60412038207168],[127.04800693091906,37.60528579111932],[127.04732597515773,37.60571674500454],[127.04424562889503,37.6053254143039],[127.04347810656749,37.60476850401993],[127.04227393697504,37.60704864574775]]]}},{"type":"Feature","properties":{"legal_dong_code":"1130510100","sigungu_code":"11305","district":"강북구","legal_dong":"미아동","risk_score":44.73796095439861,"risk_level":"주의","data_confidence":"높음","market_risk_score":34.46248117997422,"building_risk_score":57.841888985656325,"district_context_score":64.0,"jeonse_ratio_pct":53.45537652317057,"high80_share_pct":0.7518796992481203,"sale_decline_pct":0.0,"sale_count":6931.0,"jeonse_count":11960.0,"matched_group_count":37.0,"nonapt_building_share_pct":25.54950398755106,"old20_share_pct":88.20268430266485,"official_total":187,"official_dong_evidence_count":0,"major_reasons":"20년 이상 주거건물 비중 88.2% | 강북구 공식 피해·보증사고 배경지표 상위 | 비아파트 건물 비중 25.5%","score_version":"seoul-dong-v1.0","score_scope":"서울 법정동 시장·건물구조 상대위험"},"geometry":{"type":"Polygon","coordinates":[[[127.00717924505129,37.62085665067677],[127.00788832325016,37.62402715391115],[127.00886435388202,37.62502867119005],[127.01140170323882,37.62558075039368],[127.0134155563249,37.62690724765409],[127.01575244251285,37.62706575951342],[127.01617971707716,37.62805433359814],[127.01784287820217,37.62869960366235],[127.01800144463579,37.62953702348848],[127.02433425005043,37.630906267613625],[127.02344574022173,37.63475640650956],[127.02782920393585,37.63492588553138],[127.02673876031078,37.63392045189679],[127.02759044687302,37.63348833786282],[127.02891199692138,37.633774333314605],[127.03011833785737,37.630507928275755],[127.03274801877063,37.627429481702336],[127.03267741971193,37.62517191650606],[127.03445264872413,37.62209806648944],[127.03433358700119,37.62124739432133],[127.03654200176585,37.62029286487919],[127.0373053469576,37.61940098072753],[127.0389215232063,37.61902586094802],[127.0382120322754,37.61833781568048],[127.03852527582862,37.61669577974767],[127.03985956682969,37.6154910036881],[127.03678083311758,37.61242542012995],[127.03604681859939,37.61243381806112],[127.03024758083231,37.60897345803467],[127.03017708762316,37.61235704895592],[127.0264334931788,37.612693883575524],[127.02211673438113,37.61133661236867],[127.02191126179844,37.61232630420649],[127.02039776511808,37.61259595846636],[127.01753683491626,37.614616138183315],[127.01450913212564,37.61472003298016],[127.0101460592362,37.616798094617366],[127.00993221006922,37.61776639403809],[127.008496633075,37.61862196869738],[127.00717924505129,37.62085665067677]]]}},{"type":"Feature","properties":{"legal_dong_code":"1130510400","sigungu_code":"11305","district":"강북구","legal_dong":"우이동","risk_score":68.88917755101919,"risk_level":"높음","data_confidence":"높음","market_risk_score":68.02385621094348,"building_risk_score":73.89945529781244,"district_context_score":64.0,"jeonse_ratio_pct":67.29923365491787,"high80_share_pct":10.880829015544041,"sale_decline_pct":3.31159380614835,"sale_count":995.0,"jeonse_count":842.0,"matched_group_count":13.0,"nonapt_building_share_pct":44.12081984897519,"old20_share_pct":80.58252427184466,"official_total":187,"official_dong_evidence_count":0,"major_reasons":"최근 매매 단가 하락 신호 3.3% | 20년 이상 주거건물 비중 80.6% | 비아파트 건물 비중 44.1%","score_version":"seoul-dong-v1.0","score_scope":"서울 법정동 시장·건물구조 상대위험"},"geometry":{"type":"Polygon","coordinates":[[[126.9796581446236,37.656038741366004],[126.9828568644577,37.65644959469481],[126.98654398143901,37.65948523306316],[126.98826822107652,37.66439124194943],[126.99222450601204,37.66523168771398],[126.99401725791392,37.66678302098587],[126.99356049690955,37.66780415386648],[126.99435735414193,37.669566778064905],[126.99380234929524,37.6701973337884],[126.99407378452527,37.67276106814515],[126.99354350125522,37.67410303137789],[126.99398141352832,37.67490717761945],[126.99312503608964,37.6758320573899],[126.99324725645047,37.67766058782422],[126.99219754381309,37.679626879313915],[126.99407574916273,37.680324094168014],[126.9967374663006,37.68238925739727],[126.99731114569104,37.68346611936012],[127.00168680513738,37.684344109070445],[127.00223981822529,37.68359315713496],[127.00452645354244,37.68508891212654],[127.00866239209047,37.68444938769921],[127.0084148747077,37.68321619907722],[127.00941656699418,37.67957270925084],[127.01214351720321,37.67910641381735],[127.01330749698877,37.67788336986295],[127.01394011533137,37.675233934902884],[127.01512857526416,37.674171630022755],[127.01622592962282,37.67394268748964],[127.01784841427468,37.670871744466744],[127.01871772062871,37.670868305364735],[127.01841498551313,37.66888851582641],[127.01577445404064,37.667039428299915],[127.0153543774943,37.66374990760224],[127.01698913679758,37.66223396952334],[127.01588134455169,37.66132176540888],[127.01452129170798,37.66203279152017],[127.01265356030898,37.653470030857406],[127.012899813263,37.6507636395528],[127.01429889137754,37.65029789015024],[127.01496330131629,37.64912012391417],[127.01137390299604,37.6493351898113],[127.00800271469458,37.650431207849856],[127.00645281575834,37.64936594211118],[127.00492647344709,37.64953883021971],[127.0024200510674,37.648978018496756],[126.99876191707287,37.64929423216076],[126.99748740604589,37.650418883444694],[126.98855247026405,37.64178852660879],[126.98607740759057,37.64210677799849],[126.98495606965,37.6414641572577],[126.98383077667461,37.64214879043334],[126.98324722598572,37.643683461353],[126.98571792280185,37.646092939119306],[126.98492895235627,37.646066882684686],[126.98393688318798,37.64961000733681],[126.98249527704927,37.65054040142011],[126.98104785480649,37.65271250095],[126.9796581446236,37.656038741366004]]]}},{"type":"Feature","properties":{"legal_dong_code":"1130510200","sigungu_code":"11305","district":"강북구","legal_dong":"번동","risk_score":64.35363595221722,"risk_level":"높음","data_confidence":"높음","market_risk_score":63.316947760596605,"building_risk_score":67.05386918343706,"district_context_score":64.0,"jeonse_ratio_pct":65.89671509824302,"high80_share_pct":14.492753623188406,"sale_decline_pct":14.150502357399729,"sale_count":2639.0,"jeonse_count":4263.0,"matched_group_count":21.0,"nonapt_building_share_pct":19.529139328444618,"old20_share_pct":88.57583944423003,"official_total":187,"official_dong_evidence_count":0,"major_reasons":"최근 매매 단가 하락 신호 14.2% | 20년 이상 주거건물 비중 88.6% | 강북구 공식 피해·보증사고 배경지표 상위","score_version":"seoul-dong-v1.0","score_scope":"서울 법정동 시장·건물구조 상대위험"},"geometry":{"type":"Polygon","coordinates":[[[127.02299095165522,37.63543249391083],[127.03085803969563,37.64287035023022],[127.03283006430021,37.64140719755874],[127.03477625340842,37.63756877216708],[127.03781820993817,37.63603900656978],[127.03811871217756,37.634282907750745],[127.0397675121604,37.6321958003491],[127.04706194876887,37.62752241067326],[127.0497328020591,37.62426217407637],[127.04652864483232,37.62232332394345],[127.04394854571385,37.61864355951626],[127.04004134814082,37.616247128752434],[127.03985077186503,37.61559017751814],[127.03932311436142,37.6157307926252],[127.0382120322754,37.61833781568048],[127.0389215232063,37.61902586094802],[127.0373053469576,37.61940098072753],[127.03654200176585,37.62029286487919],[127.03433358700119,37.62124739432133],[127.03445264872413,37.62209806648944],[127.03267741971193,37.62517191650606],[127.03274801877063,37.627429481702336],[127.03011833785737,37.630507928275755],[127.02891199692138,37.633774333314605],[127.02693096801127,37.633780398656164],[127.02782920393585,37.63492588553138],[127.0265663404386,37.63499531941323],[127.02344574022173,37.63475640650956],[127.02342402977195,37.63335457866612],[127.02299095165522,37.63543249391083]]]}},{"type":"Feature","properties":{"legal_dong_code":"1130510300","sigungu_code":"11305","district":"강북구","legal_dong":"수유동","risk_score":66.93279058503256,"risk_level":"높음","data_confidence":"높음","market_risk_score":68.4720756687278,"building_risk_score":64.99818073518358,"district_context_score":64.0,"jeonse_ratio_pct":70.78635729988211,"high80_share_pct":14.645103324348607,"sale_decline_pct":2.5005817655953755,"sale_count":7923.0,"jeonse_count":8657.0,"matched_group_count":46.0,"nonapt_building_share_pct":29.514519056261346,"old20_share_pct":80.64882032667876,"official_total":187,"official_dong_evidence_count":0,"major_reasons":"최근 매매 단가 하락 신호 2.5% | 20년 이상 주거건물 비중 80.6% | 최근 36개월 추정 전세가율 70.8%","score_version":"seoul-dong-v1.0","score_scope":"서울 법정동 시장·건물구조 상대위험"},"geometry":{"type":"Polygon","coordinates":[[[126.9842008949252,37.63634064994207],[126.98485562290001,37.63681448733832],[126.98613257024013,37.64042786858587],[126.98522404984992,37.64163600187651],[126.98607740759057,37.64210677799849],[126.98855247026405,37.64178852660879],[126.99748740604589,37.650418883444694],[126.99876191707287,37.64929423216076],[127.0024200510674,37.648978018496756],[127.00492647344709,37.64953883021971],[127.00645281575834,37.64936594211118],[127.00800271469458,37.650431207849856],[127.01137390299604,37.6493351898113],[127.0150932798485,37.649282582001305],[127.01730742625962,37.64864288396197],[127.02113098520765,37.64900212412315],[127.02263524871292,37.64786141819745],[127.02468725611931,37.64734200785484],[127.02588468092648,37.6457215321363],[127.03085803969563,37.64287035023022],[127.02302212526116,37.63549447551504],[127.02433425005043,37.630906267613625],[127.01800144463579,37.62953702348848],[127.01784287820217,37.62869960366235],[127.01617971707716,37.62805433359814],[127.01575244251285,37.62706575951342],[127.01241427347526,37.626554385707905],[127.01140170323882,37.62558075039368],[127.00886435388202,37.62502867119005],[127.00788832325016,37.62402715391115],[127.00489683377513,37.623823764122164],[127.00298102520655,37.6252837327172],[126.99927294817344,37.6262023049077],[126.99369373676191,37.63147384770127],[126.98993145344195,37.63279697637014],[126.98945808255698,37.63399787885754],[126.98857138872586,37.63377693711181],[126.98740937488168,37.63496582464204],[126.9842008949252,37.63634064994207]]]}},{"type":"Feature","properties":{"legal_dong_code":"1132010500","sigungu_code":"11320","district":"도봉구","legal_dong":"쌍문동","risk_score":58.02654491022423,"risk_level":"높음","data_confidence":"높음","market_risk_score":51.957020677608,"building_risk_score":72.6093300146377,"district_context_score":58.0,"jeonse_ratio_pct":66.59809950386042,"high80_share_pct":9.523809523809524,"sale_decline_pct":0.0,"sale_count":4923.0,"jeonse_count":6637.0,"matched_group_count":28.0,"nonapt_building_share_pct":41.22648801855192,"old20_share_pct":79.69595465086317,"official_total":158,"official_dong_evidence_count":0,"major_reasons":"20년 이상 주거건물 비중 79.7% | 비아파트 건물 비중 41.2% | 최근 36개월 추정 전세가율 66.6%","score_version":"seoul-dong-v1.0","score_scope":"서울 법정동 시장·건물구조 상대위험"},"geometry":{"type":"Polygon","coordinates":[[[127.01245075028112,37.65215967140968],[127.01452711030332,37.66199395890644],[127.01588154907164,37.661324468305814],[127.01694264579854,37.662227921065956],[127.01741023137606,37.66207829736214],[127.01707669070785,37.65991321121316],[127.01972308531938,37.655762493661],[127.02183502372131,37.65418246959796],[127.02379593434316,37.65413193135164],[127.02524785896772,37.65426643414829],[127.02598659921298,37.65666179515148],[127.02743803642993,37.657197204724554],[127.02715650627738,37.658438178373046],[127.02816297288295,37.659060078145885],[127.03478643149835,37.66039364012322],[127.03765970623513,37.661755518019106],[127.0422658415354,37.661811589272745],[127.03085531959843,37.64286836875765],[127.02589247610494,37.64572000787636],[127.02468544318796,37.647342188405986],[127.0226631978825,37.64784369099427],[127.02144683757501,37.648875880525445],[127.01731218758987,37.648653064352374],[127.01509645257698,37.649282131148375],[127.01431521627029,37.65027473330705],[127.01313946753002,37.650474781440664],[127.01245075028112,37.65215967140968]]]}},{"type":"Feature","properties":{"legal_dong_code":"1132010700","sigungu_code":"11320","district":"도봉구","legal_dong":"창동","risk_score":57.68355737026819,"risk_level":"높음","data_confidence":"높음","market_risk_score":51.016297464405724,"building_risk_score":73.49511556649901,"district_context_score":58.0,"jeonse_ratio_pct":62.7503587305465,"high80_share_pct":20.6286836935167,"sale_decline_pct":0.0,"sale_count":7664.0,"jeonse_count":15009.0,"matched_group_count":40.0,"nonapt_building_share_pct":45.233213736545366,"old20_share_pct":83.57252690927729,"official_total":158,"official_dong_evidence_count":0,"major_reasons":"20년 이상 주거건물 비중 83.6% | 비아파트 건물 비중 45.2% | 80% 이상 매칭 비중 20.6%","score_version":"seoul-dong-v1.0","score_scope":"서울 법정동 시장·건물구조 상대위험"},"geometry":{"type":"Polygon","coordinates":[[[127.0422658415354,37.661811589272745],[127.04599372155674,37.66218279546715],[127.05110655215863,37.66079280697082],[127.05119227340955,37.65983539590695],[127.05178584382253,37.65992082712712],[127.05341691962067,37.65750523955216],[127.05400659585054,37.65530101456417],[127.0539551117806,37.650577044532405],[127.05543718989108,37.64823960598071],[127.05592957042776,37.645957748203145],[127.05499456269742,37.642354269673525],[127.0557763517526,37.64062746081193],[127.05472875655951,37.640137536054716],[127.0536899234086,37.640978521446016],[127.05135268622969,37.64481607072751],[127.05045462261772,37.64483825024184],[127.05068441285894,37.643809419757055],[127.0496940460504,37.64352647113643],[127.04782690004211,37.64118891361334],[127.04654485743598,37.64114517182985],[127.04665596221467,37.63938552105085],[127.0453054566483,37.63749893274364],[127.0440290101116,37.63364060143725],[127.04165790881812,37.63146710080454],[127.04266835303915,37.630908866867514],[127.0425260232368,37.63042067610147],[127.03976230153158,37.63219707241747],[127.03814181147014,37.634257943491335],[127.03781911620675,37.63603882609541],[127.0347762516818,37.637564897964005],[127.03283063122953,37.64140818848295],[127.03085531959843,37.64286836875765],[127.0422658415354,37.661811589272745]]]}},{"type":"Feature","properties":{"legal_dong_code":"1132010600","sigungu_code":"11320","district":"도봉구","legal_dong":"방학동","risk_score":63.20207974537938,"risk_level":"높음","data_confidence":"높음","market_risk_score":60.082551559782495,"building_risk_score":73.81019523803951,"district_context_score":58.0,"jeonse_ratio_pct":71.35558595638034,"high80_share_pct":17.303822937625753,"sale_decline_pct":0.0,"sale_count":4360.0,"jeonse_count":6744.0,"matched_group_count":28.0,"nonapt_building_share_pct":38.48899464604402,"old20_share_pct":85.75252825698989,"official_total":158,"official_dong_evidence_count":0,"major_reasons":"20년 이상 주거건물 비중 85.8% | 최근 36개월 추정 전세가율 71.4% | 80% 이상 매칭 비중 17.3%","score_version":"seoul-dong-v1.0","score_scope":"서울 법정동 시장·건물구조 상대위험"},"geometry":{"type":"Polygon","coordinates":[[[127.03057217584329,37.67400503181637],[127.03156016373785,37.6751540640857],[127.03310543869787,37.67362813480624],[127.03351713196268,37.674156173629804],[127.03586623679543,37.67413064621495],[127.03680494901741,37.67158314073435],[127.03918939348252,37.672119202689245],[127.03981978809011,37.671792397250485],[127.039580815467,37.66995169781511],[127.04852899798298,37.669174896216916],[127.05117078027615,37.66397934376992],[127.05142484266109,37.66070392682041],[127.04588209334051,37.66219292840311],[127.03765970623513,37.661755518019106],[127.03478643149835,37.66039364012322],[127.02816297288295,37.659060078145885],[127.02715650627738,37.658438178373046],[127.02743803642993,37.657197204724554],[127.02598659921298,37.65666179515148],[127.02524785896772,37.65426643414829],[127.02205395673552,37.65416324092946],[127.020835174997,37.654589968320536],[127.01764509338713,37.65856590808184],[127.01786554528098,37.65920809223842],[127.01707669070785,37.65991321121316],[127.01741023137606,37.66207829736214],[127.0161780343943,37.66250948274944],[127.01532075152318,37.663632920121245],[127.01575932573247,37.666994759882186],[127.01839698545648,37.668884292840524],[127.0188857939938,37.671118994347516],[127.0207678300742,37.6720290447626],[127.02279915015308,37.6715913638755],[127.02309448350991,37.6721913577908],[127.02511582876984,37.67249856271765],[127.02662808933108,37.673682668484936],[127.02863430208883,37.67337138905363],[127.02951597234193,37.674038803370514],[127.03057217584329,37.67400503181637]]]}},{"type":"Feature","properties":{"legal_dong_code":"1132010800","sigungu_code":"11320","district":"도봉구","legal_dong":"도봉동","risk_score":62.084792737185225,"risk_level":"높음","data_confidence":"높음","market_risk_score":63.42498573039286,"building_risk_score":61.31920519579803,"district_context_score":58.0,"jeonse_ratio_pct":71.91563493569762,"high80_share_pct":25.0,"sale_decline_pct":0.0,"sale_count":3078.0,"jeonse_count":4315.0,"matched_group_count":22.0,"nonapt_building_share_pct":33.715986394557824,"old20_share_pct":83.8860544217687,"official_total":158,"official_dong_evidence_count":0,"major_reasons":"20년 이상 주거건물 비중 83.9% | 최근 36개월 추정 전세가율 71.9% | 80% 이상 매칭 비중 25.0%","score_version":"seoul-dong-v1.0","score_scope":"서울 법정동 시장·건물구조 상대위험"},"geometry":{"type":"Polygon","coordinates":[[[127.03057217584329,37.67400503181637],[127.02951597234193,37.674038803370514],[127.02863430208883,37.67337138905363],[127.02662808933108,37.673682668484936],[127.02511582876984,37.67249856271765],[127.02309448350991,37.6721913577908],[127.02279915015308,37.6715913638755],[127.0207678300742,37.6720290447626],[127.01823303256658,37.670653015572455],[127.01621938542793,37.6739235426502],[127.0150982593066,37.67414144194528],[127.01388273623785,37.67523850885675],[127.01329336415215,37.67783012386453],[127.01212153466702,37.679092135401135],[127.00936467133575,37.679581037686084],[127.0084178806607,37.68323507423505],[127.00829266938857,37.69011506893578],[127.00762069505821,37.69161846313282],[127.00971136980525,37.693363333547694],[127.00966615523109,37.69669980417775],[127.01212425044154,37.69737749748429],[127.0138783693577,37.698800676445984],[127.01541507219763,37.70145529764896],[127.01982712610653,37.70101736558732],[127.02214815572157,37.69972066982953],[127.02338853349528,37.70007074272317],[127.02531513231449,37.699580603553194],[127.02689784802293,37.700251134377474],[127.02702196834464,37.70111549617917],[127.02768729889141,37.700937499390704],[127.02928552975658,37.69929160608597],[127.03102610854263,37.69307450042955],[127.03202608045898,37.69295045288099],[127.03241406292874,37.691838916363935],[127.03849781184694,37.69328592420322],[127.04110847289853,37.69529982328624],[127.04307248337113,37.695231034444724],[127.04303723090523,37.69362218687313],[127.04481704429742,37.69293617981874],[127.04490426525606,37.69240538689047],[127.04675493360152,37.6927173278784],[127.0486316687192,37.69406291103646],[127.0499658076654,37.69087023710067],[127.04982005488422,37.687977013361085],[127.05092061245746,37.68615849035091],[127.05180331086221,37.68581358638295],[127.05185855000427,37.684512651948104],[127.05180114259475,37.68260117753277],[127.04873805284039,37.67479507754871],[127.04816438077889,37.671188444241544],[127.04852899798298,37.669174896216916],[127.039580815467,37.66995169781511],[127.03981978809011,37.671792397250485],[127.03918939348252,37.672119202689245],[127.03680494901741,37.67158314073435],[127.03586623679543,37.67413064621495],[127.03351713196268,37.674156173629804],[127.03310543869787,37.67362813480624],[127.03156016373785,37.6751540640857],[127.03057217584329,37.67400503181637]]]}},{"type":"Feature","properties":{"legal_dong_code":"1135010300","sigungu_code":"11350","district":"노원구","legal_dong":"공릉동","risk_score":55.22469363360727,"risk_level":"높음","data_confidence":"높음","market_risk_score":60.01621394157011,"building_risk_score":67.85986107466081,"district_context_score":15.0,"jeonse_ratio_pct":64.15986073586504,"high80_share_pct":14.343845371312309,"sale_decline_pct":12.969071242174032,"sale_count":3979.0,"jeonse_count":7601.0,"matched_group_count":28.0,"nonapt_building_share_pct":42.219440967876515,"old20_share_pct":71.13057989153107,"official_total":22,"official_dong_evidence_count":0,"major_reasons":"최근 매매 단가 하락 신호 13.0% | 비아파트 건물 비중 42.2% | 20년 이상 주거건물 비중 71.1%","score_version":"seoul-dong-v1.0","score_scope":"서울 법정동 시장·건물구조 상대위험"},"geometry":{"type":"Polygon","coordinates":[[[127.06438576567169,37.63050863997593],[127.06862603803096,37.631460594128804],[127.07122217275418,37.6310630280558],[127.07284397765018,37.63185718135005],[127.0737327402047,37.63093782303752],[127.07643448927921,37.63085407759937],[127.07795498442766,37.63452232706771],[127.0808675631356,37.63616849994914],[127.08235272730496,37.639092352779244],[127.08373302493818,37.640271823209865],[127.08613420464135,37.64104467751128],[127.0906038207013,37.640983364643084],[127.09149178522318,37.64208698201567],[127.09411834227934,37.642540240411286],[127.09456999040354,37.64457046064991],[127.0975589302882,37.64396487095063],[127.10280858222029,37.645225811995566],[127.10676727724608,37.64517209065543],[127.10785727573412,37.64469932617652],[127.10932282362998,37.642694819618704],[127.11123976857851,37.64239500956832],[127.1122847488044,37.64018091925373],[127.11054930896199,37.63912619431014],[127.11248326787252,37.63648906924157],[127.1124072976816,37.63425123859908],[127.11160234348382,37.633848642593684],[127.11220353612116,37.63264286012458],[127.11082553469564,37.63078193102333],[127.10590632310682,37.62759493006798],[127.10406622628825,37.62165323386148],[127.1049090485312,37.62156730182691],[127.10567798562755,37.620388369318185],[127.10483998105273,37.620081961923006],[127.10169245125263,37.62002459829943],[127.10167487763599,37.61947168177945],[127.10087077930491,37.619404247373325],[127.09881686616332,37.62039396430135],[127.09619474085744,37.619020093269484],[127.09444918598707,37.61898864900459],[127.09321565765505,37.618002626063856],[127.08870740653424,37.62024038362175],[127.08823135975545,37.61987547705444],[127.08607256619202,37.620292485433595],[127.08140089152228,37.619140575463575],[127.08007465436914,37.61824139540363],[127.07911373423623,37.61839029645116],[127.0713806364212,37.616401410811],[127.07019192029382,37.61546229544577],[127.0708164557669,37.62017527467029],[127.06950725074566,37.62432723759894],[127.06446040146575,37.62855064730273],[127.06438576567169,37.63050863997593]]]}},{"type":"Feature","properties":{"legal_dong_code":"1135010400","sigungu_code":"11350","district":"노원구","legal_dong":"하계동","risk_score":37.09065111003179,"risk_level":"주의","data_confidence":"높음","market_risk_score":29.529827375824233,"building_risk_score":68.49101873814901,"district_context_score":15.0,"jeonse_ratio_pct":51.59419712080295,"high80_share_pct":1.5006821282401093,"sale_decline_pct":0.0,"sale_count":1925.0,"jeonse_count":5154.0,"matched_group_count":18.0,"nonapt_building_share_pct":29.97946611909651,"old20_share_pct":81.51950718685832,"official_total":22,"official_dong_evidence_count":0,"major_reasons":"20년 이상 주거건물 비중 81.5% | 비아파트 건물 비중 30.0% | 80% 이상 매칭 비중 1.5%","score_version":"seoul-dong-v1.0","score_scope":"서울 법정동 시장·건물구조 상대위험"},"geometry":{"type":"Polygon","coordinates":[[[127.07759124309646,37.6459187770631],[127.0786479323319,37.64424061739329],[127.08091785430385,37.64372767244826],[127.08104336775851,37.64291311415926],[127.08373302493818,37.640271823209865],[127.08235272730496,37.639092352779244],[127.0808675631356,37.63616849994914],[127.07795498442766,37.63452232706771],[127.07654656791395,37.63091455214317],[127.07380318682935,37.63091949004254],[127.07284397765018,37.63185718135005],[127.07122217275418,37.6310630280558],[127.06900476099248,37.63148850668854],[127.0643869836346,37.63067692410112],[127.06376492798533,37.632632917569744],[127.06030739998066,37.63514392368733],[127.0592515802777,37.63668769374288],[127.06030623191276,37.63941369287218],[127.06134741691228,37.63713257954592],[127.06934603617091,37.63939961674944],[127.06882341726251,37.64056587046271],[127.07023518060726,37.64096518059759],[127.06984296997737,37.64224713800559],[127.0718310069973,37.643094870269785],[127.07075312200713,37.64527938445065],[127.07422725189895,37.64630116403081],[127.07508175930575,37.6444990422918],[127.07661905808214,37.64444374493349],[127.07669569696647,37.64618439121497],[127.07759124309646,37.6459187770631]]]}},{"type":"Feature","properties":{"legal_dong_code":"1135010600","sigungu_code":"11350","district":"노원구","legal_dong":"중계동","risk_score":44.461422800572024,"risk_level":"주의","data_confidence":"높음","market_risk_score":43.54576487237695,"building_risk_score":64.33585550858342,"district_context_score":15.0,"jeonse_ratio_pct":58.43078507804263,"high80_share_pct":4.971751412429379,"sale_decline_pct":0.656444650835397,"sale_count":4765.0,"jeonse_count":12273.0,"matched_group_count":27.0,"nonapt_building_share_pct":19.691470054446462,"old20_share_pct":86.47912885662433,"official_total":22,"official_dong_evidence_count":0,"major_reasons":"20년 이상 주거건물 비중 86.5% | 최근 매매 단가 하락 신호 0.7% | 80% 이상 매칭 비중 5.0%","score_version":"seoul-dong-v1.0","score_scope":"서울 법정동 시장·건물구조 상대위험"},"geometry":{"type":"Polygon","coordinates":[[[127.07571686445964,37.662751946741494],[127.0787696406721,37.66228585063865],[127.08290144941292,37.66267969921155],[127.08472282100307,37.66426287145731],[127.08891587553747,37.66461212005761],[127.09541071361373,37.66388972057511],[127.09414215966255,37.66329877493126],[127.09217356097642,37.66079241719909],[127.09113229518057,37.658242915858914],[127.09400784630908,37.65272863322861],[127.09246587063375,37.6497098440782],[127.09306873273886,37.64783747486091],[127.09383410960491,37.6473220879493],[127.09363240493313,37.646625836291264],[127.09447461614157,37.64584991294592],[127.09471917278726,37.64371026190819],[127.09411834227934,37.642540240411286],[127.09149178522318,37.64208698201567],[127.0906038207013,37.640983364643084],[127.08613420464135,37.64104467751128],[127.08373302493818,37.640271823209865],[127.08104336775851,37.64291311415926],[127.08091785430385,37.64372767244826],[127.0786479323319,37.64424061739329],[127.07798658120325,37.645743047391306],[127.07669569696647,37.64618439121497],[127.07661905808214,37.64444374493349],[127.07508175930575,37.6444990422918],[127.07422725189895,37.64630116403081],[127.07075312200713,37.64527938445065],[127.0718310069973,37.643094870269785],[127.06984296997737,37.64224713800559],[127.07023518060726,37.64096518059759],[127.06882341726251,37.64056587046271],[127.06934603617091,37.63939961674944],[127.06134741691228,37.63713257954592],[127.06058535322724,37.63938036147728],[127.05957395105844,37.638682380805854],[127.06104473369098,37.641789487354316],[127.06142585976642,37.64510115826142],[127.06612318583726,37.6495565106416],[127.06848338091599,37.650441123920395],[127.07080555014286,37.652501331692726],[127.07196961509595,37.65469804822184],[127.07205386612515,37.65901830564327],[127.07445349603515,37.66144355678688],[127.07428055815879,37.66190513330948],[127.07571686445964,37.662751946741494]]]}},{"type":"Feature","properties":{"legal_dong_code":"1135010500","sigungu_code":"11350","district":"노원구","legal_dong":"상계동","risk_score":44.676500624517644,"risk_level":"주의","data_confidence":"높음","market_risk_score":35.09488825031357,"building_risk_score":85.47827069731798,"district_context_score":15.0,"jeonse_ratio_pct":54.0682514001788,"high80_share_pct":5.720653789004458,"sale_decline_pct":0.0,"sale_count":10295.0,"jeonse_count":26612.0,"matched_group_count":34.0,"nonapt_building_share_pct":44.62667242123435,"old20_share_pct":89.12386706948641,"official_total":22,"official_dong_evidence_count":0,"major_reasons":"20년 이상 주거건물 비중 89.1% | 비아파트 건물 비중 44.6% | 80% 이상 매칭 비중 5.7%","score_version":"seoul-dong-v1.0","score_scope":"서울 법정동 시장·건물구조 상대위험"},"geometry":{"type":"Polygon","coordinates":[[[127.04815820326066,37.67118835658687],[127.04884440094095,37.67515191886129],[127.05122312102249,37.68199767308477],[127.05213383293831,37.68294741337478],[127.05180415675196,37.68706668213285],[127.05517911812548,37.68920479087325],[127.05965976473293,37.690332086534205],[127.06220869400597,37.6928052602685],[127.06273181757844,37.6946760319105],[127.06338612103035,37.69492193424581],[127.06630781459953,37.69444171679569],[127.06782716271834,37.69477297843106],[127.0691509441441,37.69368956864047],[127.07265767663523,37.693799541042914],[127.07490688129627,37.695219774340934],[127.08110472238938,37.6961375626407],[127.08384330723496,37.69426897512388],[127.08390501455504,37.69178233008781],[127.08517725521924,37.69038990569146],[127.09055186025687,37.68957037746309],[127.09303668485894,37.689966388607424],[127.0942892946902,37.68913186018907],[127.0959960022209,37.6890710414033],[127.09558482109529,37.68839495824516],[127.09642308764396,37.68563736446798],[127.09291911636211,37.68155146581854],[127.09279486109904,37.680045373315906],[127.09194665080125,37.67919022145252],[127.09247960616496,37.6776429254572],[127.09385372272797,37.67665924955651],[127.09461460191726,37.67353639766306],[127.09601885011261,37.67185046356484],[127.09623739004218,37.66882942737889],[127.09497935859153,37.66760006262608],[127.094580639551,37.66617240802428],[127.09541071361373,37.66388972057511],[127.08891587553747,37.66461212005761],[127.08472282100307,37.66426287145731],[127.08290144941292,37.66267969921155],[127.0787696406721,37.66228585063865],[127.07523915345425,37.662736929683675],[127.07205386612515,37.65901830564327],[127.07196961509595,37.65469804822184],[127.07080555014286,37.652501331692726],[127.06848338091599,37.650441123920395],[127.06612318583726,37.6495565106416],[127.06142585976642,37.64510115826142],[127.06104473369098,37.641789487354316],[127.0592515802777,37.63668769374288],[127.05512799603267,37.64132242844598],[127.0558753859187,37.64659551114205],[127.05382210116599,37.6511270770217],[127.05400636893035,37.65530062724597],[127.05328434021706,37.65772037841674],[127.05178586264599,37.65994874830596],[127.0511502828759,37.65993527754816],[127.0514528121395,37.66302094927718],[127.04890717101783,37.667584717131014],[127.04815820326066,37.67118835658687]]]}},{"type":"Feature","properties":{"legal_dong_code":"1135010200","sigungu_code":"11350","district":"노원구","legal_dong":"월계동","risk_score":39.39724008830616,"risk_level":"주의","data_confidence":"높음","market_risk_score":32.459285774885835,"building_risk_score":70.68667449349866,"district_context_score":15.0,"jeonse_ratio_pct":52.08245209895171,"high80_share_pct":4.491413474240423,"sale_decline_pct":0.0,"sale_count":3644.0,"jeonse_count":9370.0,"matched_group_count":22.0,"nonapt_building_share_pct":32.06002728512961,"old20_share_pct":83.0150068212824,"official_total":22,"official_dong_evidence_count":0,"major_reasons":"20년 이상 주거건물 비중 83.0% | 비아파트 건물 비중 32.1% | 80% 이상 매칭 비중 4.5%","score_version":"seoul-dong-v1.0","score_scope":"서울 법정동 시장·건물구조 상대위험"},"geometry":{"type":"Polygon","coordinates":[[[127.05577792510982,37.64062535180217],[127.06030739998066,37.63514392368733],[127.06376492798533,37.632632917569744],[127.06446040146575,37.62855064730273],[127.06950725074566,37.62432723759894],[127.0708164557669,37.62017527467029],[127.07020837340595,37.61531012822198],[127.0697122289309,37.6157242905101],[127.06324674926104,37.61426898994828],[127.06146724042178,37.6146348676634],[127.06066572868092,37.61566266064328],[127.0544248522924,37.619779032127774],[127.04706226572091,37.62752202312994],[127.04437117054752,37.62884445187634],[127.04165790881812,37.63146710080454],[127.04432344038989,37.634092398596444],[127.0453560945906,37.637469929493996],[127.04669417900871,37.63936818063275],[127.04659431984801,37.64111752899022],[127.04780004785675,37.64120794377277],[127.04906426140735,37.64214530403014],[127.04975816866705,37.64351328166975],[127.05070312753871,37.6438040691663],[127.0504816038778,37.6448250217244],[127.05135576797414,37.6448157270548],[127.05285260214367,37.64180694956919],[127.05473120193392,37.640134841030374],[127.05577792510982,37.64062535180217]]]}},{"type":"Feature","properties":{"legal_dong_code":"1138010600","sigungu_code":"11380","district":"은평구","legal_dong":"대조동","risk_score":57.27711444915479,"risk_level":"높음","data_confidence":"낮음","market_risk_score":59.46511031074314,"building_risk_score":59.392193050835594,"district_context_score":45.0,"jeonse_ratio_pct":68.29419829232384,"high80_share_pct":16.46586345381526,"sale_decline_pct":0.0,"sale_count":2603.0,"jeonse_count":4718.0,"matched_group_count":22.0,"nonapt_building_share_pct":31.818181818181817,"old20_share_pct":9.090909090909092,"official_total":417,"official_dong_evidence_count":0,"major_reasons":"최근 36개월 추정 전세가율 68.3% | 80% 이상 매칭 비중 16.5% | 비아파트 건물 비중 31.8%","score_version":"seoul-dong-v1.0","score_scope":"서울 법정동 시장·건물구조 상대위험"},"geometry":{"type":"Polygon","coordinates":[[[126.93144543222617,37.60876360241956],[126.92922167421675,37.60835262973605],[126.92717261304648,37.60907553890423],[126.92274240487787,37.60645407806862],[126.92005311768567,37.60952180765983],[126.91729314277016,37.611301290901956],[126.91791292367289,37.61501007966261],[126.92030237768259,37.61849007377816],[126.92140633606301,37.61876058186952],[126.92272592156522,37.617141147191354],[126.92573914915589,37.615015490715244],[126.93144543222617,37.60876360241956]]]}},{"type":"Feature","properties":{"legal_dong_code":"1138011400","sigungu_code":"11380","district":"은평구","legal_dong":"진관동","risk_score":47.9774324787702,"risk_level":"주의","data_confidence":"보통","market_risk_score":56.91303329743569,"building_risk_score":28.31845000123513,"district_context_score":45.0,"jeonse_ratio_pct":66.98544426113831,"high80_share_pct":30.700447093889714,"sale_decline_pct":0.0,"sale_count":2346.0,"jeonse_count":8446.0,"matched_group_count":13.0,"nonapt_building_share_pct":5.555555555555555,"old20_share_pct":3.7037037037037033,"official_total":417,"official_dong_evidence_count":0,"major_reasons":"80% 이상 매칭 비중 30.7% | 최근 36개월 추정 전세가율 67.0% | 은평구 공식 피해·보증사고 배경지표 상위","score_version":"seoul-dong-v1.0","score_scope":"서울 법정동 시장·건물구조 상대위험"},"geometry":{"type":"Polygon","coordinates":[[[126.9048017452438,37.649201010943564],[126.91372047760697,37.64475561499333],[126.92412263144807,37.64610629795402],[126.9296990721719,37.650048124709556],[126.93613652900599,37.6514857884154],[126.94033493290517,37.656767843591],[126.94209967843999,37.65772215683621],[126.94756457442482,37.65921538180075],[126.9478821543109,37.65712580679918],[126.94920280550048,37.656770397827415],[126.95137574197079,37.65494955265107],[126.95419384603437,37.65521126976483],[126.95435122300754,37.65459518312868],[126.95710782535369,37.65283718945544],[126.95783882529716,37.64804760610809],[126.9590267235585,37.64678324982237],[126.9592674238647,37.64213267593623],[126.96160267916116,37.63798917442538],[126.96332847550492,37.6332451963536],[126.95979575188785,37.62978640507397],[126.95400956466364,37.62735788104359],[126.95037885542858,37.6264266429934],[126.94965590138204,37.62528739952825],[126.94750364309489,37.626031724049064],[126.9441478326367,37.62576711731803],[126.93619103098096,37.6261535910674],[126.9340105873554,37.62667312071653],[126.93203138511734,37.626396092009216],[126.93099402902416,37.62800997689573],[126.92499716682862,37.62975707624891],[126.92252029180618,37.62833431230967],[126.91932972041043,37.62818547181139],[126.91703737407695,37.62867038139258],[126.91620530218346,37.6297062415032],[126.91588035583851,37.62939024016162],[126.91514965178666,37.63090494612553],[126.91200389516327,37.63050800012126],[126.90996264190363,37.62922114309255],[126.90880164477048,37.62908791883818],[126.90620188185267,37.633220085224],[126.9091221455537,37.63433304352048],[126.91121009320261,37.63590557769264],[126.91009179222964,37.63850946897926],[126.91250455167904,37.644222037706996],[126.9077048982092,37.64628978000586],[126.9048017452438,37.649201010943564]]]}},{"type":"Feature","properties":{"legal_dong_code":"1138010400","sigungu_code":"11380","district":"은평구","legal_dong":"갈현동","risk_score":62.59333350109851,"risk_level":"높음","data_confidence":"보통","market_risk_score":60.62415249817994,"building_risk_score":77.8753680087622,"district_context_score":45.0,"jeonse_ratio_pct":68.35821358820398,"high80_share_pct":19.32555123216602,"sale_decline_pct":0.0,"sale_count":3683.0,"jeonse_count":5545.0,"matched_group_count":26.0,"nonapt_building_share_pct":77.27272727272727,"old20_share_pct":18.181818181818183,"official_total":417,"official_dong_evidence_count":0,"major_reasons":"비아파트 건물 비중 77.3% | 최근 36개월 추정 전세가율 68.4% | 80% 이상 매칭 비중 19.3%","score_version":"seoul-dong-v1.0","score_scope":"서울 법정동 시장·건물구조 상대위험"},"geometry":{"type":"Polygon","coordinates":[[[126.90521361346633,37.619868027115295],[126.90711714412438,37.62194146742677],[126.90662682331954,37.62449562125347],[126.908610479345,37.62626555150341],[126.90880164477048,37.62908791883818],[126.90996264190363,37.62922114309255],[126.91200389516327,37.63050800012126],[126.91514965178666,37.63090494612553],[126.91588035583851,37.62939024016162],[126.91620530218346,37.6297062415032],[126.91703737407695,37.62867038139258],[126.91946043713304,37.62819583394427],[126.9202696847912,37.625946018773114],[126.91974156217249,37.622133609999274],[126.92016597432513,37.62028383129462],[126.9212727114063,37.61883626351943],[126.9201551551951,37.618362483653904],[126.91791292367289,37.61501007966261],[126.91729314277016,37.611301290901956],[126.90990776837823,37.61444075369604],[126.90720850360607,37.616781357344564],[126.90521361346633,37.619868027115295]]]}},{"type":"Feature","properties":{"legal_dong_code":"1138010500","sigungu_code":"11380","district":"은평구","legal_dong":"구산동","risk_score":69.88213422387427,"risk_level":"높음","data_confidence":"보통","market_risk_score":74.86673236098186,"building_risk_score":72.84837922914063,"district_context_score":45.0,"jeonse_ratio_pct":72.81887512300547,"high80_share_pct":24.69879518072289,"sale_decline_pct":7.032672208027949,"sale_count":2672.0,"jeonse_count":2883.0,"matched_group_count":16.0,"nonapt_building_share_pct":75.43859649122807,"old20_share_pct":15.789473684210526,"official_total":417,"official_dong_evidence_count":0,"major_reasons":"비아파트 건물 비중 75.4% | 최근 매매 단가 하락 신호 7.0% | 최근 36개월 추정 전세가율 72.8%","score_version":"seoul-dong-v1.0","score_scope":"서울 법정동 시장·건물구조 상대위험"},"geometry":{"type":"Polygon","coordinates":[[[126.91729314277016,37.611301290901956],[126.91528627922416,37.60743201745106],[126.90970196622855,37.60762773307735],[126.90942923180134,37.60544326979168],[126.90477207111927,37.6045272995944],[126.90141354969006,37.606190775247136],[126.90030406633296,37.61119135837411],[126.9033610083129,37.61883939245544],[126.90523076624558,37.61907464710296],[126.90521361346633,37.619868027115295],[126.90720850360607,37.616781357344564],[126.90990776837823,37.61444075369604],[126.91729314277016,37.611301290901956]]]}},{"type":"Feature","properties":{"legal_dong_code":"1138010300","sigungu_code":"11380","district":"은평구","legal_dong":"불광동","risk_score":46.127009928992265,"risk_level":"주의","data_confidence":"보통","market_risk_score":37.82918424998999,"building_risk_score":66.71799751599309,"district_context_score":45.0,"jeonse_ratio_pct":53.991759371730424,"high80_share_pct":2.8708133971291865,"sale_decline_pct":0.0,"sale_count":4389.0,"jeonse_count":10561.0,"matched_group_count":35.0,"nonapt_building_share_pct":55.91397849462365,"old20_share_pct":23.655913978494624,"official_total":417,"official_dong_evidence_count":0,"major_reasons":"비아파트 건물 비중 55.9% | 은평구 공식 피해·보증사고 배경지표 상위 | 20년 이상 주거건물 비중 23.7%","score_version":"seoul-dong-v1.0","score_scope":"서울 법정동 시장·건물구조 상대위험"},"geometry":{"type":"Polygon","coordinates":[[[126.91946043713304,37.62819583394427],[126.92252029180618,37.62833431230967],[126.92499716682862,37.62975707624891],[126.93099402902416,37.62800997689573],[126.93203138511734,37.626396092009216],[126.9340105873554,37.62667312071653],[126.93828102608947,37.626007410513765],[126.94886528481958,37.62583709728035],[126.94965590138204,37.62528739952825],[126.94889735333716,37.62325094004093],[126.94991582675452,37.620932357710004],[126.94981298992597,37.61876976194852],[126.95067909535301,37.61552696834352],[126.95069371387278,37.613518868088036],[126.94978586343272,37.61165587489184],[126.95032278257186,37.61061622313856],[126.94816425994033,37.608634269366796],[126.94611362097409,37.61057557092912],[126.9434312136551,37.6100633344533],[126.94093703824198,37.61070961599659],[126.9328350050119,37.60938952946574],[126.93144543222617,37.60876360241956],[126.9258589700231,37.61490335943812],[126.92272592156522,37.617141147191354],[126.92045993499377,37.61974056241322],[126.91974156217249,37.622133609999274],[126.92024709757975,37.62619512394485],[126.91946043713304,37.62819583394427]]]}},{"type":"Feature","properties":{"legal_dong_code":"1138011000","sigungu_code":"11380","district":"은평구","legal_dong":"증산동","risk_score":39.05898194217042,"risk_level":"주의","data_confidence":"보통","market_risk_score":30.473078599381246,"building_risk_score":56.10053913016668,"district_context_score":45.0,"jeonse_ratio_pct":48.26669478353157,"high80_share_pct":3.125,"sale_decline_pct":0.0,"sale_count":762.0,"jeonse_count":2186.0,"matched_group_count":18.0,"nonapt_building_share_pct":37.5,"old20_share_pct":53.125,"official_total":417,"official_dong_evidence_count":0,"major_reasons":"비아파트 건물 비중 37.5% | 20년 이상 주거건물 비중 53.1% | 은평구 공식 피해·보증사고 배경지표 상위","score_version":"seoul-dong-v1.0","score_scope":"서울 법정동 시장·건물구조 상대위험"},"geometry":{"type":"Polygon","coordinates":[[[126.89897580694542,37.57899554000537],[126.90235937794824,37.58069552794597],[126.90184106678296,37.58114495372756],[126.90217003965468,37.58255663430327],[126.90154989079237,37.58515582330319],[126.90362496639057,37.58811721722698],[126.90592232687189,37.58882633710175],[126.90702015546434,37.58847972024067],[126.90810303163204,37.58937188132504],[126.9104015950296,37.58926290189382],[126.91044241460644,37.58959539674667],[126.91319680743305,37.588645058790426],[126.91205329024136,37.58596989389192],[126.90205747642891,37.57675697285033],[126.89897580694542,37.57899554000537]]]}},{"type":"Feature","properties":{"legal_dong_code":"1138010900","sigungu_code":"11380","district":"은평구","legal_dong":"신사동","risk_score":60.227409400740044,"risk_level":"높음","data_confidence":"높음","market_risk_score":58.90829600301875,"building_risk_score":72.5297271957152,"district_context_score":45.0,"jeonse_ratio_pct":68.89438439515683,"high80_share_pct":0.805523590333717,"sale_decline_pct":5.029387776963792,"sale_count":3198.0,"jeonse_count":5590.0,"matched_group_count":24.0,"nonapt_building_share_pct":53.271028037383175,"old20_share_pct":18.69158878504673,"official_total":417,"official_dong_evidence_count":0,"major_reasons":"최근 매매 단가 하락 신호 5.0% | 비아파트 건물 비중 53.3% | 최근 36개월 추정 전세가율 68.9%","score_version":"seoul-dong-v1.0","score_scope":"서울 법정동 시장·건물구조 상대위험"},"geometry":{"type":"Polygon","coordinates":[[[126.90210826323276,37.60374163676983],[126.90492023579574,37.60325423367196],[126.90732905328375,37.60162893378965],[126.91033580220868,37.60199429189577],[126.91328791611421,37.60114339497616],[126.91496608911,37.600028319589406],[126.91466731546274,37.59885082143667],[126.91592843442604,37.599110018528144],[126.91319680743305,37.588645058790426],[126.91044241460644,37.58959539674667],[126.9104015950296,37.58926290189382],[126.90810303163204,37.58937188132504],[126.90702015546434,37.58847972024067],[126.90592232687189,37.58882633710175],[126.90362496639057,37.58811721722698],[126.89964363850967,37.58981691666645],[126.8996961756764,37.59136209624719],[126.89896133951842,37.59267842870804],[126.90182953507603,37.59514138291874],[126.90015238771876,37.60311644827233],[126.90210826323276,37.60374163676983]]]}},{"type":"Feature","properties":{"legal_dong_code":"1138010200","sigungu_code":"11380","district":"은평구","legal_dong":"녹번동","risk_score":50.83213447669186,"risk_level":"주의","data_confidence":"보통","market_risk_score":42.954775804413,"building_risk_score":73.23707597617626,"district_context_score":45.0,"jeonse_ratio_pct":60.53317011523013,"high80_share_pct":2.9299363057324843,"sale_decline_pct":0.0,"sale_count":2598.0,"jeonse_count":6570.0,"matched_group_count":23.0,"nonapt_building_share_pct":65.78947368421053,"old20_share_pct":21.052631578947366,"official_total":417,"official_dong_evidence_count":0,"major_reasons":"비아파트 건물 비중 65.8% | 최근 36개월 추정 전세가율 60.5% | 은평구 공식 피해·보증사고 배경지표 상위","score_version":"seoul-dong-v1.0","score_scope":"서울 법정동 시장·건물구조 상대위험"},"geometry":{"type":"Polygon","coordinates":[[[126.94816425994033,37.608634269366796],[126.94370778571005,37.606240162164156],[126.94367177999794,37.605060398192585],[126.9421378106424,37.604957555069916],[126.94123702805005,37.60314909661257],[126.93997179006188,37.603095285632605],[126.93984619649935,37.60186709034851],[126.94140323836773,37.60065652196492],[126.94088346758265,37.59869706792924],[126.93872445714464,37.59750438835142],[126.93580348592987,37.600789125977684],[126.93479555863534,37.6010456830385],[126.92814468522776,37.60167955970615],[126.92641348290378,37.60242088065335],[126.92241325512083,37.601578100888844],[126.92076498840656,37.60170681630957],[126.92274240487787,37.60645407806862],[126.92717261304648,37.60907553890423],[126.92851465851537,37.608425110980555],[126.93000577974468,37.60839814754163],[126.9328350050119,37.60938952946574],[126.94093703824198,37.61070961599659],[126.9434312136551,37.6100633344533],[126.94611362097409,37.61057557092912],[126.94816425994033,37.608634269366796]]]}},{"type":"Feature","properties":{"legal_dong_code":"1138010700","sigungu_code":"11380","district":"은평구","legal_dong":"응암동","risk_score":51.42189460456008,"risk_level":"주의","data_confidence":"높음","market_risk_score":50.462157594648815,"building_risk_score":57.578400191083176,"district_context_score":45.0,"jeonse_ratio_pct":66.80707464827975,"high80_share_pct":6.309751434034416,"sale_decline_pct":0.0,"sale_count":5533.0,"jeonse_count":11100.0,"matched_group_count":31.0,"nonapt_building_share_pct":34.0,"old20_share_pct":13.0,"official_total":417,"official_dong_evidence_count":0,"major_reasons":"최근 36개월 추정 전세가율 66.8% | 비아파트 건물 비중 34.0% | 80% 이상 매칭 비중 6.3%","score_version":"seoul-dong-v1.0","score_scope":"서울 법정동 시장·건물구조 상대위험"},"geometry":{"type":"Polygon","coordinates":[[[126.91284409683,37.587222454487936],[126.91585881869814,37.59898860558255],[126.91967313432473,37.600439372283574],[126.92076498840656,37.60170681630957],[126.92241325512083,37.601578100888844],[126.92641348290378,37.60242088065335],[126.92814468522776,37.60167955970615],[126.93479555863534,37.6010456830385],[126.93580348592987,37.600789125977684],[126.93872445714464,37.59750438835142],[126.93754151937551,37.59786819194192],[126.93279540411255,37.59629844313107],[126.93023108462519,37.59453540864866],[126.92776182528523,37.59157091475189],[126.92800896256473,37.588385367161855],[126.92631379259183,37.58726626701933],[126.92382062713601,37.58709526712473],[126.92364135501225,37.58615974615026],[126.92185054648742,37.584696251865125],[126.92175993560403,37.583457966187126],[126.92085896589924,37.582939197132674],[126.91886275100568,37.583392435673815],[126.91593726202004,37.583094665571906],[126.91568169887678,37.58500186643943],[126.91636502803038,37.58589012021524],[126.9153102094766,37.5854154183123],[126.91569801188058,37.585979627582475],[126.91284409683,37.587222454487936]]]}},{"type":"Feature","properties":{"legal_dong_code":"1138010800","sigungu_code":"11380","district":"은평구","legal_dong":"역촌동","risk_score":69.215057432577,"risk_level":"높음","data_confidence":"보통","market_risk_score":73.19756197912491,"building_risk_score":74.1860809804082,"district_context_score":45.0,"jeonse_ratio_pct":75.3080860824539,"high80_share_pct":19.946452476572958,"sale_decline_pct":1.271013726096775,"sale_count":4048.0,"jeonse_count":5703.0,"matched_group_count":23.0,"nonapt_building_share_pct":82.14285714285714,"old20_share_pct":8.928571428571429,"official_total":417,"official_dong_evidence_count":0,"major_reasons":"비아파트 건물 비중 82.1% | 최근 36개월 추정 전세가율 75.3% | 최근 매매 단가 하락 신호 1.3%","score_version":"seoul-dong-v1.0","score_scope":"서울 법정동 시장·건물구조 상대위험"},"geometry":{"type":"Polygon","coordinates":[[[126.92274240487787,37.60645407806862],[126.92014802448405,37.60078856126149],[126.91466731546274,37.59885082143667],[126.91496608911,37.600028319589406],[126.91363911400977,37.60101670849161],[126.91033580220868,37.60199429189577],[126.90674415955893,37.601769568496074],[126.90492023579574,37.60325423367196],[126.90210826323276,37.60374163676983],[126.90150515282053,37.60535645337013],[126.90172557059746,37.60575244140365],[126.90285647248217,37.605631011792056],[126.90496418454899,37.604525961284146],[126.90942923180134,37.60544326979168],[126.90970196622855,37.60762773307735],[126.91528627922416,37.60743201745106],[126.91729314277016,37.611301290901956],[126.92005311768567,37.60952180765983],[126.92274240487787,37.60645407806862]]]}},{"type":"Feature","properties":{"legal_dong_code":"1138010100","sigungu_code":"11380","district":"은평구","legal_dong":"수색동","risk_score":34.64800059916759,"risk_level":"낮음","data_confidence":"낮음","market_risk_score":30.908098621223257,"building_risk_score":37.41256570573452,"district_context_score":45.0,"jeonse_ratio_pct":53.18665677504405,"high80_share_pct":0.5681818181818182,"sale_decline_pct":0.0,"sale_count":810.0,"jeonse_count":3291.0,"matched_group_count":17.0,"nonapt_building_share_pct":9.090909090909092,"old20_share_pct":22.727272727272727,"official_total":417,"official_dong_evidence_count":0,"major_reasons":"은평구 공식 피해·보증사고 배경지표 상위 | 20년 이상 주거건물 비중 22.7% | 최근 매매 단가 하락 신호 0.0%","score_version":"seoul-dong-v1.0","score_scope":"서울 법정동 시장·건물구조 상대위험"},"geometry":{"type":"Polygon","coordinates":[[[126.882030618107,37.590817739397444],[126.8851393331146,37.593750818413994],[126.88733737438992,37.59391970117339],[126.88546646715604,37.59110362592302],[126.88575384008385,37.589565513340396],[126.88715894489886,37.5885327869335],[126.88957862996993,37.58913218881604],[126.89144394765228,37.58846541234662],[126.89332766223583,37.58906747994703],[126.89685877817546,37.58856656260152],[126.8980818208627,37.589538902104714],[126.89964363850967,37.58981691666645],[126.90362496639057,37.58811721722698],[126.90154989079237,37.58515582330319],[126.90217003965468,37.58255663430327],[126.90184106678296,37.58114495372756],[126.90235937794824,37.58069552794597],[126.89897580694542,37.57899554000537],[126.90263519154897,37.576390396206804],[126.90208406012567,37.57600530209009],[126.88888664834927,37.5846498513888],[126.882030618107,37.590817739397444]]]}},{"type":"Feature","properties":{"legal_dong_code":"1141010900","sigungu_code":"11410","district":"서대문구","legal_dong":"현저동","risk_score":32.298339178041445,"risk_level":"낮음","data_confidence":"보통","market_risk_score":22.159527565424913,"building_risk_score":38.81049055514601,"district_context_score":62.0,"jeonse_ratio_pct":53.49886900578051,"high80_share_pct":0.0,"sale_decline_pct":null,"sale_count":248.0,"jeonse_count":615.0,"matched_group_count":4.0,"nonapt_building_share_pct":0.7575757575757576,"old20_share_pct":56.060606060606055,"official_total":200,"official_dong_evidence_count":0,"major_reasons":"서대문구 공식 피해·보증사고 배경지표 상위 | 20년 이상 주거건물 비중 56.1% | 최근 36개월 추정 전세가율 53.5%","score_version":"seoul-dong-v1.0","score_scope":"서울 법정동 시장·건물구조 상대위험"},"geometry":{"type":"Polygon","coordinates":[[[126.94894984121848,37.575726407218404],[126.95065761480907,37.57628807375233],[126.95362990758112,37.57881841366776],[126.96047790374351,37.57198950155527],[126.9582958638903,37.57124601170172],[126.95515537324398,37.57118227363236],[126.95370203672125,37.56948056582544],[126.95320470969891,37.56956725463968],[126.95103063355175,37.570938171047125],[126.94894984121848,37.575726407218404]]]}},{"type":"Feature","properties":{"legal_dong_code":"1141010300","sigungu_code":"11410","district":"서대문구","legal_dong":"합동","risk_score":68.13699384982327,"risk_level":"높음","data_confidence":"보통","market_risk_score":80.14395594635978,"building_risk_score":43.00248112802962,"district_context_score":62.0,"jeonse_ratio_pct":82.082828153815,"high80_share_pct":83.33333333333334,"sale_decline_pct":0.16697576381621582,"sale_count":208.0,"jeonse_count":186.0,"matched_group_count":6.0,"nonapt_building_share_pct":2.631578947368421,"old20_share_pct":60.526315789473685,"official_total":200,"official_dong_evidence_count":0,"major_reasons":"80% 이상 매칭 비중 83.3% | 최근 36개월 추정 전세가율 82.1% | 최근 매매 단가 하락 신호 0.2%","score_version":"seoul-dong-v1.0","score_scope":"서울 법정동 시장·건물구조 상대위험"},"geometry":{"type":"Polygon","coordinates":[[[126.96529592010504,37.56241916682817],[126.96797153819266,37.56225308514675],[126.96808120843407,37.56165377824789],[126.96544961864767,37.560290698803236],[126.96438194428123,37.5614855752404],[126.96529592010504,37.56241916682817]]]}},{"type":"Feature","properties":{"legal_dong_code":"1141011700","sigungu_code":"11410","district":"서대문구","legal_dong":"연희동","risk_score":64.68483213520558,"risk_level":"높음","data_confidence":"높음","market_risk_score":62.086614367904275,"building_risk_score":72.53145405785207,"district_context_score":62.0,"jeonse_ratio_pct":68.21744556732646,"high80_share_pct":8.85558583106267,"sale_decline_pct":1.3556399406439243,"sale_count":1888.0,"jeonse_count":3735.0,"matched_group_count":36.0,"nonapt_building_share_pct":31.724356938710702,"old20_share_pct":84.34423626548111,"official_total":200,"official_dong_evidence_count":0,"major_reasons":"20년 이상 주거건물 비중 84.3% | 최근 매매 단가 하락 신호 1.4% | 최근 36개월 추정 전세가율 68.2%","score_version":"seoul-dong-v1.0","score_scope":"서울 법정동 시장·건물구조 상대위험"},"geometry":{"type":"Polygon","coordinates":[[[126.91677297418593,37.567811368481706],[126.92107202694422,37.57200220312911],[126.92384270570396,37.57328703750355],[126.92792672439035,37.57654315408074],[126.93675051433583,37.58026903873376],[126.93749790883957,37.581651631250224],[126.9372750999515,37.582595896672245],[126.93913450124985,37.58405470696142],[126.94206122426084,37.58416053346837],[126.94146683561004,37.58230661644986],[126.94184540070059,37.58105423957761],[126.94387314077096,37.58028601214427],[126.94429603662822,37.5780227416859],[126.94572047674788,37.57736091000091],[126.94345279066336,37.57457269438961],[126.94403013296721,37.57260868944423],[126.94344787479389,37.571004457375246],[126.94280871159934,37.57031508384677],[126.94165757982888,37.570380989699196],[126.93856081153012,37.56917288411031],[126.93830466692809,37.56835552407157],[126.93720423541222,37.568160487517765],[126.93610888191209,37.56698011379148],[126.93596180155568,37.56553509909366],[126.93478553092855,37.56443302661543],[126.93545109866065,37.56271537742501],[126.93502081979936,37.56134090233023],[126.93194449791427,37.5625182180414],[126.93114082328952,37.56103319106431],[126.9284824563618,37.56099591547975],[126.92735674050014,37.5617808042141],[126.9282821598344,37.56333219102355],[126.92601360570548,37.56510474572725],[126.92181933723865,37.56637895988837],[126.92252191384405,37.56655972882402],[126.9201760627054,37.56663692738929],[126.91677297418593,37.567811368481706]]]}},{"type":"Feature","properties":{"legal_dong_code":"1141010400","sigungu_code":"11410","district":"서대문구","legal_dong":"미근동","risk_score":26.91281990768345,"risk_level":"낮음","data_confidence":"낮음","market_risk_score":12.989331115181077,"building_risk_score":39.27688495429921,"district_context_score":62.0,"jeonse_ratio_pct":15.713627754820934,"high80_share_pct":0.0,"sale_decline_pct":null,"sale_count":6.0,"jeonse_count":67.0,"matched_group_count":1.0,"nonapt_building_share_pct":7.142857142857142,"old20_share_pct":72.61904761904762,"official_total":200,"official_dong_evidence_count":0,"major_reasons":"20년 이상 주거건물 비중 72.6% | 서대문구 공식 피해·보증사고 배경지표 상위 | 비아파트 건물 비중 7.1%","score_version":"seoul-dong-v1.0","score_scope":"서울 법정동 시장·건물구조 상대위험"},"geometry":{"type":"Polygon","coordinates":[[[126.96808120843407,37.56165377824789],[126.96797153819266,37.56225308514675],[126.96529592010504,37.56241916682817],[126.9655154852946,37.5632156992908],[126.9666094753606,37.56348881122723],[126.96586625337058,37.56395414813639],[126.9660570266359,37.56493438229192],[126.9669782589273,37.56551172061479],[126.9694647863709,37.56197515738362],[126.96808120843407,37.56165377824789]]]}},{"type":"Feature","properties":{"legal_dong_code":"1141011400","sigungu_code":"11410","district":"서대문구","legal_dong":"신촌동","risk_score":59.33616053641517,"risk_level":"높음","data_confidence":"낮음","market_risk_score":63.48792410212993,"building_risk_score":47.77362430054887,"district_context_score":62.0,"jeonse_ratio_pct":72.69905557555387,"high80_share_pct":0.0,"sale_decline_pct":null,"sale_count":18.0,"jeonse_count":43.0,"matched_group_count":1.0,"nonapt_building_share_pct":31.19266055045872,"old20_share_pct":78.89908256880734,"official_total":200,"official_dong_evidence_count":0,"major_reasons":"최근 36개월 추정 전세가율 72.7% | 20년 이상 주거건물 비중 78.9% | 서대문구 공식 피해·보증사고 배경지표 상위","score_version":"seoul-dong-v1.0","score_scope":"서울 법정동 시장·건물구조 상대위험"},"geometry":{"type":"MultiPolygon","coordinates":[[[[126.94689549850304,37.56793082365702],[126.95092842113289,37.57094982211422],[126.95144996157846,37.57077806389863],[126.95167770683587,37.569374529254915],[126.94955000015177,37.565623167097534],[126.94737716719227,37.56631199653028],[126.94689549850304,37.56793082365702]]],[[[126.94560326762829,37.56914896731898],[126.9447095604155,37.56898771431937],[126.94578894033316,37.56590998431602],[126.94477396101334,37.56581740182866],[126.9444240038725,37.56657662222609],[126.9432785236411,37.566975597023884],[126.94254417485392,37.56651060181545],[126.94323271954354,37.56403595510639],[126.94256379629883,37.56273998297312],[126.94044869687175,37.561458179012625],[126.94040736116852,37.56031018019066],[126.941198916894,37.56004460614579],[126.9434076669895,37.560513426425985],[126.94311218421178,37.55944495046895],[126.93672113965958,37.55994615223442],[126.93502081979936,37.56134090233023],[126.93545109866065,37.56271537742501],[126.93478553092855,37.56443302661543],[126.93596180155568,37.56553509909366],[126.93648121534375,37.56751921857225],[126.93830466692809,37.56835552407157],[126.93856081153012,37.56917288411031],[126.94165757982888,37.570380989699196],[126.94280871159934,37.57031508384677],[126.94339261356515,37.57095942584521],[126.94533597064577,37.570086931038745],[126.94560326762829,37.56914896731898]]]]}},{"type":"Feature","properties":{"legal_dong_code":"1141011000","sigungu_code":"11410","district":"서대문구","legal_dong":"북아현동","risk_score":43.939617390960024,"risk_level":"주의","data_confidence":"높음","market_risk_score":26.869753760162705,"building_risk_score":74.07106053944963,"district_context_score":62.0,"jeonse_ratio_pct":40.94770300926946,"high80_share_pct":5.410447761194029,"sale_decline_pct":0.0,"sale_count":1629.0,"jeonse_count":4627.0,"matched_group_count":32.0,"nonapt_building_share_pct":34.78915662650602,"old20_share_pct":84.03614457831326,"official_total":200,"official_dong_evidence_count":0,"major_reasons":"20년 이상 주거건물 비중 84.0% | 서대문구 공식 피해·보증사고 배경지표 상위 | 비아파트 건물 비중 34.8%","score_version":"seoul-dong-v1.0","score_scope":"서울 법정동 시장·건물구조 상대위험"},"geometry":{"type":"Polygon","coordinates":[[[126.94913095027688,37.56513058262885],[126.95174198778037,37.57039760112123],[126.9521984085034,37.570249634227615],[126.95599507884481,37.56814290126201],[126.95555699827567,37.5673241656821],[126.95615169614418,37.56692086102527],[126.95852893331738,37.566128150891466],[126.95928070668981,37.562082784157504],[126.96164617400872,37.55908955587422],[126.9591330173451,37.557243021012745],[126.94893680537533,37.556990103400814],[126.94798699716375,37.55874684989891],[126.94911754427557,37.55894748484284],[126.95018516632854,37.561166928577514],[126.94913095027688,37.56513058262885]]]}},{"type":"Feature","properties":{"legal_dong_code":"1141011500","sigungu_code":"11410","district":"서대문구","legal_dong":"봉원동","risk_score":79.13455632271808,"risk_level":"매우 높음","data_confidence":"낮음","market_risk_score":95.43957672776017,"building_risk_score":50.28324114424792,"district_context_score":62.0,"jeonse_ratio_pct":null,"high80_share_pct":null,"sale_decline_pct":null,"sale_count":2.0,"jeonse_count":14.0,"matched_group_count":null,"nonapt_building_share_pct":10.2803738317757,"old20_share_pct":85.04672897196261,"official_total":200,"official_dong_evidence_count":0,"major_reasons":"20년 이상 주거건물 비중 85.0% | 서대문구 공식 피해·보증사고 배경지표 상위 | 비아파트 건물 비중 10.3%","score_version":"seoul-dong-v1.0","score_scope":"서울 법정동 시장·건물구조 상대위험"},"geometry":{"type":"Polygon","coordinates":[[[126.94339261356515,37.57095942584521],[126.94403013296721,37.57260868944423],[126.94345279066336,37.57457269438961],[126.94572047674788,37.57736091000091],[126.94894984121848,37.57572640721838],[126.95103063355178,37.570938171047125],[126.94677155163316,37.56790315997001],[126.94533597064577,37.570086931038745],[126.94339261356515,37.57095942584521]]]}},{"type":"Feature","properties":{"legal_dong_code":"1141011200","sigungu_code":"11410","district":"서대문구","legal_dong":"대현동","risk_score":68.35235376983736,"risk_level":"높음","data_confidence":"높음","market_risk_score":74.81539142549457,"building_risk_score":56.652475658162466,"district_context_score":62.0,"jeonse_ratio_pct":83.84266225184781,"high80_share_pct":73.84105960264901,"sale_decline_pct":0.0,"sale_count":1108.0,"jeonse_count":1708.0,"matched_group_count":10.0,"nonapt_building_share_pct":28.135593220338983,"old20_share_pct":69.15254237288136,"official_total":200,"official_dong_evidence_count":0,"major_reasons":"80% 이상 매칭 비중 73.8% | 최근 36개월 추정 전세가율 83.8% | 서대문구 공식 피해·보증사고 배경지표 상위","score_version":"seoul-dong-v1.0","score_scope":"서울 법정동 시장·건물구조 상대위험"},"geometry":{"type":"Polygon","coordinates":[[[126.94955000015177,37.565623167097534],[126.94913095027688,37.56513058262885],[126.95018516632854,37.561166928577514],[126.94911754427557,37.55894748484284],[126.94798699716375,37.55874684989891],[126.94893680537533,37.556990103400814],[126.94106790250932,37.55648342257146],[126.94074682673607,37.55730714992462],[126.94167157853728,37.557409965677806],[126.94157734434796,37.5591109503179],[126.94040284180446,37.559330577109826],[126.94311218421178,37.55944495046895],[126.9434076669895,37.560513426425985],[126.94461669877336,37.560562164132854],[126.94499408097806,37.5614836519533],[126.94423657470358,37.56206651517419],[126.94586534856671,37.56302588337008],[126.94737716719227,37.56631199653028],[126.94955000015177,37.565623167097534]]]}},{"type":"Feature","properties":{"legal_dong_code":"1141010100","sigungu_code":"11410","district":"서대문구","legal_dong":"충정로2가","risk_score":74.58528335182616,"risk_level":"매우 높음","data_confidence":"높음","market_risk_score":88.53347067541876,"building_risk_score":48.66080378629963,"district_context_score":62.0,"jeonse_ratio_pct":84.81976556041461,"high80_share_pct":66.66666666666666,"sale_decline_pct":3.6684724298895843,"sale_count":116.0,"jeonse_count":197.0,"matched_group_count":7.0,"nonapt_building_share_pct":16.23931623931624,"old20_share_pct":72.64957264957265,"official_total":200,"official_dong_evidence_count":0,"major_reasons":"최근 36개월 추정 전세가율 84.8% | 80% 이상 매칭 비중 66.7% | 최근 매매 단가 하락 신호 3.7%","score_version":"seoul-dong-v1.0","score_scope":"서울 법정동 시장·건물구조 상대위험"},"geometry":{"type":"Polygon","coordinates":[[[126.96571137851281,37.56677550219754],[126.96708764526679,37.565286478370886],[126.9660570266359,37.56493438229192],[126.96581392740934,37.56362293781525],[126.9666094753606,37.56348881122723],[126.96227067717231,37.563364553806906],[126.9609622637517,37.56562280039513],[126.96300572875805,37.56547903813818],[126.9627989857532,37.566168307870704],[126.96449936902943,37.56640603847834],[126.9646601250271,37.56607430876024],[126.96571137851281,37.56677550219754]]]}},{"type":"Feature","properties":{"legal_dong_code":"1141010500","sigungu_code":"11410","district":"서대문구","legal_dong":"냉천동","risk_score":39.13411516501184,"risk_level":"주의","data_confidence":"보통","market_risk_score":28.343454805671712,"building_risk_score":51.312169126435286,"district_context_score":62.0,"jeonse_ratio_pct":56.31871706151184,"high80_share_pct":0.0,"sale_decline_pct":null,"sale_count":146.0,"jeonse_count":318.0,"matched_group_count":3.0,"nonapt_building_share_pct":10.852713178294573,"old20_share_pct":45.73643410852713,"official_total":200,"official_dong_evidence_count":0,"major_reasons":"서대문구 공식 피해·보증사고 배경지표 상위 | 20년 이상 주거건물 비중 45.7% | 최근 36개월 추정 전세가율 56.3%","score_version":"seoul-dong-v1.0","score_scope":"서울 법정동 시장·건물구조 상대위험"},"geometry":{"type":"Polygon","coordinates":[[[126.95872062030018,37.565887016889455],[126.95915698268394,37.56556864776404],[126.95927507140325,37.56625026989419],[126.96183876325985,37.5681277198647],[126.96311993626233,37.56788035370461],[126.96392598335277,37.568418962575905],[126.96294704562938,37.56964107141422],[126.96571137851281,37.56677550219754],[126.9646601250271,37.56607430876024],[126.96449936902943,37.56640603847834],[126.9628859275433,37.56620906103168],[126.9626512273623,37.565431286702754],[126.9589717594435,37.56541440399124],[126.95872062030018,37.565887016889455]]]}},{"type":"Feature","properties":{"legal_dong_code":"1141010700","sigungu_code":"11410","district":"서대문구","legal_dong":"옥천동","risk_score":56.52201503275024,"risk_level":"높음","data_confidence":"보통","market_risk_score":43.0269717022981,"building_risk_score":85.62332804548554,"district_context_score":62.0,"jeonse_ratio_pct":60.7951613063182,"high80_share_pct":0.0,"sale_decline_pct":null,"sale_count":40.0,"jeonse_count":104.0,"matched_group_count":3.0,"nonapt_building_share_pct":42.7027027027027,"old20_share_pct":86.48648648648648,"official_total":200,"official_dong_evidence_count":0,"major_reasons":"20년 이상 주거건물 비중 86.5% | 비아파트 건물 비중 42.7% | 서대문구 공식 피해·보증사고 배경지표 상위","score_version":"seoul-dong-v1.0","score_scope":"서울 법정동 시장·건물구조 상대위험"},"geometry":{"type":"Polygon","coordinates":[[[126.96289395273287,37.56943145721689],[126.95914791562869,37.56932700014268],[126.95685292081494,37.56822447101411],[126.95526792627487,37.56832311361297],[126.95723067747105,37.569540587511995],[126.95969837195612,37.570223715464685],[126.96169692332096,37.57025312996403],[126.96289395273287,37.56943145721689]]]}},{"type":"Feature","properties":{"legal_dong_code":"1141011600","sigungu_code":"11410","district":"서대문구","legal_dong":"창천동","risk_score":72.76732919058053,"risk_level":"매우 높음","data_confidence":"높음","market_risk_score":74.34257353387926,"building_risk_score":75.44714028101188,"district_context_score":62.0,"jeonse_ratio_pct":67.01551064228501,"high80_share_pct":19.642857142857142,"sale_decline_pct":19.78180790622911,"sale_count":740.0,"jeonse_count":1704.0,"matched_group_count":16.0,"nonapt_building_share_pct":40.80234833659491,"old20_share_pct":84.83365949119374,"official_total":200,"official_dong_evidence_count":0,"major_reasons":"최근 매매 단가 하락 신호 19.8% | 20년 이상 주거건물 비중 84.8% | 비아파트 건물 비중 40.8%","score_version":"seoul-dong-v1.0","score_scope":"서울 법정동 시장·건물구조 상대위험"},"geometry":{"type":"Polygon","coordinates":[[[126.93502081979936,37.56134090233023],[126.93729585156093,37.5596834043498],[126.93916150061234,37.55999813787676],[126.94064828915441,37.55937527584691],[126.94042863917478,37.559076087952654],[126.94157734434796,37.5591109503179],[126.94167157853728,37.557409965677806],[126.94074682673607,37.55730714992462],[126.94106790250932,37.55648342257146],[126.93685704610581,37.55509882979509],[126.92659378548203,37.55884850345776],[126.92718782945066,37.56179043769215],[126.9284824563618,37.56099591547975],[126.93052690419242,37.56091756900765],[126.93141740483357,37.561224905893006],[126.93194449791427,37.5625182180414],[126.93502081979936,37.56134090233023]]]}},{"type":"Feature","properties":{"legal_dong_code":"1141010600","sigungu_code":"11410","district":"서대문구","legal_dong":"천연동","risk_score":53.344410913216294,"risk_level":"주의","data_confidence":"높음","market_risk_score":36.96455677496936,"building_risk_score":87.46270739293874,"district_context_score":62.0,"jeonse_ratio_pct":52.855919877968,"high80_share_pct":0.0,"sale_decline_pct":27.98952749979009,"sale_count":225.0,"jeonse_count":530.0,"matched_group_count":6.0,"nonapt_building_share_pct":45.32374100719424,"old20_share_pct":84.89208633093526,"official_total":200,"official_dong_evidence_count":0,"major_reasons":"최근 매매 단가 하락 신호 28.0% | 20년 이상 주거건물 비중 84.9% | 비아파트 건물 비중 45.3%","score_version":"seoul-dong-v1.0","score_scope":"서울 법정동 시장·건물구조 상대위험"},"geometry":{"type":"Polygon","coordinates":[[[126.96289395273287,37.56943145721689],[126.96392598335277,37.568418962575905],[126.96311993626233,37.56788035370461],[126.96183876325985,37.5681277198647],[126.95927507140325,37.56625026989419],[126.95905685879343,37.565525274246475],[126.95555699827567,37.5673241656821],[126.95599507884481,37.56814290126201],[126.9581261303681,37.5690725774284],[126.96289395273287,37.56943145721689]]]}},{"type":"Feature","properties":{"legal_dong_code":"1141011100","sigungu_code":"11410","district":"서대문구","legal_dong":"홍제동","risk_score":44.358260196788265,"risk_level":"주의","data_confidence":"높음","market_risk_score":29.286026057214034,"building_risk_score":69.94657824983939,"district_context_score":62.0,"jeonse_ratio_pct":54.22899353248075,"high80_share_pct":0.0,"sale_decline_pct":0.0,"sale_count":2902.0,"jeonse_count":6841.0,"matched_group_count":23.0,"nonapt_building_share_pct":30.48422597212032,"old20_share_pct":84.62949376375643,"official_total":200,"official_dong_evidence_count":0,"major_reasons":"20년 이상 주거건물 비중 84.6% | 서대문구 공식 피해·보증사고 배경지표 상위 | 비아파트 건물 비중 30.5%","score_version":"seoul-dong-v1.0","score_scope":"서울 법정동 시장·건물구조 상대위험"},"geometry":{"type":"Polygon","coordinates":[[[126.9563414819612,37.59892144016237],[126.95804189378846,37.598155873356696],[126.95903334655468,37.595059021387605],[126.95750800016171,37.59354727777555],[126.95737396415241,37.587076850478645],[126.9579971793555,37.58444209575383],[126.95757284544521,37.58230278187667],[126.95817317471186,37.58098457280859],[126.95720178989737,37.579819236836215],[126.95362990758112,37.57881841366776],[126.94965359903063,37.57574739614224],[126.94844601031915,37.5757552836774],[126.94720928638058,37.57684950141735],[126.9447114513163,37.57754171631961],[126.94387314077096,37.58028601214427],[126.94184540070059,37.58105423957761],[126.94146683561004,37.58230661644986],[126.94193356229744,37.58303798499406],[126.94206122426084,37.58416053346837],[126.93925575652497,37.58412117362246],[126.9372750999515,37.582595896672245],[126.93578597728157,37.58468528269512],[126.93554313701753,37.586521923144744],[126.93723542349139,37.58913403776817],[126.93908998742542,37.5897050502316],[126.94212050770042,37.59165084891262],[126.94509675020402,37.5922544550098],[126.94692661629895,37.59447439473609],[126.94640628173191,37.5969796540645],[126.94733253956348,37.5984257291566],[126.94983100183015,37.597997504019546],[126.95130627146769,37.595962124799236],[126.95323377727861,37.596669895023744],[126.95549621241085,37.595837064417275],[126.9561276555357,37.596309433507635],[126.9563414819612,37.59892144016237]]]}},{"type":"Feature","properties":{"legal_dong_code":"1141011300","sigungu_code":"11410","district":"서대문구","legal_dong":"대신동","risk_score":85.15621285194443,"risk_level":"매우 높음","data_confidence":"낮음","market_risk_score":94.27377361895186,"building_risk_score":77.16779472229327,"district_context_score":62.0,"jeonse_ratio_pct":null,"high80_share_pct":null,"sale_decline_pct":null,"sale_count":67.0,"jeonse_count":176.0,"matched_group_count":null,"nonapt_building_share_pct":44.38202247191011,"old20_share_pct":85.95505617977528,"official_total":200,"official_dong_evidence_count":0,"major_reasons":"20년 이상 주거건물 비중 86.0% | 비아파트 건물 비중 44.4% | 서대문구 공식 피해·보증사고 배경지표 상위","score_version":"seoul-dong-v1.0","score_scope":"서울 법정동 시장·건물구조 상대위험"},"geometry":{"type":"Polygon","coordinates":[[[126.94737716719227,37.56631199653028],[126.94586534856671,37.56302588337008],[126.94423657470358,37.56206651517419],[126.94499408097806,37.5614836519533],[126.94461669877336,37.560562164132854],[126.94132285771558,37.560046975929495],[126.94040736116852,37.56031018019066],[126.94044869687175,37.561458179012625],[126.94256379629883,37.56273998297312],[126.94323271954354,37.56403595510639],[126.94254417485392,37.56651060181545],[126.9432785236411,37.566975597023884],[126.9444240038725,37.56657662222609],[126.94477396101334,37.56581740182866],[126.94578894033316,37.56590998431602],[126.9447601398507,37.569115588844944],[126.94610525661469,37.56924061823458],[126.94737716719227,37.56631199653028]]]}},{"type":"Feature","properties":{"legal_dong_code":"1141010200","sigungu_code":"11410","district":"서대문구","legal_dong":"충정로3가","risk_score":35.37639830377785,"risk_level":"주의","data_confidence":"높음","market_risk_score":19.862007936435813,"building_risk_score":56.63677416766545,"district_context_score":62.0,"jeonse_ratio_pct":35.86319680610208,"high80_share_pct":0.0,"sale_decline_pct":0.0,"sale_count":274.0,"jeonse_count":602.0,"matched_group_count":17.0,"nonapt_building_share_pct":13.609467455621301,"old20_share_pct":84.61538461538461,"official_total":200,"official_dong_evidence_count":0,"major_reasons":"20년 이상 주거건물 비중 84.6% | 서대문구 공식 피해·보증사고 배경지표 상위 | 비아파트 건물 비중 13.6%","score_version":"seoul-dong-v1.0","score_scope":"서울 법정동 시장·건물구조 상대위험"},"geometry":{"type":"Polygon","coordinates":[[[126.9631090468037,37.55919452856193],[126.96134208336485,37.55916055889632],[126.96063475126951,37.560885909141774],[126.95974632089782,37.561203503242794],[126.95871109190026,37.56390526174426],[126.9589717594435,37.56541440399124],[126.96044413178818,37.56548469794534],[126.9618766567804,37.56471573425982],[126.96233553985537,37.56332762579275],[126.96551148079827,37.56318756018357],[126.96438194428123,37.5614855752404],[126.96544961864767,37.560290698803236],[126.9631090468037,37.55919452856193]]]}},{"type":"Feature","properties":{"legal_dong_code":"1141010800","sigungu_code":"11410","district":"서대문구","legal_dong":"영천동","risk_score":31.95805124668952,"risk_level":"낮음","data_confidence":"높음","market_risk_score":21.642859265914733,"building_risk_score":38.689342748562744,"district_context_score":62.0,"jeonse_ratio_pct":50.911696324070114,"high80_share_pct":0.0,"sale_decline_pct":null,"sale_count":112.0,"jeonse_count":298.0,"matched_group_count":5.0,"nonapt_building_share_pct":13.91304347826087,"old20_share_pct":63.47826086956522,"official_total":200,"official_dong_evidence_count":0,"major_reasons":"서대문구 공식 피해·보증사고 배경지표 상위 | 20년 이상 주거건물 비중 63.5% | 비아파트 건물 비중 13.9%","score_version":"seoul-dong-v1.0","score_scope":"서울 법정동 시장·건물구조 상대위험"},"geometry":{"type":"Polygon","coordinates":[[[126.96047790374354,37.57198950155529],[126.96290991790731,37.56968517165063],[126.96169692332096,37.57025312996403],[126.95969837195612,37.570223715464685],[126.95723067747105,37.569540587511995],[126.95526792627487,37.56832311361297],[126.95370203672124,37.56948056582545],[126.95515537324398,37.57118227363238],[126.9582958638903,37.57124601170172],[126.96047790374354,37.57198950155529]]]}},{"type":"Feature","properties":{"legal_dong_code":"1141011800","sigungu_code":"11410","district":"서대문구","legal_dong":"홍은동","risk_score":55.25391662101538,"risk_level":"높음","data_confidence":"높음","market_risk_score":50.66965668456508,"building_risk_score":62.20849044110532,"district_context_score":62.0,"jeonse_ratio_pct":64.60236353863984,"high80_share_pct":10.059880239520957,"sale_decline_pct":0.0,"sale_count":2799.0,"jeonse_count":5288.0,"matched_group_count":32.0,"nonapt_building_share_pct":35.249391727493915,"old20_share_pct":80.44403892944038,"official_total":200,"official_dong_evidence_count":0,"major_reasons":"20년 이상 주거건물 비중 80.4% | 서대문구 공식 피해·보증사고 배경지표 상위 | 비아파트 건물 비중 35.2%","score_version":"seoul-dong-v1.0","score_scope":"서울 법정동 시장·건물구조 상대위험"},"geometry":{"type":"Polygon","coordinates":[[[126.92278431377325,37.58553333520924],[126.92388974386279,37.587099376040534],[126.92573124922654,37.58712200712578],[126.92774125360076,37.58808197365141],[126.92776565172306,37.591583035383834],[126.930262183859,37.59456490762403],[126.93279249279333,37.59632437174875],[126.93754151937551,37.59786819194192],[126.93861787183957,37.59749985371081],[126.94086623765475,37.59873290920748],[126.94137658733233,37.600677375157325],[126.93982737105625,37.60187254947674],[126.93994497044999,37.60305807006585],[126.94124563288766,37.60312319775288],[126.94211987824201,37.60492154278629],[126.94365790005862,37.60502572158322],[126.9437695341789,37.60617517751167],[126.94821389442026,37.60860854173116],[126.95037206777809,37.61060521649281],[126.95056466245161,37.60835968370563],[126.95404205269656,37.605073251330644],[126.95237512636103,37.60247603596897],[126.95336175399295,37.600168412303105],[126.9530610985036,37.598758628688735],[126.95488088548882,37.599309493253365],[126.9563414819612,37.59892144016237],[126.95609862493069,37.59621189984556],[126.95549621241085,37.595837064417275],[126.95323377727861,37.596669895023744],[126.95130627146769,37.595962124799236],[126.94965921690155,37.59810210493958],[126.94708594099183,37.59827207908886],[126.94640628173191,37.5969796540645],[126.94692661629895,37.59447439473609],[126.94509675020402,37.5922544550098],[126.94212050770042,37.59165084891262],[126.93631536843627,37.58829231953158],[126.93546792143773,37.585821563198586],[126.93743565516897,37.58216486216989],[126.93675051433583,37.58026903873376],[126.92721912223337,37.57606044866782],[126.92518307645861,37.57953147088721],[126.92492035913949,37.581238101893575],[126.92381952454335,37.582284526376725],[126.92477787327121,37.582416354820246],[126.9239791484969,37.583851733874006],[126.92322752032567,37.584037940018696],[126.92278431377325,37.58553333520924]]]}},{"type":"Feature","properties":{"legal_dong_code":"1141012000","sigungu_code":"11410","district":"서대문구","legal_dong":"남가좌동","risk_score":52.165735389998346,"risk_level":"주의","data_confidence":"높음","market_risk_score":44.431336092403946,"building_risk_score":64.82773493822394,"district_context_score":62.0,"jeonse_ratio_pct":60.705759015697105,"high80_share_pct":11.76470588235294,"sale_decline_pct":0.0,"sale_count":2202.0,"jeonse_count":5146.0,"matched_group_count":21.0,"nonapt_building_share_pct":31.56668608037274,"old20_share_pct":71.6365754222481,"official_total":200,"official_dong_evidence_count":0,"major_reasons":"20년 이상 주거건물 비중 71.6% | 서대문구 공식 피해·보증사고 배경지표 상위 | 80% 이상 매칭 비중 11.8%","score_version":"seoul-dong-v1.0","score_scope":"서울 법정동 시장·건물구조 상대위험"},"geometry":{"type":"Polygon","coordinates":[[[126.90979165965372,37.57099037697235],[126.91007900703106,37.571777783609576],[126.91286515848758,37.57044303233626],[126.9134538498618,37.57093531303107],[126.91366535851571,37.57156946848849],[126.91264059930174,37.57091216991857],[126.91134424421458,37.57210704052392],[126.91340443024006,37.57287485877776],[126.91317702069337,37.57405750478328],[126.91490550192924,37.57609117777022],[126.91567856849674,37.57865622050411],[126.9160936383754,37.57930514164381],[126.91706455175361,37.579272125306815],[126.9177877713198,37.57985966004797],[126.91813167072169,37.58064843753328],[126.9174353146667,37.580908463725955],[126.91937417936111,37.580400771626714],[126.9200640775,37.580976547305035],[126.92151229537022,37.58077580689337],[126.92085896589924,37.582939197132674],[126.92173780671443,37.5834536535322],[126.92184001553919,37.584676693372344],[126.92278431377325,37.58553333520924],[126.92322752032567,37.584037940018696],[126.9239791484969,37.583851733874006],[126.92477787327121,37.582416354820246],[126.92381952454335,37.582284526376725],[126.92492035913949,37.581238101893575],[126.92518307645861,37.57953147088721],[126.92725864955933,37.57571043112575],[126.92107202694422,37.57200220312911],[126.91677297418593,37.567811368481706],[126.90979165965372,37.57099037697235]]]}},{"type":"Feature","properties":{"legal_dong_code":"1141011900","sigungu_code":"11410","district":"서대문구","legal_dong":"북가좌동","risk_score":55.09848089492465,"risk_level":"높음","data_confidence":"높음","market_risk_score":44.399988764005286,"building_risk_score":76.63395054608591,"district_context_score":62.0,"jeonse_ratio_pct":56.656335135243,"high80_share_pct":11.567567567567567,"sale_decline_pct":0.0,"sale_count":2908.0,"jeonse_count":5329.0,"matched_group_count":27.0,"nonapt_building_share_pct":43.944265809217576,"old20_share_pct":80.60021436227224,"official_total":200,"official_dong_evidence_count":0,"major_reasons":"20년 이상 주거건물 비중 80.6% | 비아파트 건물 비중 43.9% | 서대문구 공식 피해·보증사고 배경지표 상위","score_version":"seoul-dong-v1.0","score_scope":"서울 법정동 시장·건물구조 상대위험"},"geometry":{"type":"Polygon","coordinates":[[[126.92085896589924,37.582939197132674],[126.92151229537022,37.58077580689337],[126.9200640775,37.580976547305035],[126.91937417936111,37.580400771626714],[126.9174353146667,37.580908463725955],[126.91813167072169,37.58064843753328],[126.9177877713198,37.57985966004797],[126.91706455175361,37.579272125306815],[126.9160936383754,37.57930514164381],[126.91567856849674,37.57865622050411],[126.91490550192924,37.57609117777022],[126.91317702069337,37.57405750478328],[126.91340443024006,37.57287485877776],[126.91134424421458,37.57210704052392],[126.91264059930174,37.57091216991857],[126.91372855775508,37.571510347652854],[126.91297122321534,37.57046136594129],[126.91007900703106,37.571777783609576],[126.90979165965372,37.57099037697235],[126.90908707269142,37.57128272046988],[126.90208037986623,37.57600616393754],[126.90263540471841,37.57639184697384],[126.90182773266051,37.57654090268239],[126.9119044868333,37.585809513767],[126.91284560944096,37.58722628481064],[126.91569768177818,37.58598116802728],[126.91531070640832,37.58541648183792],[126.91637751137861,37.585864379060304],[126.91567674417381,37.5849784822652],[126.91593502609375,37.58308967249013],[126.91891713550108,37.58337541808143],[126.92085896589924,37.582939197132674]]]}},{"type":"Feature","properties":{"legal_dong_code":"1144012000","sigungu_code":"11440","district":"마포구","legal_dong":"서교동","risk_score":69.7283043422699,"risk_level":"높음","data_confidence":"높음","market_risk_score":79.03190454672195,"building_risk_score":74.83664645694695,"district_context_score":24.0,"jeonse_ratio_pct":78.43550551679641,"high80_share_pct":47.863247863247864,"sale_decline_pct":0.48596781132309685,"sale_count":1166.0,"jeonse_count":3008.0,"matched_group_count":19.0,"nonapt_building_share_pct":53.925353925353924,"old20_share_pct":80.8880308880309,"official_total":164,"official_dong_evidence_count":0,"major_reasons":"최근 36개월 추정 전세가율 78.4% | 비아파트 건물 비중 53.9% | 80% 이상 매칭 비중 47.9%","score_version":"seoul-dong-v1.0","score_scope":"서울 법정동 시장·건물구조 상대위험"},"geometry":{"type":"MultiPolygon","coordinates":[[[[126.9116793670248,37.554186792113505],[126.90889957915948,37.55745454386839],[126.91284394685091,37.55840948537346],[126.91536699966016,37.55829093595148],[126.91539268905157,37.557938415504964],[126.91747793244626,37.55897065906508],[126.92245333673753,37.554398373700515],[126.92433353187634,37.55603559033577],[126.92707923104716,37.556830224269184],[126.92942225622777,37.556035383252706],[126.93129863059973,37.554629437826826],[126.93024981224231,37.554693590658225],[126.92878933179311,37.5536507950497],[126.92419434871944,37.552620476211665],[126.9242012959532,37.55093454721013],[126.92021787186519,37.548325665653785],[126.91507708693116,37.54917741530944],[126.91435494588353,37.54979243243231],[126.91461486218938,37.55058062150169],[126.91361617087064,37.54961568704427],[126.9116793670248,37.554186792113505]]],[[[126.93209409125572,37.5546992934386],[126.93264366836289,37.55475420626966],[126.93338620024754,37.55386797255696],[126.93269111346063,37.55429489111436],[126.93209409125572,37.5546992934386]]]]}},{"type":"Feature","properties":{"legal_dong_code":"1144012200","sigungu_code":"11440","district":"마포구","legal_dong":"합정동","risk_score":52.1139988729188,"risk_level":"주의","data_confidence":"높음","market_risk_score":48.98741747411328,"building_risk_score":76.48619355380333,"district_context_score":24.0,"jeonse_ratio_pct":58.8411608923722,"high80_share_pct":14.77832512315271,"sale_decline_pct":0.0,"sale_count":1655.0,"jeonse_count":5019.0,"matched_group_count":19.0,"nonapt_building_share_pct":61.418550272798136,"old20_share_pct":79.65705378020265,"official_total":164,"official_dong_evidence_count":0,"major_reasons":"비아파트 건물 비중 61.4% | 20년 이상 주거건물 비중 79.7% | 80% 이상 매칭 비중 14.8%","score_version":"seoul-dong-v1.0","score_scope":"서울 법정동 시장·건물구조 상대위험"},"geometry":{"type":"Polygon","coordinates":[[[126.92021787186519,37.548325665653785],[126.91863787614702,37.54500279250114],[126.91807299084421,37.54454249254115],[126.91768602358,37.544842690167435],[126.91663318962914,37.543459312265554],[126.91713891584436,37.541425901582734],[126.90483783065675,37.54141680520699],[126.89894301615347,37.54800786476924],[126.89573087764076,37.54904306251077],[126.9116793670248,37.554186792113505],[126.91361617087064,37.54961568704427],[126.91461486218938,37.55058062150169],[126.91435494588353,37.54979243243231],[126.91507708693116,37.54917741530944],[126.92021787186519,37.548325665653785]]]}},{"type":"Feature","properties":{"legal_dong_code":"1144010300","sigungu_code":"11440","district":"마포구","legal_dong":"신공덕동","risk_score":54.297394406586086,"risk_level":"주의","data_confidence":"높음","market_risk_score":59.416713029910476,"building_risk_score":60.1894663545592,"district_context_score":24.0,"jeonse_ratio_pct":64.02504036808587,"high80_share_pct":25.44529262086514,"sale_decline_pct":0.015293713980781404,"sale_count":991.0,"jeonse_count":2401.0,"matched_group_count":20.0,"nonapt_building_share_pct":32.28699551569507,"old20_share_pct":67.04035874439462,"official_total":164,"official_dong_evidence_count":0,"major_reasons":"80% 이상 매칭 비중 25.4% | 최근 매매 단가 하락 신호 0.0% | 20년 이상 주거건물 비중 67.0%","score_version":"seoul-dong-v1.0","score_scope":"서울 법정동 시장·건물구조 상대위험"},"geometry":{"type":"Polygon","coordinates":[[[126.9519171604012,37.542866827599255],[126.9551667560759,37.54571884095847],[126.95686830760289,37.5480353780154],[126.95836289048738,37.54708257667484],[126.95926740121658,37.545996316981565],[126.95790510087737,37.54545385722003],[126.95810844282437,37.54442251279877],[126.95741534047555,37.543213458165894],[126.95834999361142,37.54275916291597],[126.95658259606701,37.5407612650926],[126.9519171604012,37.542866827599255]]]}},{"type":"Feature","properties":{"legal_dong_code":"1144010800","sigungu_code":"11440","district":"마포구","legal_dong":"대흥동","risk_score":37.32290878460973,"risk_level":"주의","data_confidence":"높음","market_risk_score":29.39078680631406,"building_risk_score":64.35374680328519,"district_context_score":24.0,"jeonse_ratio_pct":48.11449507671494,"high80_share_pct":2.284263959390863,"sale_decline_pct":0.0,"sale_count":983.0,"jeonse_count":2671.0,"matched_group_count":14.0,"nonapt_building_share_pct":33.53658536585366,"old20_share_pct":73.65853658536585,"official_total":164,"official_dong_evidence_count":0,"major_reasons":"20년 이상 주거건물 비중 73.7% | 비아파트 건물 비중 33.5% | 80% 이상 매칭 비중 2.3%","score_version":"seoul-dong-v1.0","score_scope":"서울 법정동 시장·건물구조 상대위험"},"geometry":{"type":"Polygon","coordinates":[[[126.94186059945736,37.553000300279514],[126.94296653451974,37.554686345488165],[126.94304882560341,37.55339160011063],[126.94386968459824,37.5547035122486],[126.94239730009778,37.5550372498106],[126.94288012840398,37.55663613521303],[126.94651242714309,37.556843263799976],[126.946024695971,37.55300443894977],[126.94650148060641,37.55296712678981],[126.94664025393728,37.55078268543965],[126.94591955155997,37.54951463605425],[126.94478339228615,37.54930328177079],[126.94376882484391,37.54718067635678],[126.9449691902622,37.54557911418098],[126.94451056279318,37.545133443397795],[126.94553512533501,37.544473776896275],[126.94391292891744,37.542995820509155],[126.94146570776772,37.5441565386214],[126.94078946243563,37.54380163448842],[126.93862729905987,37.54409948795327],[126.94017472573599,37.54655062976398],[126.93978322027455,37.54763236320922],[126.94066727119903,37.549211574832775],[126.94012234945494,37.550918400259725],[126.94068628007004,37.552417399996855],[126.94186059945736,37.553000300279514]]]}},{"type":"Feature","properties":{"legal_dong_code":"1144012400","sigungu_code":"11440","district":"마포구","legal_dong":"연남동","risk_score":51.64376834315612,"risk_level":"주의","data_confidence":"높음","market_risk_score":47.006367439732344,"building_risk_score":79.35979151726686,"district_context_score":24.0,"jeonse_ratio_pct":67.96556090580142,"high80_share_pct":0.0,"sale_decline_pct":0.0,"sale_count":969.0,"jeonse_count":2155.0,"matched_group_count":16.0,"nonapt_building_share_pct":51.65476963011032,"old20_share_pct":75.79493835171967,"official_total":164,"official_dong_evidence_count":0,"major_reasons":"비아파트 건물 비중 51.7% | 20년 이상 주거건물 비중 75.8% | 최근 36개월 추정 전세가율 68.0%","score_version":"seoul-dong-v1.0","score_scope":"서울 법정동 시장·건물구조 상대위험"},"geometry":{"type":"Polygon","coordinates":[[[126.91642632366107,37.56668933485935],[126.91678478550912,37.567806520633404],[126.92438596806387,37.56577157837561],[126.92828293022819,37.56333143467079],[126.92552853227859,37.56037877483315],[126.92431987973704,37.56115130980948],[126.92376780945303,37.5599818239633],[126.92327309043567,37.560589034217124],[126.91878144468176,37.55752817637605],[126.91747793244626,37.55897065906508],[126.9181542465768,37.560912860481366],[126.9176210471463,37.56120023171136],[126.91802960473088,37.56147729613429],[126.91642632366107,37.56668933485935]],[[126.92412833491056,37.56086412927674],[126.92407193961434,37.56078507554906],[126.92412296505752,37.56080339908664],[126.92412833491056,37.56086412927674]]]}},{"type":"Feature","properties":{"legal_dong_code":"1144011200","sigungu_code":"11440","district":"마포구","legal_dong":"현석동","risk_score":34.47396709728184,"risk_level":"낮음","data_confidence":"보통","market_risk_score":25.928891342234394,"building_risk_score":61.266529167764816,"district_context_score":24.0,"jeonse_ratio_pct":45.81859089870572,"high80_share_pct":0.0,"sale_decline_pct":0.13758560185996238,"sale_count":303.0,"jeonse_count":886.0,"matched_group_count":8.0,"nonapt_building_share_pct":35.35353535353536,"old20_share_pct":63.63636363636363,"official_total":164,"official_dong_evidence_count":0,"major_reasons":"최근 매매 단가 하락 신호 0.1% | 비아파트 건물 비중 35.4% | 20년 이상 주거건물 비중 63.6%","score_version":"seoul-dong-v1.0","score_scope":"서울 법정동 시장·건물구조 상대위험"},"geometry":{"type":"Polygon","coordinates":[[[126.93720781724551,37.542406615545644],[126.9353346755971,37.539347549696274],[126.93185238577605,37.54087930621816],[126.93184278064564,37.54232492447552],[126.933398827513,37.545128493587875],[126.93578437723863,37.543723172171326],[126.93680802289482,37.543667254340356],[126.93639287235828,37.542857926352376],[126.93720781724551,37.542406615545644]]]}},{"type":"Feature","properties":{"legal_dong_code":"1144010600","sigungu_code":"11440","district":"마포구","legal_dong":"토정동","risk_score":25.47983082431802,"risk_level":"낮음","data_confidence":"낮음","market_risk_score":14.010840108401084,"building_risk_score":53.89330703710947,"district_context_score":24.0,"jeonse_ratio_pct":44.54378358287912,"high80_share_pct":0.0,"sale_decline_pct":null,"sale_count":66.0,"jeonse_count":402.0,"matched_group_count":4.0,"nonapt_building_share_pct":25.925925925925924,"old20_share_pct":81.48148148148148,"official_total":164,"official_dong_evidence_count":0,"major_reasons":"20년 이상 주거건물 비중 81.5% | 비아파트 건물 비중 25.9% | 마포구 공식 피해·보증사고 배경지표 상위","score_version":"seoul-dong-v1.0","score_scope":"서울 법정동 시장·건물구조 상대위험"},"geometry":{"type":"Polygon","coordinates":[[[126.9371973923175,37.53847209327325],[126.93855605228438,37.540323229859986],[126.93997801611562,37.54106418065905],[126.94213338534749,37.539542606956196],[126.9412438919219,37.53874144420996],[126.94162593661511,37.53795921649602],[126.94034366365555,37.53669978211212],[126.9371973923175,37.53847209327325]]]}},{"type":"Feature","properties":{"legal_dong_code":"1144012600","sigungu_code":"11440","district":"마포구","legal_dong":"중동","risk_score":47.34361868455634,"risk_level":"주의","data_confidence":"높음","market_risk_score":40.808138465292956,"building_risk_score":77.03494242152226,"district_context_score":24.0,"jeonse_ratio_pct":56.21642966608883,"high80_share_pct":0.7246376811594203,"sale_decline_pct":0.2400326661752199,"sale_count":518.0,"jeonse_count":1169.0,"matched_group_count":13.0,"nonapt_building_share_pct":49.31506849315068,"old20_share_pct":88.01369863013699,"official_total":164,"official_dong_evidence_count":0,"major_reasons":"20년 이상 주거건물 비중 88.0% | 비아파트 건물 비중 49.3% | 최근 매매 단가 하락 신호 0.2%","score_version":"seoul-dong-v1.0","score_scope":"서울 법정동 시장·건물구조 상대위험"},"geometry":{"type":"MultiPolygon","coordinates":[[[[126.91529190374195,37.56846828764886],[126.91589410593676,37.56818359926297],[126.91678478550912,37.567806520633404],[126.91660764878694,37.567600607697656],[126.91529190374195,37.56846828764886]]],[[[126.90061093414131,37.573243248095785],[126.9020846314135,37.57600133822977],[126.90908408435712,37.57122772185465],[126.91286228925662,37.56959759739002],[126.91130124022264,37.56733953021516],[126.9080825001398,37.5701955009077],[126.90735951988987,37.569390704913914],[126.9067101248319,37.56975112090393],[126.90622608298816,37.56932582540587],[126.90552883733801,37.57018795629401],[126.90334765122076,37.56992340775429],[126.90302770753127,37.57017274188707],[126.9038065691878,37.57080290906336],[126.90244786392651,37.57184223702245],[126.90297219331055,37.57227181610006],[126.90108367049602,37.57407427116419],[126.90061093414131,37.573243248095785]]]]}},{"type":"Feature","properties":{"legal_dong_code":"1144012300","sigungu_code":"11440","district":"마포구","legal_dong":"망원동","risk_score":48.861645257824954,"risk_level":"주의","data_confidence":"높음","market_risk_score":41.98088509535666,"building_risk_score":80.29245680244382,"district_context_score":24.0,"jeonse_ratio_pct":63.45376647487485,"high80_share_pct":0.0,"sale_decline_pct":0.0,"sale_count":2698.0,"jeonse_count":7207.0,"matched_group_count":19.0,"nonapt_building_share_pct":60.5360824742268,"old20_share_pct":78.84536082474227,"official_total":164,"official_dong_evidence_count":0,"major_reasons":"비아파트 건물 비중 60.5% | 20년 이상 주거건물 비중 78.8% | 최근 36개월 추정 전세가율 63.5%","score_version":"seoul-dong-v1.0","score_scope":"서울 법정동 시장·건물구조 상대위험"},"geometry":{"type":"Polygon","coordinates":[[[126.90389556525044,37.56283036402546],[126.91167936702483,37.554186792113505],[126.89573087764076,37.54904306251077],[126.88811979214738,37.552292665065266],[126.89177604352807,37.55582097268926],[126.89406256081581,37.55942730376452],[126.89593536009342,37.55952190327203],[126.89901013704618,37.56121641790609],[126.90389556525044,37.56283036402546]]]}},{"type":"Feature","properties":{"legal_dong_code":"1144011700","sigungu_code":"11440","district":"마포구","legal_dong":"신정동","risk_score":28.80825321738977,"risk_level":"낮음","data_confidence":"낮음","market_risk_score":17.290160778438203,"building_risk_score":59.336627001307384,"district_context_score":24.0,"jeonse_ratio_pct":46.74235693419305,"high80_share_pct":0.0,"sale_decline_pct":null,"sale_count":69.0,"jeonse_count":245.0,"matched_group_count":3.0,"nonapt_building_share_pct":8.333333333333332,"old20_share_pct":100.0,"official_total":164,"official_dong_evidence_count":0,"major_reasons":"20년 이상 주거건물 비중 100.0% | 비아파트 건물 비중 8.3% | 마포구 공식 피해·보증사고 배경지표 상위","score_version":"seoul-dong-v1.0","score_scope":"서울 법정동 시장·건물구조 상대위험"},"geometry":{"type":"Polygon","coordinates":[[[126.93281653165748,37.54393473866015],[126.93184278064564,37.54232492447552],[126.93185238577605,37.54087930621816],[126.92840566855915,37.5414334772675],[126.92886205564858,37.543972538119114],[126.9300250904471,37.545081810128096],[126.92909352661728,37.545574111911264],[126.93005197693387,37.54557922782023],[126.93088387454519,37.54441826000312],[126.93281653165748,37.54393473866015]]]}},{"type":"Feature","properties":{"legal_dong_code":"1144010200","sigungu_code":"11440","district":"마포구","legal_dong":"공덕동","risk_score":57.540757532402935,"risk_level":"높음","data_confidence":"높음","market_risk_score":67.15276025130535,"building_risk_score":54.5964055264789,"district_context_score":24.0,"jeonse_ratio_pct":68.21083035594896,"high80_share_pct":45.07299270072993,"sale_decline_pct":0.35464440000975517,"sale_count":1719.0,"jeonse_count":4797.0,"matched_group_count":28.0,"nonapt_building_share_pct":37.551581843191194,"old20_share_pct":67.4002751031637,"official_total":164,"official_dong_evidence_count":0,"major_reasons":"80% 이상 매칭 비중 45.1% | 최근 매매 단가 하락 신호 0.4% | 최근 36개월 추정 전세가율 68.2%","score_version":"seoul-dong-v1.0","score_scope":"서울 법정동 시장·건물구조 상대위험"},"geometry":{"type":"Polygon","coordinates":[[[126.94605390632184,37.545442218388246],[126.94632588742299,37.54581572575539],[126.94780715821977,37.545294554407924],[126.94997204931484,37.547606193029985],[126.94922197555964,37.549631381501456],[126.95053560359062,37.55188810011246],[126.95271328615785,37.551370662256495],[126.95259651424196,37.550861878488604],[126.95498512338472,37.549856626247596],[126.95558564657355,37.551135736870684],[126.95719691724054,37.55065254756712],[126.95797038677713,37.55151378613756],[126.95986307336523,37.551920716676065],[126.96116889811496,37.55152004901737],[126.96118600872589,37.551058297073915],[126.96234842507123,37.551512481409496],[126.96389674720562,37.549754205532075],[126.96374224888548,37.54875911061746],[126.96224154111866,37.548619039452305],[126.96005158262443,37.546065710009564],[126.95926740121658,37.545996316981565],[126.95686830760289,37.5480353780154],[126.9551667560759,37.54571884095847],[126.9519171604012,37.542866827599255],[126.94605390632184,37.545442218388246]]]}},{"type":"Feature","properties":{"legal_dong_code":"1144011800","sigungu_code":"11440","district":"마포구","legal_dong":"당인동","risk_score":39.23317677886054,"risk_level":"주의","data_confidence":"보통","market_risk_score":26.12550751173007,"building_risk_score":79.83148908728998,"district_context_score":24.0,"jeonse_ratio_pct":39.32382347545198,"high80_share_pct":0.0,"sale_decline_pct":0.0,"sale_count":77.0,"jeonse_count":283.0,"matched_group_count":3.0,"nonapt_building_share_pct":68.85245901639344,"old20_share_pct":90.1639344262295,"official_total":164,"official_dong_evidence_count":0,"major_reasons":"20년 이상 주거건물 비중 90.2% | 비아파트 건물 비중 68.9% | 최근 매매 단가 하락 신호 0.0%","score_version":"seoul-dong-v1.0","score_scope":"서울 법정동 시장·건물구조 상대위험"},"geometry":{"type":"MultiPolygon","coordinates":[[[[126.92242377482661,37.54142962241729],[126.93009623740195,37.541434511786704],[126.9303331148459,37.541356088287685],[126.92711298345174,37.53904236420248],[126.92308509171687,37.54045299146915],[126.92242377482661,37.54142962241729]]],[[[126.92007793451448,37.54800474431763],[126.92003651590603,37.547382437183636],[126.92090515764484,37.547139495419025],[126.92070703558113,37.54584124769422],[126.92219396409433,37.544613033066526],[126.921579438727,37.54408089843434],[126.92180083257587,37.54142920356107],[126.91713891584436,37.541425901582734],[126.91663318962914,37.54345931226559],[126.91768602358,37.54484269016745],[126.91807299084421,37.54454249254115],[126.91863787614705,37.54500279250112],[126.92007793451448,37.54800474431763]]]]}},{"type":"Feature","properties":{"legal_dong_code":"1144011500","sigungu_code":"11440","district":"마포구","legal_dong":"상수동","risk_score":43.30619711058676,"risk_level":"주의","data_confidence":"높음","market_risk_score":38.171375731606304,"building_risk_score":67.21348668649192,"district_context_score":24.0,"jeonse_ratio_pct":52.65900007598317,"high80_share_pct":7.253886010362693,"sale_decline_pct":0.0,"sale_count":523.0,"jeonse_count":1362.0,"matched_group_count":15.0,"nonapt_building_share_pct":54.80093676814989,"old20_share_pct":70.2576112412178,"official_total":164,"official_dong_evidence_count":0,"major_reasons":"비아파트 건물 비중 54.8% | 20년 이상 주거건물 비중 70.3% | 80% 이상 매칭 비중 7.3%","score_version":"seoul-dong-v1.0","score_scope":"서울 법정동 시장·건물구조 상대위험"},"geometry":{"type":"Polygon","coordinates":[[[126.9286019092229,37.54617149110409],[126.92846606228237,37.54576590691825],[126.92779609852828,37.54599761301185],[126.92667314627856,37.54416888475347],[126.92650127807615,37.541432282917384],[126.92180083257587,37.54142920356107],[126.921579438727,37.54408089843434],[126.92219396409433,37.544613033066526],[126.92070703558113,37.54584124769422],[126.92090515764484,37.547139495419025],[126.92003651590603,37.547382437183636],[126.92007793451448,37.54800474431763],[126.9242012959532,37.550934547210126],[126.92415605654882,37.55236484914791],[126.92555629550625,37.552618242765895],[126.9282350996332,37.55112582295701],[126.92685201716353,37.549449870444455],[126.9276697226647,37.54793718817874],[126.9274276604096,37.54691900653476],[126.9286019092229,37.54617149110409]]]}},{"type":"Feature","properties":{"legal_dong_code":"1144011300","sigungu_code":"11440","district":"마포구","legal_dong":"구수동","risk_score":34.37518622219306,"risk_level":"낮음","data_confidence":"보통","market_risk_score":25.702723060004956,"building_risk_score":61.414209544760325,"district_context_score":24.0,"jeonse_ratio_pct":42.975029449804374,"high80_share_pct":0.0,"sale_decline_pct":0.0,"sale_count":53.0,"jeonse_count":214.0,"matched_group_count":5.0,"nonapt_building_share_pct":41.55844155844156,"old20_share_pct":68.83116883116884,"official_total":164,"official_dong_evidence_count":0,"major_reasons":"비아파트 건물 비중 41.6% | 20년 이상 주거건물 비중 68.8% | 최근 매매 단가 하락 신호 0.0%","score_version":"seoul-dong-v1.0","score_scope":"서울 법정동 시장·건물구조 상대위험"},"geometry":{"type":"Polygon","coordinates":[[[126.93395284324257,37.54504074893908],[126.93301089818519,37.54488678539638],[126.93281653165748,37.54393473866015],[126.93088387454519,37.54441826000312],[126.93057597860756,37.54503838118806],[126.93232567154061,37.54616856898509],[126.93262610859138,37.54807289971359],[126.93290229302958,37.547563369779255],[126.93394648316165,37.547536428587726],[126.93305515397542,37.54642086631745],[126.93395284324257,37.54504074893908]]]}},{"type":"Feature","properties":{"legal_dong_code":"1144012100","sigungu_code":"11440","district":"마포구","legal_dong":"동교동","risk_score":64.50055538476113,"risk_level":"높음","data_confidence":"보통","market_risk_score":73.43803026382326,"building_risk_score":67.35094890586869,"district_context_score":24.0,"jeonse_ratio_pct":73.72367193633691,"high80_share_pct":75.0,"sale_decline_pct":0.0,"sale_count":362.0,"jeonse_count":427.0,"matched_group_count":4.0,"nonapt_building_share_pct":37.1900826446281,"old20_share_pct":87.19008264462809,"official_total":164,"official_dong_evidence_count":0,"major_reasons":"80% 이상 매칭 비중 75.0% | 20년 이상 주거건물 비중 87.2% | 최근 36개월 추정 전세가율 73.7%","score_version":"seoul-dong-v1.0","score_scope":"서울 법정동 시장·건물구조 상대위험"},"geometry":{"type":"MultiPolygon","coordinates":[[[[126.92407193961434,37.56078507554906],[126.92412833491056,37.56086412927674],[126.92412296505752,37.56080339908664],[126.92407193961434,37.56078507554906]]],[[[126.91878144468176,37.55752817637605],[126.92327309043567,37.560589034217124],[126.92376780945303,37.5599818239633],[126.92431987973704,37.56115130980948],[126.92552853227859,37.56037877483315],[126.92719053201061,37.56179294414301],[126.9265939393207,37.558853107611704],[126.93279143660155,37.55657772497381],[126.93264366836289,37.55475420626966],[126.93129863059976,37.55462943782683],[126.92942225622777,37.556035383252734],[126.92707923104716,37.556830224269184],[126.92433353187637,37.55603559033579],[126.92245333673753,37.554398373700536],[126.91878144468176,37.55752817637605]]]]}},{"type":"Feature","properties":{"legal_dong_code":"1144012700","sigungu_code":"11440","district":"마포구","legal_dong":"상암동","risk_score":60.04982051122301,"risk_level":"높음","data_confidence":"높음","market_risk_score":74.3273087946198,"building_risk_score":47.41374093780454,"district_context_score":24.0,"jeonse_ratio_pct":75.73993061463281,"high80_share_pct":37.13163064833006,"sale_decline_pct":5.984765351639151,"sale_count":1616.0,"jeonse_count":5381.0,"matched_group_count":17.0,"nonapt_building_share_pct":30.142857142857142,"old20_share_pct":53.28571428571428,"official_total":164,"official_dong_evidence_count":0,"major_reasons":"최근 매매 단가 하락 신호 6.0% | 최근 36개월 추정 전세가율 75.7% | 80% 이상 매칭 비중 37.1%","score_version":"seoul-dong-v1.0","score_scope":"서울 법정동 시장·건물구조 상대위험"},"geometry":{"type":"Polygon","coordinates":[[[126.85363158168865,37.57178753209478],[126.85362828337568,37.573799116037115],[126.8592854855284,37.574915794245804],[126.8649409064808,37.577472353701424],[126.8762602803383,37.578185179810085],[126.87625897739056,37.57896301773869],[126.87707468630671,37.57886753797734],[126.8776831197787,37.57977098375307],[126.87662525023384,37.58137600263265],[126.8773309549231,37.584047727543116],[126.87653766446535,37.584440395628434],[126.87754203107198,37.58624793876253],[126.87913280489653,37.58677235017032],[126.8803488940042,37.58950616503024],[126.88205816882058,37.59079470208552],[126.88869022501578,37.58474246529544],[126.9020846314135,37.57600133822977],[126.90061093414131,37.573243248095785],[126.89944362609351,37.57436060375979],[126.89774907436602,37.572468260966936],[126.89719350090027,37.57304233085411],[126.89461773275062,37.57264130382293],[126.89349332879581,37.57323995034255],[126.8922218240937,37.57291797461495],[126.89153232316343,37.57104443410038],[126.88965695898094,37.5705381372124],[126.89435122055366,37.56663520488115],[126.89520342705423,37.563032021878705],[126.89459566019826,37.56015939088824],[126.8957222863234,37.55981280412823],[126.89406256081581,37.55942730376452],[126.89177604352807,37.55582097268926],[126.88811979214738,37.552292665065266],[126.86623729185564,37.563002386949016],[126.85487786446845,37.570196727183365],[126.85363158168865,37.57178753209478]]]}},{"type":"Feature","properties":{"legal_dong_code":"1144012500","sigungu_code":"11440","district":"마포구","legal_dong":"성산동","risk_score":59.686835409835915,"risk_level":"높음","data_confidence":"높음","market_risk_score":61.175258755511166,"building_risk_score":77.52672062611684,"district_context_score":24.0,"jeonse_ratio_pct":70.33636511921355,"high80_share_pct":20.527306967984934,"sale_decline_pct":0.0,"sale_count":3929.0,"jeonse_count":10272.0,"matched_group_count":26.0,"nonapt_building_share_pct":58.68457619268179,"old20_share_pct":75.59055118110236,"official_total":164,"official_dong_evidence_count":0,"major_reasons":"비아파트 건물 비중 58.7% | 최근 36개월 추정 전세가율 70.3% | 20년 이상 주거건물 비중 75.6%","score_version":"seoul-dong-v1.0","score_scope":"서울 법정동 시장·건물구조 상대위험"},"geometry":{"type":"Polygon","coordinates":[[[126.88965695898094,37.5705381372124],[126.89153232316343,37.57104443410038],[126.8922218240937,37.57291797461495],[126.89386393447046,37.573301132520044],[126.89461773275062,37.57264130382293],[126.89719350090027,37.57304233085411],[126.89774907436602,37.572468260966936],[126.89944362609351,37.57436060375979],[126.90028548516354,37.57324396056855],[126.90108367049602,37.57407427116419],[126.90297219331055,37.57227181610006],[126.90244786392651,37.57184223702245],[126.9038065691878,37.57080290906336],[126.90302770753127,37.57017274188707],[126.90385987325725,37.56968428696717],[126.90534203907153,37.570208977482444],[126.90622608298816,37.56932582540587],[126.9067101248319,37.56975112090393],[126.90735951988987,37.569390704913914],[126.9080825001398,37.5701955009077],[126.91130124022264,37.56733953021516],[126.91286228925662,37.56959759739002],[126.91660764878694,37.567600607697656],[126.91802960473088,37.56147729613429],[126.9176210471463,37.56120023171136],[126.9181542465768,37.560912860481366],[126.9178842656426,37.5594443544258],[126.91539268905159,37.557938415504964],[126.91536699966014,37.55829093595148],[126.91284394685091,37.55840948537346],[126.90882089328693,37.55738654750604],[126.90389556525044,37.56283036402546],[126.89901013704618,37.56121641790609],[126.89583488391193,37.559503234986764],[126.89459566019826,37.56015939088824],[126.89520342705423,37.563032021878705],[126.89435122055366,37.56663520488115],[126.88965695898094,37.5705381372124]]]}},{"type":"Feature","properties":{"legal_dong_code":"1144011400","sigungu_code":"11440","district":"마포구","legal_dong":"창전동","risk_score":43.39892379010754,"risk_level":"주의","data_confidence":"높음","market_risk_score":42.08433127907223,"building_risk_score":58.19330009065679,"district_context_score":24.0,"jeonse_ratio_pct":59.11453272911541,"high80_share_pct":9.251101321585903,"sale_decline_pct":0.0,"sale_count":636.0,"jeonse_count":1785.0,"matched_group_count":14.0,"nonapt_building_share_pct":38.53383458646616,"old20_share_pct":73.49624060150376,"official_total":164,"official_dong_evidence_count":0,"major_reasons":"20년 이상 주거건물 비중 73.5% | 비아파트 건물 비중 38.5% | 80% 이상 매칭 비중 9.3%","score_version":"seoul-dong-v1.0","score_scope":"서울 법정동 시장·건물구조 상대위험"},"geometry":{"type":"Polygon","coordinates":[[[126.93057597860756,37.54503838118806],[126.9274276604096,37.54691900653476],[126.9276697226647,37.54793718817874],[126.92685201716353,37.549449870444455],[126.9282350996332,37.55112582295701],[126.92555629550625,37.552618242765895],[126.92419434871948,37.552620476211644],[126.92878933179311,37.553650795049705],[126.93024981224228,37.55469359065822],[126.93209409125572,37.5546992934386],[126.93394439171975,37.55345104468546],[126.93312746056415,37.552838973065384],[126.93241165819317,37.54630602053401],[126.93180378456366,37.54543999059234],[126.93057597860756,37.54503838118806]]]}},{"type":"Feature","properties":{"legal_dong_code":"1144010100","sigungu_code":"11440","district":"마포구","legal_dong":"아현동","risk_score":40.39346971861304,"risk_level":"주의","data_confidence":"높음","market_risk_score":38.52185908718613,"building_risk_score":54.72141706520546,"district_context_score":24.0,"jeonse_ratio_pct":52.74279976428165,"high80_share_pct":14.254859611231103,"sale_decline_pct":0.0,"sale_count":1279.0,"jeonse_count":5190.0,"matched_group_count":18.0,"nonapt_building_share_pct":28.7292817679558,"old20_share_pct":54.23572744014733,"official_total":164,"official_dong_evidence_count":0,"major_reasons":"80% 이상 매칭 비중 14.3% | 20년 이상 주거건물 비중 54.2% | 비아파트 건물 비중 28.7%","score_version":"seoul-dong-v1.0","score_scope":"서울 법정동 시장·건물구조 상대위험"},"geometry":{"type":"Polygon","coordinates":[[[126.94894003853247,37.55699528553236],[126.9591342520051,37.55724116541678],[126.96162725459985,37.559082161369155],[126.96156378641116,37.5584213180528],[126.9630957413941,37.558216220636204],[126.96342481413774,37.55694809395044],[126.96173712491426,37.55499968694896],[126.96243566997268,37.55154651370902],[126.96118600872589,37.551058297073915],[126.96116889811496,37.55152004901737],[126.95883620877636,37.55189683411969],[126.95719691724054,37.55065254756712],[126.95558564657355,37.551135736870684],[126.95468581723347,37.54989082667146],[126.95484426950723,37.55021749863512],[126.95259651424196,37.550861878488604],[126.95271328615785,37.551370662256495],[126.94968561471481,37.55225131583846],[126.95055259424895,37.55390942562521],[126.94867748592316,37.55550245314784],[126.94845707578743,37.55658135294038],[126.94894003853247,37.55699528553236]]]}},{"type":"Feature","properties":{"legal_dong_code":"1144010900","sigungu_code":"11440","district":"마포구","legal_dong":"염리동","risk_score":32.87285815248395,"risk_level":"낮음","data_confidence":"높음","market_risk_score":29.084088590078167,"building_risk_score":47.28961999374819,"district_context_score":24.0,"jeonse_ratio_pct":46.35252298542485,"high80_share_pct":3.3557046979865772,"sale_decline_pct":0.0,"sale_count":963.0,"jeonse_count":4323.0,"matched_group_count":20.0,"nonapt_building_share_pct":30.804597701149426,"old20_share_pct":69.08045977011494,"official_total":164,"official_dong_evidence_count":0,"major_reasons":"20년 이상 주거건물 비중 69.1% | 비아파트 건물 비중 30.8% | 80% 이상 매칭 비중 3.4%","score_version":"seoul-dong-v1.0","score_scope":"서울 법정동 시장·건물구조 상대위험"},"geometry":{"type":"Polygon","coordinates":[[[126.95053560359062,37.55188810011246],[126.94922197555964,37.549631381501456],[126.94997204931484,37.547606193029985],[126.94780715821977,37.545294554407924],[126.94632588742299,37.54581572575539],[126.94605390632184,37.545442218388246],[126.94958175281944,37.54389529705097],[126.94909785258282,37.54331970978829],[126.94811862853028,37.543621013273295],[126.94553489380132,37.5414540118991],[126.94364969246627,37.54275629822804],[126.94553512533501,37.544473776896275],[126.94451056279318,37.545133443397795],[126.9449691902622,37.54557911418098],[126.94376882484391,37.54718067635678],[126.94478339228615,37.54930328177079],[126.94591955155997,37.54951463605425],[126.94664025393728,37.55078268543965],[126.94650148060641,37.55296712678981],[126.946024695971,37.55300443894977],[126.94651242714309,37.556843263799976],[126.94894003853247,37.55699528553236],[126.94856585103278,37.55572855165295],[126.95052395528175,37.554052481519484],[126.94968105125999,37.55230438218247],[126.95053560359062,37.55188810011246]]]}},{"type":"Feature","properties":{"legal_dong_code":"1144010500","sigungu_code":"11440","district":"마포구","legal_dong":"용강동","risk_score":37.33360371440286,"risk_level":"주의","data_confidence":"높음","market_risk_score":33.379297032083116,"building_risk_score":54.82410198061197,"district_context_score":24.0,"jeonse_ratio_pct":51.921790229156024,"high80_share_pct":0.0,"sale_decline_pct":0.5767584020780518,"sale_count":395.0,"jeonse_count":1298.0,"matched_group_count":11.0,"nonapt_building_share_pct":37.5,"old20_share_pct":47.58064516129033,"official_total":164,"official_dong_evidence_count":0,"major_reasons":"최근 매매 단가 하락 신호 0.6% | 비아파트 건물 비중 37.5% | 20년 이상 주거건물 비중 47.6%","score_version":"seoul-dong-v1.0","score_scope":"서울 법정동 시장·건물구조 상대위험"},"geometry":{"type":"Polygon","coordinates":[[[126.9353346755971,37.539347549696274],[126.93857770576703,37.544109786898105],[126.94078946243563,37.54380163448842],[126.94146570776772,37.5441565386214],[126.94391292891744,37.542995820509155],[126.94553489380132,37.5414540118991],[126.9438736145403,37.53909234220733],[126.94261528300247,37.53997577519207],[126.94213338534749,37.539542606956196],[126.93997801611562,37.54106418065905],[126.93855605228438,37.540323229859986],[126.9371973923175,37.53847209327325],[126.9353346755971,37.539347549696274]]]}},{"type":"Feature","properties":{"legal_dong_code":"1144011600","sigungu_code":"11440","district":"마포구","legal_dong":"하중동","risk_score":22.37075187616145,"risk_level":"낮음","data_confidence":"낮음","market_risk_score":17.63391713519125,"building_risk_score":32.761606380186784,"district_context_score":24.0,"jeonse_ratio_pct":50.238500791552575,"high80_share_pct":0.0,"sale_decline_pct":null,"sale_count":61.0,"jeonse_count":157.0,"matched_group_count":4.0,"nonapt_building_share_pct":0.0,"old20_share_pct":22.22222222222222,"official_total":164,"official_dong_evidence_count":0,"major_reasons":"20년 이상 주거건물 비중 22.2% | 마포구 공식 피해·보증사고 배경지표 상위 | 최근 36개월 추정 전세가율 50.2%","score_version":"seoul-dong-v1.0","score_scope":"서울 법정동 시장·건물구조 상대위험"},"geometry":{"type":"Polygon","coordinates":[[[126.92840566855915,37.5414334772675],[126.92650127807615,37.541432282917384],[126.92667314627856,37.54416888475347],[126.92779609852828,37.54599761301185],[126.92846606228237,37.54576590691825],[126.92860799485901,37.54617383743935],[126.9300250904471,37.545081810128096],[126.92886205564858,37.543972538119114],[126.92840566855915,37.5414334772675]]]}},{"type":"Feature","properties":{"legal_dong_code":"1144011000","sigungu_code":"11440","district":"마포구","legal_dong":"노고산동","risk_score":61.82552138017399,"risk_level":"높음","data_confidence":"높음","market_risk_score":70.12018727013512,"building_risk_score":64.61363607237165,"district_context_score":24.0,"jeonse_ratio_pct":62.319137241703004,"high80_share_pct":26.436781609195403,"sale_decline_pct":15.125831728338673,"sale_count":516.0,"jeonse_count":1744.0,"matched_group_count":11.0,"nonapt_building_share_pct":34.394904458598724,"old20_share_pct":80.73248407643312,"official_total":164,"official_dong_evidence_count":0,"major_reasons":"최근 매매 단가 하락 신호 15.1% | 20년 이상 주거건물 비중 80.7% | 80% 이상 매칭 비중 26.4%","score_version":"seoul-dong-v1.0","score_scope":"서울 법정동 시장·건물구조 상대위험"},"geometry":{"type":"Polygon","coordinates":[[[126.94288012840398,37.55663613521303],[126.94239730009778,37.5550372498106],[126.94387641843896,37.55473270761891],[126.94326067757686,37.55350916693995],[126.94334651502616,37.55460328179712],[126.94301132870129,37.55471402809086],[126.94186059945736,37.553000300279514],[126.94004748012519,37.55360422322611],[126.9374004749249,37.5527869597575],[126.93630889434246,37.55141410829037],[126.93337050499808,37.55310821239322],[126.93394439171975,37.55345104468546],[126.93264366836289,37.55475420626966],[126.93279143660155,37.55657772497381],[126.93686375466594,37.55510176168643],[126.94288012840398,37.55663613521303]]]}},{"type":"Feature","properties":{"legal_dong_code":"1144011100","sigungu_code":"11440","district":"마포구","legal_dong":"신수동","risk_score":33.944874917408285,"risk_level":"낮음","data_confidence":"높음","market_risk_score":23.84453432886391,"building_risk_score":64.15261728035975,"district_context_score":24.0,"jeonse_ratio_pct":47.64012268142907,"high80_share_pct":0.0,"sale_decline_pct":0.0,"sale_count":777.0,"jeonse_count":2539.0,"matched_group_count":13.0,"nonapt_building_share_pct":43.872549019607845,"old20_share_pct":68.87254901960785,"official_total":164,"official_dong_evidence_count":0,"major_reasons":"비아파트 건물 비중 43.9% | 20년 이상 주거건물 비중 68.9% | 최근 매매 단가 하락 신호 0.0%","score_version":"seoul-dong-v1.0","score_scope":"서울 법정동 시장·건물구조 상대위험"},"geometry":{"type":"Polygon","coordinates":[[[126.94186059945736,37.553000300279514],[126.94068628007004,37.552417399996855],[126.94012234945494,37.550918400259725],[126.94066727119903,37.549211574832775],[126.93978322027455,37.54763236320922],[126.94017472573599,37.54655062976398],[126.93855402392956,37.54400028574669],[126.93686047017427,37.54240919192772],[126.93639287235828,37.542857926352376],[126.93680802289482,37.543667254340356],[126.93578437723863,37.543723172171326],[126.93433502263925,37.544657955414735],[126.93305515397542,37.54642086631745],[126.93394648316165,37.547536428587726],[126.93290229302958,37.547563369779255],[126.93262610859138,37.54807289971359],[126.93312746056415,37.552838973065384],[126.93364805780968,37.55301407459005],[126.93630889434246,37.55141410829037],[126.9374004749249,37.5527869597575],[126.94004748012519,37.55360422322611],[126.94186059945736,37.553000300279514]]]}},{"type":"Feature","properties":{"legal_dong_code":"1144010400","sigungu_code":"11440","district":"마포구","legal_dong":"도화동","risk_score":43.458121386485516,"risk_level":"주의","data_confidence":"높음","market_risk_score":43.524892699611804,"building_risk_score":54.97274306687373,"district_context_score":24.0,"jeonse_ratio_pct":54.91069045943195,"high80_share_pct":21.2283044058745,"sale_decline_pct":0.0,"sale_count":1566.0,"jeonse_count":3679.0,"matched_group_count":27.0,"nonapt_building_share_pct":29.613095238095237,"old20_share_pct":70.98214285714286,"official_total":164,"official_dong_evidence_count":0,"major_reasons":"80% 이상 매칭 비중 21.2% | 20년 이상 주거건물 비중 71.0% | 비아파트 건물 비중 29.6%","score_version":"seoul-dong-v1.0","score_scope":"서울 법정동 시장·건물구조 상대위험"},"geometry":{"type":"Polygon","coordinates":[[[126.94457912354008,37.5397928457855],[126.94492177956737,37.54093546889161],[126.94802386047918,37.543543394976695],[126.94909785258282,37.54331970978829],[126.94958175281944,37.54389529705097],[126.95664187478074,37.540611371503786],[126.95573375145804,37.5394706366998],[126.9540954789672,37.53893245800252],[126.95337066619683,37.53750922681666],[126.95128384284664,37.5362856200409],[126.94878613134887,37.535581035807134],[126.94748187624252,37.53582479561032],[126.94737935611577,37.53521639806265],[126.94651819321894,37.535579460820685],[126.94641194537074,37.53574294155176],[126.94686729060132,37.5362819470121],[126.94637021531659,37.53878935929887],[126.94457912354008,37.5397928457855]]]}},{"type":"Feature","properties":{"legal_dong_code":"1144010700","sigungu_code":"11440","district":"마포구","legal_dong":"마포동","risk_score":43.549134177817315,"risk_level":"주의","data_confidence":"높음","market_risk_score":38.503455171803694,"building_risk_score":67.3882442989404,"district_context_score":24.0,"jeonse_ratio_pct":54.4028545113748,"high80_share_pct":6.741573033707865,"sale_decline_pct":0.0,"sale_count":271.0,"jeonse_count":508.0,"matched_group_count":12.0,"nonapt_building_share_pct":39.37007874015748,"old20_share_pct":72.44094488188976,"official_total":164,"official_dong_evidence_count":0,"major_reasons":"비아파트 건물 비중 39.4% | 20년 이상 주거건물 비중 72.4% | 80% 이상 매칭 비중 6.7%","score_version":"seoul-dong-v1.0","score_scope":"서울 법정동 시장·건물구조 상대위험"},"geometry":{"type":"Polygon","coordinates":[[[126.94686729060132,37.5362819470121],[126.94509905774511,37.534966025928235],[126.94458030619002,37.53377268158683],[126.94034366365555,37.53669978211212],[126.94162593661511,37.53795921649602],[126.9412438919219,37.53874144420996],[126.94261528300247,37.53997577519207],[126.9438736145403,37.53909234220733],[126.94457912354008,37.5397928457855],[126.94635368215278,37.53880791202643],[126.94686729060132,37.5362819470121]]]}},{"type":"Feature","properties":{"legal_dong_code":"1147010100","sigungu_code":"11470","district":"양천구","legal_dong":"신정동","risk_score":48.24018163495536,"risk_level":"주의","data_confidence":"높음","market_risk_score":28.43853586589421,"building_risk_score":78.50824046167537,"district_context_score":77.0,"jeonse_ratio_pct":46.87674602651009,"high80_share_pct":4.238329238329238,"sale_decline_pct":0.0,"sale_count":7245.0,"jeonse_count":24507.0,"matched_group_count":44.0,"nonapt_building_share_pct":44.17764555886103,"old20_share_pct":78.53803654908627,"official_total":354,"official_dong_evidence_count":0,"major_reasons":"비아파트 건물 비중 44.2% | 양천구 공식 피해·보증사고 배경지표 상위 | 20년 이상 주거건물 비중 78.5%","score_version":"seoul-dong-v1.0","score_scope":"서울 법정동 시장·건물구조 상대위험"},"geometry":{"type":"Polygon","coordinates":[[[126.82509182964934,37.51469792795263],[126.82677255691317,37.51517669238269],[126.82702828793829,37.51610581629128],[126.82985263664656,37.5176713790469],[126.83211863352777,37.516338114370804],[126.8311600143696,37.51454483627387],[126.83324330576532,37.51606155764545],[126.8337497798807,37.515172094699366],[126.83507081257335,37.515577789650706],[126.83522946415731,37.514935152892534],[126.83772496609583,37.5135689460781],[126.83986579783846,37.514190518750326],[126.84148180637959,37.51294802061281],[126.8425633840056,37.51313286964768],[126.84351482865912,37.51408823751672],[126.84481060924371,37.51392868539584],[126.84696762589323,37.51501776756949],[126.84693890236899,37.51578231476499],[126.84860537965564,37.515952429341304],[126.8486523820273,37.52069181433782],[126.84676065134866,37.522074720227906],[126.84787397608778,37.52252631048996],[126.8503001333966,37.52234960298564],[126.85250537919418,37.52107839929542],[126.84887016241257,37.52789806702294],[126.86396929464233,37.5297920344428],[126.86428139113205,37.52610796373157],[126.86556805359912,37.522647200849605],[126.86836224653325,37.52401385885013],[126.87005034767006,37.523210531084636],[126.8776829818493,37.522210837135894],[126.87887103582273,37.5225287763828],[126.87917889890392,37.521870648666],[126.87934941480957,37.52038805776795],[126.87814043803084,37.51878149805557],[126.87954593905913,37.51765554220243],[126.87858054754592,37.517626700641706],[126.87895711531729,37.51693062241072],[126.87730656763732,37.515966454768986],[126.8779420053748,37.51337738865067],[126.8766512847674,37.51367056696226],[126.87610436199631,37.51240976423673],[126.87509984254632,37.51241752325559],[126.87399668923467,37.511297390199424],[126.8740349087321,37.51077133962435],[126.8746720575401,37.51068733183132],[126.87519885178172,37.511789544653425],[126.87684543599605,37.51084885165866],[126.87552161004334,37.511077561593225],[126.87543599402098,37.509460812080114],[126.87385012141146,37.50916214031148],[126.87504081978263,37.507713446884345],[126.87421213813265,37.50717826554297],[126.87470606707959,37.506629368762084],[126.87359052412553,37.50354396194987],[126.8718675454759,37.50412800232975],[126.87027489827598,37.505833904001065],[126.8691530824412,37.504867981633645],[126.86546475548168,37.5055826701873],[126.86482872807785,37.5055039997232],[126.86464825633581,37.504867506507026],[126.86352464927279,37.505051174123444],[126.86263701327321,37.50679140099378],[126.86409730686312,37.508355167017704],[126.86031611507588,37.50660944140047],[126.85834435135249,37.50986831590466],[126.85559289883818,37.50910468827063],[126.85290706184911,37.5106430349507],[126.8501132461872,37.51009177155133],[126.84873156066386,37.50881994802912],[126.84726985257078,37.50952442970088],[126.84483511181787,37.507401180617066],[126.84468021597185,37.505754943969265],[126.84245036047277,37.50544913746375],[126.84076219236644,37.50601637245704],[126.83957995642874,37.50445756470522],[126.83840173152733,37.504352689488286],[126.83750200222289,37.50324150535384],[126.8353042942851,37.502816496720385],[126.83206135581733,37.50461883930349],[126.83061518626475,37.50631324297313],[126.83101357940362,37.507976968229734],[126.82815510768744,37.50877468566746],[126.82704894983434,37.50853640147107],[126.82708585683719,37.50929869880478],[126.82646136223264,37.5095160863986],[126.8270401745154,37.511485528899925],[126.8280096493902,37.512267759821924],[126.82650281155685,37.512646838320244],[126.82509182964934,37.51469792795263]]]}},{"type":"Feature","properties":{"legal_dong_code":"1147010300","sigungu_code":"11470","district":"양천구","legal_dong":"신월동","risk_score":62.858380730059636,"risk_level":"높음","data_confidence":"높음","market_risk_score":51.22420103597875,"building_risk_score":82.29544043388954,"district_context_score":77.0,"jeonse_ratio_pct":63.09632140221004,"high80_share_pct":14.298401420959147,"sale_decline_pct":0.0,"sale_count":8033.0,"jeonse_count":14218.0,"matched_group_count":33.0,"nonapt_building_share_pct":54.45420326223338,"old20_share_pct":83.46925972396487,"official_total":354,"official_dong_evidence_count":0,"major_reasons":"비아파트 건물 비중 54.5% | 20년 이상 주거건물 비중 83.5% | 양천구 공식 피해·보증사고 배경지표 상위","score_version":"seoul-dong-v1.0","score_scope":"서울 법정동 시장·건물구조 상대위험"},"geometry":{"type":"Polygon","coordinates":[[[126.82160264207083,37.53975620142184],[126.8221461678346,37.540670363172204],[126.8253797113234,37.541608026486685],[126.82612386401497,37.543269120032406],[126.82571000692735,37.544255630253396],[126.82756435810657,37.5476815098014],[126.8297487491967,37.54770777273191],[126.83047376021169,37.54578007475869],[126.82963404185396,37.54409346220682],[126.83026708813814,37.5425351268672],[126.82998485067834,37.54165615172698],[126.8331024287556,37.54184940554254],[126.83516029242182,37.537532427879384],[126.83510394505933,37.53671821210305],[126.8344049571488,37.536457649276954],[126.8404756221328,37.52648497341189],[126.84887016241257,37.52789806702294],[126.85250537919418,37.52107839929542],[126.8503001333966,37.52234960298564],[126.84787397608778,37.52252631048996],[126.84676065134866,37.522074720227906],[126.8486523820273,37.52069181433782],[126.84860537965564,37.515952429341304],[126.84693890236899,37.51578231476499],[126.84696762589323,37.51501776756949],[126.84481060924371,37.51392868539584],[126.84351482865912,37.51408823751672],[126.8425633840056,37.51313286964768],[126.84148180637959,37.51294802061281],[126.83986579783846,37.514190518750326],[126.83772496609583,37.5135689460781],[126.83522946415731,37.514935152892534],[126.83507081257335,37.515577789650706],[126.8337497798807,37.515172094699366],[126.83324330576532,37.51606155764545],[126.8311600143696,37.51454483627387],[126.83222180624581,37.51593155304649],[126.83192797595761,37.516665352534176],[126.8301670676921,37.51763471459638],[126.82912165129578,37.51758814371137],[126.82702828793829,37.51610581629128],[126.82677255691317,37.51517669238269],[126.82510425349285,37.51480183126964],[126.82590982662741,37.51316150797473],[126.8280096493902,37.512267759821924],[126.8270401745154,37.511485528899925],[126.82646136223264,37.5095160863986],[126.82708585683719,37.50929869880478],[126.82704894983434,37.50853640147107],[126.82473782590083,37.5082812992763],[126.82390405052975,37.50909527903768],[126.82425540060746,37.514467435492385],[126.82340105412061,37.5149534086107],[126.82310434570645,37.51622014748958],[126.82568016808284,37.5202499790799],[126.82513713572035,37.52300541005044],[126.82578147305941,37.52420219671712],[126.8288578857213,37.52652958587933],[126.82800337813329,37.52798116755725],[126.82830066333767,37.5290770945943],[126.82530413775922,37.52995632888522],[126.82343044996918,37.532616537821426],[126.82355251639807,37.53376323475131],[126.82270263264105,37.53375474310184],[126.82186773729978,37.5349030521314],[126.82243382128154,37.53654308675281],[126.82160264207083,37.53975620142184]]]}},{"type":"Feature","properties":{"legal_dong_code":"1147010200","sigungu_code":"11470","district":"양천구","legal_dong":"목동","risk_score":58.00458955434353,"risk_level":"높음","data_confidence":"높음","market_risk_score":44.65825030184455,"building_risk_score":78.63855749294723,"district_context_score":77.0,"jeonse_ratio_pct":60.16450592671883,"high80_share_pct":9.43952802359882,"sale_decline_pct":0.0,"sale_count":8910.0,"jeonse_count":25288.0,"matched_group_count":41.0,"nonapt_building_share_pct":51.69071235347159,"old20_share_pct":74.43642921550946,"official_total":354,"official_dong_evidence_count":0,"major_reasons":"비아파트 건물 비중 51.7% | 양천구 공식 피해·보증사고 배경지표 상위 | 20년 이상 주거건물 비중 74.4%","score_version":"seoul-dong-v1.0","score_scope":"서울 법정동 시장·건물구조 상대위험"},"geometry":{"type":"Polygon","coordinates":[[[126.86211845064197,37.54449063537189],[126.86446652029328,37.55124225457516],[126.87065212824055,37.547707928512565],[126.87264405831274,37.547072037451755],[126.87795855978241,37.547098530610675],[126.8802556891068,37.54773556980678],[126.87994905957878,37.548131510306746],[126.88081448879322,37.548078969319235],[126.88409183171626,37.54463679365709],[126.88424513966562,37.543564946361634],[126.88508795360285,37.54332098090395],[126.88658313031243,37.53929311963548],[126.88994375977238,37.53487355002782],[126.89004925097544,37.533703980505216],[126.88857225796927,37.532399741099475],[126.89072944010799,37.53168077340103],[126.88977418627363,37.53007884399357],[126.88718279040742,37.53019277219006],[126.88417694008471,37.52866813582872],[126.88322447674582,37.52723893014213],[126.88080151079328,37.52763111395804],[126.8809399270492,37.52590819423919],[126.87940732481034,37.52573732289208],[126.87870128498602,37.52512310384043],[126.87911779117434,37.52250740847078],[126.8776829818493,37.522210837135894],[126.87005034767006,37.523210531084636],[126.86836224653325,37.52401385885013],[126.86556805359912,37.522647200849605],[126.86428139113205,37.52610796373157],[126.86344171042683,37.53601376650404],[126.86377736568116,37.54071067013646],[126.86211845064197,37.54449063537189]]]}},{"type":"Feature","properties":{"legal_dong_code":"1150010200","sigungu_code":"11500","district":"강서구","legal_dong":"등촌동","risk_score":70.87715177891828,"risk_level":"매우 높음","data_confidence":"높음","market_risk_score":65.96209692240029,"building_risk_score":68.7995745019124,"district_context_score":94.0,"jeonse_ratio_pct":72.78122661642112,"high80_share_pct":32.528409090909086,"sale_decline_pct":0.0,"sale_count":5127.0,"jeonse_count":14574.0,"matched_group_count":31.0,"nonapt_building_share_pct":53.85105028644176,"old20_share_pct":71.99236155315086,"official_total":1627,"official_dong_evidence_count":0,"major_reasons":"강서구 공식 피해·보증사고 배경지표 상위 | 비아파트 건물 비중 53.9% | 80% 이상 매칭 비중 32.5%","score_version":"seoul-dong-v1.0","score_scope":"서울 법정동 시장·건물구조 상대위험"},"geometry":{"type":"Polygon","coordinates":[[[126.84100991175599,37.56842006930579],[126.86730501845503,37.55417644429668],[126.86502850020442,37.550989114563116],[126.86420492517544,37.55115005868386],[126.86211951784354,37.54448873554024],[126.86377729767523,37.54071073312655],[126.8634737270939,37.535634702311306],[126.86177027861578,37.535543293448264],[126.86178514617734,37.53636766511793],[126.86093682390786,37.5371726320796],[126.86042672088722,37.54143714857954],[126.8558961480658,37.54281041815972],[126.85441508845743,37.54392043284998],[126.85500394461714,37.54469628757656],[126.85501944991164,37.54649904554023],[126.85610587998677,37.5471846007226],[126.8580857647199,37.55146912317524],[126.85744881125689,37.55152626341743],[126.8573093709788,37.5521647599803],[126.85761139279236,37.553883090801435],[126.84748807558272,37.55758546785183],[126.83824355139521,37.558558061718216],[126.84100991175599,37.56842006930579]]]}},{"type":"Feature","properties":{"legal_dong_code":"1150010400","sigungu_code":"11500","district":"강서구","legal_dong":"가양동","risk_score":43.85743536990224,"risk_level":"주의","data_confidence":"높음","market_risk_score":29.314238652772826,"building_risk_score":48.67556871295419,"district_context_score":94.0,"jeonse_ratio_pct":47.15438003812906,"high80_share_pct":5.904059040590406,"sale_decline_pct":0.0,"sale_count":2338.0,"jeonse_count":8417.0,"matched_group_count":18.0,"nonapt_building_share_pct":22.459893048128343,"old20_share_pct":76.47058823529412,"official_total":1627,"official_dong_evidence_count":0,"major_reasons":"강서구 공식 피해·보증사고 배경지표 상위 | 20년 이상 주거건물 비중 76.5% | 80% 이상 매칭 비중 5.9%","score_version":"seoul-dong-v1.0","score_scope":"서울 법정동 시장·건물구조 상대위험"},"geometry":{"type":"Polygon","coordinates":[[[126.86332887061963,37.556693069956346],[126.83752739257189,37.5706296664774],[126.83892145289597,37.57153394194826],[126.83885974540405,37.57370629784855],[126.83973731796634,37.574485397308514],[126.83987707544952,37.57669589701842],[126.84241076711756,37.57926294093255],[126.86304145336508,37.564998164089864],[126.86165537125399,37.56342824328564],[126.86761795832416,37.56003307690955],[126.86550597457351,37.55904397199583],[126.86332887061963,37.556693069956346]]]}},{"type":"Feature","properties":{"legal_dong_code":"1150010800","sigungu_code":"11500","district":"강서구","legal_dong":"공항동","risk_score":74.49095004088635,"risk_level":"매우 높음","data_confidence":"높음","market_risk_score":66.92282096557793,"building_risk_score":80.94902984615837,"district_context_score":94.0,"jeonse_ratio_pct":71.23466181661429,"high80_share_pct":10.594315245478036,"sale_decline_pct":0.5939186531333722,"sale_count":1482.0,"jeonse_count":3451.0,"matched_group_count":15.0,"nonapt_building_share_pct":54.85232067510548,"old20_share_pct":78.1796262808921,"official_total":1627,"official_dong_evidence_count":0,"major_reasons":"강서구 공식 피해·보증사고 배경지표 상위 | 비아파트 건물 비중 54.9% | 20년 이상 주거건물 비중 78.2%","score_version":"seoul-dong-v1.0","score_scope":"서울 법정동 시장·건물구조 상대위험"},"geometry":{"type":"Polygon","coordinates":[[[126.79732853695808,37.56028623626835],[126.80540762720447,37.56102297415191],[126.80751829205269,37.56162843799781],[126.81130863957324,37.56442102658212],[126.8124884107887,37.5640666347652],[126.81313482916572,37.56447789655566],[126.81676203460107,37.564517622392565],[126.81658843870828,37.55633964830953],[126.8199357134222,37.55675221630808],[126.82017488414904,37.55531853384895],[126.81366301883317,37.550417396098666],[126.81390007662417,37.54740565550165],[126.815361166081,37.54559444548298],[126.81527215254134,37.54477270988591],[126.81436280843407,37.54358168523737],[126.81334556034325,37.54333933298484],[126.81233393171236,37.540736672891335],[126.80389044195027,37.545567075460546],[126.80235064621165,37.54754779307596],[126.80153624852721,37.55211612795442],[126.79745963121955,37.558452393509675],[126.79732853695808,37.56028623626835]]]}},{"type":"Feature","properties":{"legal_dong_code":"1150010900","sigungu_code":"11500","district":"강서구","legal_dong":"방화동","risk_score":62.570743081837804,"risk_level":"높음","data_confidence":"높음","market_risk_score":52.12589176930399,"building_risk_score":68.78083208102164,"district_context_score":94.0,"jeonse_ratio_pct":59.23454810505005,"high80_share_pct":12.82051282051282,"sale_decline_pct":3.333749614252211,"sale_count":4376.0,"jeonse_count":9824.0,"matched_group_count":33.0,"nonapt_building_share_pct":43.690736688548505,"old20_share_pct":84.71918307804522,"official_total":1627,"official_dong_evidence_count":0,"major_reasons":"강서구 공식 피해·보증사고 배경지표 상위 | 20년 이상 주거건물 비중 84.7% | 최근 매매 단가 하락 신호 3.3%","score_version":"seoul-dong-v1.0","score_scope":"서울 법정동 시장·건물구조 상대위험"},"geometry":{"type":"Polygon","coordinates":[[[126.81676203460107,37.564517622392565],[126.81313482916572,37.56447789655566],[126.8124884107887,37.5640666347652],[126.81130863957324,37.56442102658212],[126.80751829205269,37.56162843799781],[126.80540762720447,37.56102297415191],[126.80191975498036,37.56100811969395],[126.80167891146873,37.56193009861088],[126.79915211830834,37.56297769803066],[126.79753343496039,37.565306217438064],[126.79854778626986,37.56775020797874],[126.80120827926478,37.57039689510053],[126.80060035204329,37.57186024421164],[126.8019063432319,37.572996017240285],[126.80257765708029,37.57476223588321],[126.80384604047296,37.57402753115821],[126.80445841000883,37.57488645562437],[126.8051766862011,37.57718883278131],[126.80597011493764,37.5778915037721],[126.80625853577325,37.579545577417],[126.80562627453124,37.57956789251092],[126.80633220635242,37.582019740810814],[126.80773227860388,37.582379350918345],[126.80806443770496,37.58315248104092],[126.80935493980863,37.5836208573302],[126.8119919846787,37.58305440083271],[126.8129294848887,37.58384539002023],[126.81414659553626,37.58262508838176],[126.81544476924671,37.58599540929311],[126.81533837930401,37.5869449329371],[126.8145345659286,37.58727872039212],[126.81868268408785,37.59371570937419],[126.81930225101368,37.59284975041304],[126.82634925494798,37.58842926358019],[126.82161514380876,37.58468758181544],[126.81887793567915,37.584991272042465],[126.81944826567151,37.58470793750908],[126.81880643908012,37.58451415318072],[126.81864781688162,37.58313737422383],[126.81961787573005,37.582274125744135],[126.820133095604,37.579413624037905],[126.81920605851415,37.578037139106584],[126.82058832608921,37.57497952692432],[126.82067187909637,37.57343049937057],[126.81690860392419,37.57326224495119],[126.81676203460107,37.564517622392565]]]}},{"type":"Feature","properties":{"legal_dong_code":"1150011100","sigungu_code":"11500","district":"강서구","legal_dong":"과해동","risk_score":57.38124870457342,"risk_level":"높음","data_confidence":"낮음","market_risk_score":null,"building_risk_score":35.409997927317484,"district_context_score":94.0,"jeonse_ratio_pct":null,"high80_share_pct":null,"sale_decline_pct":null,"sale_count":null,"jeonse_count":null,"matched_group_count":null,"nonapt_building_share_pct":0.0,"old20_share_pct":100.0,"official_total":1627,"official_dong_evidence_count":0,"major_reasons":"20년 이상 주거건물 비중 100.0% | 강서구 공식 피해·보증사고 배경지표 상위 | 비아파트 건물 비중 0.0%","score_version":"seoul-dong-v1.0","score_scope":"서울 법정동 시장·건물구조 상대위험"},"geometry":{"type":"Polygon","coordinates":[[[126.78755865912565,37.575563464171125],[126.799138348592,37.56852409721637],[126.79759202750344,37.56457286097664],[126.79915211830834,37.56297769803066],[126.80167891146873,37.56193009861088],[126.80191975498036,37.56100811969395],[126.7912925122868,37.559915816179135],[126.78491808297814,37.55758425069493],[126.78406377944616,37.55685934911318],[126.78084732230101,37.55734188862203],[126.77933051559107,37.558081521418146],[126.7802303893237,37.557741394451675],[126.7809145372908,37.558954224180376],[126.7776149900636,37.55986336299548],[126.77750924879517,37.562282313941715],[126.77661787756163,37.562478827648675],[126.77710136324109,37.56371945192893],[126.775342622521,37.565343503689434],[126.77476191261151,37.56770832670838],[126.77553030201744,37.56826108653384],[126.77540138494736,37.5673184709361],[126.77633323709328,37.56709190587127],[126.77672227380506,37.56605116069599],[126.77780817840254,37.566993907380244],[126.7790030849739,37.567154684995415],[126.77917031017604,37.568316714050745],[126.78023953904011,37.56744504521868],[126.78047403764876,37.568287059958905],[126.78189799811689,37.569236032373325],[126.78052067074036,37.57046387609837],[126.78148701988374,37.57018159106185],[126.7826299154253,37.57054748867762],[126.78137463267544,37.57134956409399],[126.78240801262012,37.573606203550426],[126.78755865912565,37.575563464171125]]]}},{"type":"Feature","properties":{"legal_dong_code":"1150011300","sigungu_code":"11500","district":"강서구","legal_dong":"오쇠동","risk_score":45.527880250724216,"risk_level":"주의","data_confidence":"낮음","market_risk_score":null,"building_risk_score":16.444608401158757,"district_context_score":94.0,"jeonse_ratio_pct":null,"high80_share_pct":null,"sale_decline_pct":null,"sale_count":null,"jeonse_count":null,"matched_group_count":null,"nonapt_building_share_pct":0.0,"old20_share_pct":16.666666666666664,"official_total":1627,"official_dong_evidence_count":0,"major_reasons":"강서구 공식 피해·보증사고 배경지표 상위 | 20년 이상 주거건물 비중 16.7% | 비아파트 건물 비중 0.0%","score_version":"seoul-dong-v1.0","score_scope":"서울 법정동 시장·건물구조 상대위험"},"geometry":{"type":"Polygon","coordinates":[[[126.80180675856565,37.55126543015033],[126.80160585466776,37.54982068687939],[126.8024339831091,37.5473967384706],[126.80389044195027,37.545567075460546],[126.8073245860977,37.54359059352405],[126.80163644694858,37.542601275544165],[126.79965283259311,37.54138832134319],[126.8005457953916,37.54146924867365],[126.8003328046501,37.54085677079571],[126.80081434407346,37.540812261295805],[126.79886126330138,37.540292540913725],[126.79946204217727,37.53772574526458],[126.79825391971424,37.53770509366661],[126.79834955684404,37.53725223070927],[126.79442489249075,37.535828883934734],[126.79393566811237,37.53942353929436],[126.7932621813074,37.539702787044384],[126.79437611760308,37.54023407836889],[126.79494420098898,37.541372015835],[126.79180984713922,37.54190286038203],[126.7918189981707,37.5437462492453],[126.78839705834318,37.545018123899716],[126.7893009031578,37.54551444926936],[126.7921770845337,37.54486411257367],[126.79337021047066,37.54523618621431],[126.79968696863277,37.54931794111003],[126.80180675856565,37.55126543015033]]]}},{"type":"Feature","properties":{"legal_dong_code":"1150011200","sigungu_code":"11500","district":"강서구","legal_dong":"오곡동","risk_score":44.84506116035849,"risk_level":"주의","data_confidence":"낮음","market_risk_score":null,"building_risk_score":15.352097856573582,"district_context_score":94.0,"jeonse_ratio_pct":null,"high80_share_pct":null,"sale_decline_pct":null,"sale_count":null,"jeonse_count":null,"matched_group_count":null,"nonapt_building_share_pct":0.0,"old20_share_pct":18.181818181818183,"official_total":1627,"official_dong_evidence_count":0,"major_reasons":"강서구 공식 피해·보증사고 배경지표 상위 | 20년 이상 주거건물 비중 18.2% | 비아파트 건물 비중 0.0%","score_version":"seoul-dong-v1.0","score_scope":"서울 법정동 시장·건물구조 상대위험"},"geometry":{"type":"Polygon","coordinates":[[[126.79736112544052,37.56046311150358],[126.79745963121955,37.558452393509675],[126.8005502467649,37.554168141505194],[126.80180675856565,37.55126543015033],[126.79462637743579,37.54589471094293],[126.7921770845337,37.54486411257367],[126.7893009031578,37.54551444926936],[126.78839705834318,37.545018123899716],[126.78726051884338,37.54607641547928],[126.78183602745035,37.54606870140054],[126.77756273849842,37.54671191893805],[126.77674333174353,37.54820431999071],[126.77529308082923,37.54897161723227],[126.77155154088007,37.548317921236226],[126.76992192919256,37.55017499987298],[126.77026744393456,37.551086522841594],[126.7674647759126,37.55195073450263],[126.76755206952951,37.55417466446702],[126.7663650737273,37.55376348308385],[126.76633631211942,37.55487079457918],[126.76449458334434,37.55527508850535],[126.7667243364578,37.55631567965279],[126.7662840799426,37.5569170598382],[126.77243075314641,37.55701276590402],[126.77318390978382,37.55752750860499],[126.77177113549907,37.55863185704887],[126.77319198830764,37.559286423727265],[126.77359070926967,37.56005725022119],[126.7742887400657,37.55975592683165],[126.77467906222722,37.56131932314083],[126.77575824571673,37.56194138797469],[126.7776149900636,37.55986336299548],[126.7809145372908,37.558954224180376],[126.7802303893237,37.557741394451675],[126.77933051559107,37.558081521418146],[126.78084732230101,37.55734188862203],[126.78406377944616,37.55685934911318],[126.78491808297814,37.55758425069493],[126.7912925122868,37.559915816179135],[126.79736112544052,37.56046311150358]]]}},{"type":"Feature","properties":{"legal_dong_code":"1150011000","sigungu_code":"11500","district":"강서구","legal_dong":"개화동","risk_score":65.63101362939032,"risk_level":"높음","data_confidence":"낮음","market_risk_score":67.65460263449592,"building_risk_score":43.753008194771105,"district_context_score":94.0,"jeonse_ratio_pct":null,"high80_share_pct":null,"sale_decline_pct":null,"sale_count":44.0,"jeonse_count":88.0,"matched_group_count":null,"nonapt_building_share_pct":10.38961038961039,"old20_share_pct":84.67532467532467,"official_total":1627,"official_dong_evidence_count":0,"major_reasons":"강서구 공식 피해·보증사고 배경지표 상위 | 20년 이상 주거건물 비중 84.7% | 비아파트 건물 비중 10.4%","score_version":"seoul-dong-v1.0","score_scope":"서울 법정동 시장·건물구조 상대위험"},"geometry":{"type":"Polygon","coordinates":[[[126.80258112677926,37.605032745961466],[126.8175257084721,37.595330329120415],[126.81868268408785,37.59371570937419],[126.8145345659286,37.58727872039212],[126.81533837930401,37.5869449329371],[126.81544476924671,37.58599540929311],[126.81414659553626,37.58262508838176],[126.8129294848887,37.58384539002023],[126.8119919846787,37.58305440083271],[126.80935493980863,37.5836208573302],[126.80806443770496,37.58315248104092],[126.80773227860388,37.582379350918345],[126.80633220635242,37.582019740810814],[126.80562627453124,37.57956789251092],[126.80625853577325,37.579545577417],[126.80597011493764,37.5778915037721],[126.8051766862011,37.57718883278131],[126.80445841000883,37.57488645562437],[126.80384604047296,37.57402753115821],[126.80257765708029,37.57476223588321],[126.8019063432319,37.572996017240285],[126.80060035204329,37.57186024421164],[126.80120827926478,37.57039689510053],[126.7989293687652,37.56810787937028],[126.799138348592,37.56852409721637],[126.78755865912565,37.575563464171125],[126.78804546844502,37.57616885258541],[126.78920181366978,37.57558107168965],[126.78846995448464,37.57679834497027],[126.78934254797723,37.57772341730352],[126.79001611644294,37.57734959086983],[126.790594537541,37.57778366623624],[126.79072753893095,37.580612428912865],[126.79134865652823,37.58141372785434],[126.79237369169337,37.57972760740188],[126.79273676916064,37.57683890791977],[126.79321898100922,37.57689381884284],[126.79284617363321,37.58016824125518],[126.79330993257773,37.58024704934046],[126.793911962366,37.58296147886961],[126.79344078841146,37.58451964044922],[126.79422428681198,37.584071643995266],[126.79469760894811,37.58262217767835],[126.79493282204879,37.58520306259651],[126.79554008325819,37.58515456963103],[126.79572153106946,37.58312063480847],[126.79709711257505,37.58427318544663],[126.79629402959631,37.58490332790529],[126.79722728269432,37.58538555863324],[126.79876788201332,37.58807286748492],[126.80049774126744,37.58779398925882],[126.80094007169107,37.588166118178485],[126.80122703334452,37.589348858140056],[126.79880099457499,37.591322663569485],[126.79899243715936,37.592426128899625],[126.80004954354864,37.59202840595619],[126.80050123787501,37.59241322008289],[126.79760789566838,37.59488230215786],[126.7970822147157,37.597738921667585],[126.79753591560564,37.59778559363745],[126.79805268614646,37.60020815405512],[126.79853481885574,37.60008651372549],[126.79992860361004,37.60144403310336],[126.79994068398922,37.602544656801065],[126.80258112677926,37.605032745961466]]]}},{"type":"Feature","properties":{"legal_dong_code":"1150010700","sigungu_code":"11500","district":"강서구","legal_dong":"외발산동","risk_score":61.14752467678599,"risk_level":"높음","data_confidence":"보통","market_risk_score":52.46697092636422,"building_risk_score":62.26936848386984,"district_context_score":94.0,"jeonse_ratio_pct":71.03361399959894,"high80_share_pct":0.0,"sale_decline_pct":0.0,"sale_count":90.0,"jeonse_count":142.0,"matched_group_count":4.0,"nonapt_building_share_pct":63.793103448275865,"old20_share_pct":79.3103448275862,"official_total":1627,"official_dong_evidence_count":0,"major_reasons":"비아파트 건물 비중 63.8% | 강서구 공식 피해·보증사고 배경지표 상위 | 20년 이상 주거건물 비중 79.3%","score_version":"seoul-dong-v1.0","score_scope":"서울 법정동 시장·건물구조 상대위험"},"geometry":{"type":"MultiPolygon","coordinates":[[[[126.82383497894944,37.55575390598721],[126.82514348154852,37.55465932794087],[126.82104474410428,37.551523007366114],[126.82293311844518,37.54968677797818],[126.82005449150881,37.548886274736496],[126.82115171503311,37.54716675817164],[126.82382662105023,37.547108915427074],[126.82417232697733,37.547609169389695],[126.82497889267476,37.54731503331537],[126.82572473925333,37.54778825588607],[126.82747407000224,37.54744671383562],[126.82574038160199,37.54430222065436],[126.82608191352949,37.5429667301932],[126.82538710032465,37.54168008977386],[126.82206657244836,37.540672747006774],[126.81233393171236,37.540736672891335],[126.81334556034325,37.54333933298484],[126.81436280843407,37.54358168523737],[126.81527215254134,37.54477270988591],[126.815361166081,37.54559444548298],[126.81390007662417,37.54740565550165],[126.81366301883317,37.550417396098666],[126.8225930729429,37.55685412932205],[126.82383497894944,37.55575390598721]]],[[[126.82395376300543,37.55565460647216],[126.82458384110237,37.55561590876384],[126.82490415755942,37.555594944761864],[126.82458387516054,37.55561586376544],[126.82395376300543,37.55565460647216]]]]}},{"type":"Feature","properties":{"legal_dong_code":"1150010600","sigungu_code":"11500","district":"강서구","legal_dong":"내발산동","risk_score":65.38590680841367,"risk_level":"높음","data_confidence":"높음","market_risk_score":57.70278373225347,"building_risk_score":66.65694627624632,"district_context_score":94.0,"jeonse_ratio_pct":69.77933902634078,"high80_share_pct":20.281690140845072,"sale_decline_pct":0.0,"sale_count":2264.0,"jeonse_count":6502.0,"matched_group_count":19.0,"nonapt_building_share_pct":44.71615720524017,"old20_share_pct":65.24017467248908,"official_total":1627,"official_dong_evidence_count":0,"major_reasons":"강서구 공식 피해·보증사고 배경지표 상위 | 비아파트 건물 비중 44.7% | 최근 36개월 추정 전세가율 69.8%","score_version":"seoul-dong-v1.0","score_scope":"서울 법정동 시장·건물구조 상대위험"},"geometry":{"type":"Polygon","coordinates":[[[126.84540277195045,37.55784526837727],[126.8456611858972,37.55399810631808],[126.84317225560378,37.552693982144696],[126.84185964163548,37.55058203332205],[126.84061018565232,37.55049858153758],[126.83936273556517,37.5511464348313],[126.83925367419708,37.55079827765067],[126.83633151025994,37.55081309278678],[126.83632682823371,37.54796567804902],[126.8333057723626,37.54796929697551],[126.83293457732711,37.547398368653006],[126.8310903257243,37.547488595488915],[126.83074440439582,37.54791099357995],[126.82747407000224,37.54744671383562],[126.82572473925333,37.54778825588607],[126.82221885544267,37.5469830946131],[126.82217556826299,37.54732472945882],[126.82115171503311,37.54716675817164],[126.82005449150881,37.548886274736496],[126.82293311844518,37.54968677797818],[126.82104474410428,37.551523007366114],[126.82514348154852,37.55465932794087],[126.82395376300543,37.55565460647216],[126.83177705705157,37.55523053751856],[126.83225943456407,37.554502897265266],[126.83283350274348,37.55508139703242],[126.83624149914513,37.55481030641982],[126.83746210868473,37.55863581507999],[126.84540277195045,37.55784526837727]]]}},{"type":"Feature","properties":{"legal_dong_code":"1150010100","sigungu_code":"11500","district":"강서구","legal_dong":"염창동","risk_score":61.73622014504419,"risk_level":"높음","data_confidence":"높음","market_risk_score":56.67317567497887,"building_risk_score":54.52925896022748,"district_context_score":94.0,"jeonse_ratio_pct":69.15184050453887,"high80_share_pct":18.29268292682927,"sale_decline_pct":0.0,"sale_count":2535.0,"jeonse_count":7261.0,"matched_group_count":25.0,"nonapt_building_share_pct":31.26177024482109,"old20_share_pct":64.7834274952919,"official_total":1627,"official_dong_evidence_count":0,"major_reasons":"강서구 공식 피해·보증사고 배경지표 상위 | 최근 36개월 추정 전세가율 69.2% | 80% 이상 매칭 비중 18.3%","score_version":"seoul-dong-v1.0","score_scope":"서울 법정동 시장·건물구조 상대위험"},"geometry":{"type":"Polygon","coordinates":[[[126.86304145518285,37.564997182015034],[126.88046370572859,37.55626942193037],[126.8792370148506,37.55474689097207],[126.87921716902763,37.553151280371026],[126.87792833332469,37.55333660556801],[126.87804773171634,37.55170087480846],[126.88079166060527,37.548088199158954],[126.87994907083637,37.54813154635797],[126.88025560967553,37.54773570487386],[126.87795860525443,37.54709840451949],[126.87243019207628,37.54711473607631],[126.86502850020442,37.550989114563116],[126.86730501845503,37.55417644429668],[126.86331682883795,37.556944359801264],[126.86550597634218,37.559042998929755],[126.86764972934914,37.56016503572163],[126.861655373073,37.56342727022047],[126.86304145518285,37.564997182015034]]]}},{"type":"Feature","properties":{"legal_dong_code":"1150010300","sigungu_code":"11500","district":"강서구","legal_dong":"화곡동","risk_score":79.30339872628919,"risk_level":"매우 높음","data_confidence":"높음","market_risk_score":78.19351650593127,"building_risk_score":73.14915529092171,"district_context_score":94.0,"jeonse_ratio_pct":75.24741340404539,"high80_share_pct":32.57205002718869,"sale_decline_pct":7.75729488447061,"sale_count":18957.0,"jeonse_count":39498.0,"matched_group_count":39.0,"nonapt_building_share_pct":63.06143520908621,"old20_share_pct":75.46893822061608,"official_total":1627,"official_dong_evidence_count":1,"major_reasons":"비아파트 건물 비중 63.1% | 강서구 공식 피해·보증사고 배경지표 상위 | 최근 매매 단가 하락 신호 7.8% | 공식 동 단위 확인자료 존재(정의·기준일 별도 표시)","score_version":"seoul-dong-v1.0","score_scope":"서울 법정동 시장·건물구조 상대위험"},"geometry":{"type":"Polygon","coordinates":[[[126.82975836843627,37.547732176531674],[126.83293457732711,37.547398368653006],[126.8333057723626,37.54796929697551],[126.83632682823371,37.54796567804902],[126.83633151025994,37.55081309278678],[126.83925367419708,37.55079827765067],[126.83936273556517,37.5511464348313],[126.84061018565232,37.55049858153758],[126.84185964163548,37.55058203332205],[126.84317225560378,37.552693982144696],[126.8456611858972,37.55399810631808],[126.84540277195045,37.55784526837727],[126.84777524221892,37.557510789719785],[126.85649507923105,37.55446970190124],[126.85761139279236,37.553883090801435],[126.8573093709788,37.5521647599803],[126.85744881125689,37.55152626341743],[126.8580857647199,37.55146912317524],[126.85610587998677,37.5471846007226],[126.85501944991164,37.54649904554023],[126.85500394461714,37.54469628757656],[126.85441508845743,37.54392043284998],[126.8558961480658,37.54281041815972],[126.86042672088722,37.54143714857954],[126.86093682390786,37.5371726320796],[126.86178514617734,37.53636766511793],[126.86177027861578,37.535543293448264],[126.8634737270939,37.535634702311306],[126.86397275085031,37.5297889660801],[126.84047723498581,37.52648724611513],[126.83441250832657,37.53645563272937],[126.83510862374666,37.53673085961454],[126.83516022431472,37.53753252689255],[126.83310223662116,37.5418493061595],[126.82998481669175,37.541656169697454],[126.82968254561096,37.54409601051918],[126.830455418407,37.5457746602667],[126.82975836843627,37.547732176531674]]]}},{"type":"Feature","properties":{"legal_dong_code":"1150010500","sigungu_code":"11500","district":"강서구","legal_dong":"마곡동","risk_score":62.961609872088026,"risk_level":"높음","data_confidence":"높음","market_risk_score":65.10249395003794,"building_risk_score":39.200454008261076,"district_context_score":94.0,"jeonse_ratio_pct":64.74721557044944,"high80_share_pct":33.09957924263674,"sale_decline_pct":2.356903934840199,"sale_count":5405.0,"jeonse_count":22056.0,"matched_group_count":17.0,"nonapt_building_share_pct":25.379939209726444,"old20_share_pct":31.762917933130698,"official_total":1627,"official_dong_evidence_count":0,"major_reasons":"강서구 공식 피해·보증사고 배경지표 상위 | 80% 이상 매칭 비중 33.1% | 최근 매매 단가 하락 신호 2.4%","score_version":"seoul-dong-v1.0","score_scope":"서울 법정동 시장·건물구조 상대위험"},"geometry":{"type":"Polygon","coordinates":[[[126.83973731796634,37.574485397308514],[126.83885974540405,37.57370629784855],[126.83892145289597,37.57153394194826],[126.83752739257189,37.5706296664774],[126.84105605166172,37.568313193841476],[126.83824355139521,37.558558061718216],[126.83746210868473,37.55863581507999],[126.83624149914513,37.55481030641982],[126.83283350274348,37.55508139703242],[126.83225943456407,37.554502897265266],[126.83177705705157,37.55523053751856],[126.82395376300543,37.55565460647216],[126.8225930729429,37.55685412932205],[126.82034314851957,37.55518291398499],[126.8199357134222,37.55675221630808],[126.81658843870828,37.55633964830953],[126.81690860392419,37.57326224495119],[126.82067187909637,37.57343049937057],[126.82058832608921,37.57497952692432],[126.81920605851415,37.578037139106584],[126.820133095604,37.579413624037905],[126.81961787573005,37.582274125744135],[126.81863803741842,37.58318274167539],[126.81880643908012,37.58451415318072],[126.81944826567151,37.58470793750908],[126.81894453924009,37.585075536029215],[126.82145038036262,37.58461213443294],[126.82634925494798,37.58842926358019],[126.8317593711875,37.585843180015544],[126.8424100102533,37.57926217407469],[126.83987707544952,37.57669589701842],[126.83973731796634,37.574485397308514]]]}},{"type":"Feature","properties":{"legal_dong_code":"1153011100","sigungu_code":"11530","district":"구로구","legal_dong":"천왕동","risk_score":49.00087800461579,"risk_level":"주의","data_confidence":"높음","market_risk_score":44.599877557814715,"building_risk_score":37.36380587970787,"district_context_score":86.0,"jeonse_ratio_pct":50.05915470843363,"high80_share_pct":19.047619047619047,"sale_decline_pct":11.108127574008718,"sale_count":272.0,"jeonse_count":2405.0,"matched_group_count":6.0,"nonapt_building_share_pct":10.434782608695652,"old20_share_pct":7.391304347826087,"official_total":527,"official_dong_evidence_count":0,"major_reasons":"최근 매매 단가 하락 신호 11.1% | 구로구 공식 피해·보증사고 배경지표 상위 | 80% 이상 매칭 비중 19.0%","score_version":"seoul-dong-v1.0","score_scope":"서울 법정동 시장·건물구조 상대위험"},"geometry":{"type":"Polygon","coordinates":[[[126.83087444913424,37.481442100676105],[126.83215172194782,37.48288273691433],[126.83217727933565,37.48393252891984],[126.83777544012226,37.483582875403776],[126.83715293780412,37.48514475983947],[126.83579251486066,37.48570243461978],[126.83653538418376,37.4857657873745],[126.83669058748859,37.48692046408844],[126.83832421989305,37.48703900572615],[126.84185328515397,37.48886159407332],[126.84319662668982,37.48776156930001],[126.84267482833035,37.486619761753495],[126.8455556736055,37.48591917969722],[126.8460398631345,37.484538134125685],[126.8479939634879,37.48432048478354],[126.84727465956077,37.48376300010689],[126.84743087214551,37.48239595372976],[126.84748431715921,37.48236262332074],[126.84783632612854,37.48240042814489],[126.84837301001188,37.48239445753747],[126.84848580815066,37.482368636840604],[126.84698941127394,37.48221966408896],[126.84604904430299,37.48092540447793],[126.84495490955395,37.473472498533766],[126.8442494983976,37.4745997963212],[126.84278143245189,37.47497147880287],[126.8408250808616,37.47465762867844],[126.83830053849222,37.475391998931066],[126.83463995902478,37.47436253747399],[126.83487179410264,37.47575103773146],[126.8334798049594,37.477155799854394],[126.83174793830685,37.477651307717096],[126.83265145242999,37.47946929063325],[126.83216986004479,37.48115806785124],[126.83087444913424,37.481442100676105]]]}},{"type":"Feature","properties":{"legal_dong_code":"1153010700","sigungu_code":"11530","district":"구로구","legal_dong":"개봉동","risk_score":65.55690445546603,"risk_level":"높음","data_confidence":"높음","market_risk_score":53.74189710846187,"building_risk_score":81.64706476155558,"district_context_score":86.0,"jeonse_ratio_pct":66.97618930737008,"high80_share_pct":11.553398058252426,"sale_decline_pct":0.0,"sale_count":5823.0,"jeonse_count":9213.0,"matched_group_count":23.0,"nonapt_building_share_pct":50.09861932938856,"old20_share_pct":77.73668639053254,"official_total":527,"official_dong_evidence_count":0,"major_reasons":"구로구 공식 피해·보증사고 배경지표 상위 | 비아파트 건물 비중 50.1% | 20년 이상 주거건물 비중 77.7%","score_version":"seoul-dong-v1.0","score_scope":"서울 법정동 시장·건물구조 상대위험"},"geometry":{"type":"Polygon","coordinates":[[[126.83571210908248,37.50056511670604],[126.83633162193762,37.5013824685585],[126.83638496841236,37.50314318214151],[126.83786199643532,37.503544289173895],[126.83846948794373,37.504450991705696],[126.83960669442375,37.50454031288646],[126.84072383851783,37.5060755157535],[126.84238801685727,37.5055152767798],[126.84467011660398,37.50577105840622],[126.84436211668218,37.50654361430442],[126.8453160370825,37.50782339384475],[126.84840923101335,37.502944129415425],[126.84991030610045,37.50127039000367],[126.85247062805739,37.49964410316378],[126.85302909123641,37.49951253989181],[126.85462278735848,37.50254071348519],[126.85608689072095,37.50218636054342],[126.85550625536156,37.49929335116437],[126.85669390249227,37.498648256744325],[126.85672491355298,37.49752222712222],[126.86320573068389,37.496521504374456],[126.8641379901745,37.49411359167965],[126.86740726625031,37.49555272918547],[126.8676102089568,37.494688000495664],[126.86677486070707,37.494196546948885],[126.86762704608692,37.494251215294796],[126.86776438732862,37.49358219888451],[126.86455513358634,37.49102130615193],[126.86176788411994,37.49032616478515],[126.85783398939779,37.485983042159816],[126.85516469359965,37.485170938189434],[126.85270016630353,37.481818660950815],[126.85084282604258,37.48152267101216],[126.84846887003549,37.48208661973147],[126.84698612337678,37.481894668865394],[126.84848580815066,37.482368636840604],[126.84743087214551,37.48239595372976],[126.84727465956077,37.48376300010689],[126.8479939634879,37.48432048478354],[126.8460398631345,37.484538134125685],[126.8455556736055,37.48591917969722],[126.84390367584587,37.486658690733485],[126.8460570828529,37.487195746454994],[126.84900773794074,37.4903055447689],[126.84946973956895,37.49170944658198],[126.8491874230277,37.4925332898781],[126.84800002058269,37.492964232510765],[126.8481768163529,37.49465212300507],[126.85057151170437,37.495556655913745],[126.84879712322713,37.497677037736956],[126.84673447216483,37.49766687513007],[126.84413571604378,37.49968987653727],[126.84092661775017,37.500005231991565],[126.84044903560986,37.4994829041001],[126.83730437525148,37.500167027380655],[126.83647572926185,37.50095784961507],[126.83571210908248,37.50056511670604]]]}},{"type":"Feature","properties":{"legal_dong_code":"1153010600","sigungu_code":"11530","district":"구로구","legal_dong":"고척동","risk_score":63.08871790816523,"risk_level":"높음","data_confidence":"높음","market_risk_score":59.58529126638095,"building_risk_score":57.750172593346676,"district_context_score":86.0,"jeonse_ratio_pct":66.93843677122126,"high80_share_pct":14.00304414003044,"sale_decline_pct":0.8444611879689128,"sale_count":2800.0,"jeonse_count":5090.0,"matched_group_count":21.0,"nonapt_building_share_pct":34.12083656080558,"old20_share_pct":79.82184353214562,"official_total":527,"official_dong_evidence_count":0,"major_reasons":"구로구 공식 피해·보증사고 배경지표 상위 | 20년 이상 주거건물 비중 79.8% | 최근 매매 단가 하락 신호 0.8%","score_version":"seoul-dong-v1.0","score_scope":"서울 법정동 시장·건물구조 상대위험"},"geometry":{"type":"Polygon","coordinates":[[[126.8453160370825,37.50782339384475],[126.8472523984182,37.509487105657826],[126.84865917514189,37.50893103735727],[126.85004540401049,37.510193767465644],[126.85284444775439,37.51073395678871],[126.85561101778036,37.509209316350926],[126.85831406176405,37.50997513737064],[126.86033526109888,37.50659225524086],[126.86410758534507,37.508362657247105],[126.86265418991022,37.50679916975984],[126.86353085313638,37.50506010124288],[126.86466104667717,37.50486175494213],[126.86484196020855,37.50550411414247],[126.86581732056938,37.50556592071299],[126.86901561173386,37.504843833966405],[126.8706258661047,37.505753924436966],[126.87143988065765,37.50507132700359],[126.87178794970829,37.50326493949096],[126.87011731678012,37.502176399808484],[126.86837342660127,37.49715174304937],[126.86851659890795,37.496063407887014],[126.8641379901745,37.49411359167965],[126.86320573068389,37.496521504374456],[126.85672491355298,37.49752222712222],[126.85669390249227,37.498648256744325],[126.85550625536156,37.49929335116437],[126.85608689072095,37.50218636054342],[126.85487770025712,37.50253940837614],[126.8527920407427,37.499464759118396],[126.84991030610045,37.50127039000367],[126.84840923101335,37.502944129415425],[126.8453160370825,37.50782339384475]]]}},{"type":"Feature","properties":{"legal_dong_code":"1153011000","sigungu_code":"11530","district":"구로구","legal_dong":"온수동","risk_score":45.289173227189046,"risk_level":"주의","data_confidence":"높음","market_risk_score":23.533285693989505,"building_risk_score":73.07680724318138,"district_context_score":86.0,"jeonse_ratio_pct":44.15986979030014,"high80_share_pct":0.0,"sale_decline_pct":0.0,"sale_count":642.0,"jeonse_count":1255.0,"matched_group_count":13.0,"nonapt_building_share_pct":60.94276094276094,"old20_share_pct":54.20875420875421,"official_total":527,"official_dong_evidence_count":0,"major_reasons":"비아파트 건물 비중 60.9% | 구로구 공식 피해·보증사고 배경지표 상위 | 20년 이상 주거건물 비중 54.2%","score_version":"seoul-dong-v1.0","score_scope":"서울 법정동 시장·건물구조 상대위험"},"geometry":{"type":"Polygon","coordinates":[[[126.81301207479275,37.49640072373916],[126.81428265167243,37.498267899845516],[126.81609639637982,37.49764393621139],[126.81963984704626,37.499210603192004],[126.82028470257636,37.49835528594197],[126.821645744291,37.49836237550706],[126.82197317502965,37.49713367816444],[126.82346831059765,37.496827258939284],[126.8269368619681,37.49423269476666],[126.82771209798601,37.490882392607055],[126.82612662213779,37.49042180155272],[126.823171741591,37.48813139002494],[126.82276202520725,37.48997941410486],[126.81788916016487,37.49153571507021],[126.8154880483981,37.49320159947102],[126.81457462262401,37.49319331012733],[126.81301207479275,37.49640072373916]]]}},{"type":"Feature","properties":{"legal_dong_code":"1153010800","sigungu_code":"11530","district":"구로구","legal_dong":"오류동","risk_score":75.62004918953515,"risk_level":"매우 높음","data_confidence":"높음","market_risk_score":74.22174827497119,"building_risk_score":72.74800089820977,"district_context_score":86.0,"jeonse_ratio_pct":75.45031844052765,"high80_share_pct":26.985743380855396,"sale_decline_pct":1.169633061716937,"sale_count":3310.0,"jeonse_count":5322.0,"matched_group_count":29.0,"nonapt_building_share_pct":43.73511195807527,"old20_share_pct":74.51167222486899,"official_total":527,"official_dong_evidence_count":0,"major_reasons":"구로구 공식 피해·보증사고 배경지표 상위 | 최근 36개월 추정 전세가율 75.5% | 80% 이상 매칭 비중 27.0%","score_version":"seoul-dong-v1.0","score_scope":"서울 법정동 시장·건물구조 상대위험"},"geometry":{"type":"Polygon","coordinates":[[[126.8238049754598,37.48832531119025],[126.82612662213779,37.49042180155272],[126.82771209798601,37.490882392607055],[126.82714001348307,37.4931367497886],[126.83791084914482,37.49323036236453],[126.8369670092807,37.496069260389206],[126.83499787591998,37.497287723429736],[126.83412267651137,37.4986223063026],[126.83647572926185,37.50095784961507],[126.83730437525148,37.500167027380655],[126.84044903560986,37.4994829041001],[126.84092661775017,37.500005231991565],[126.84413571604378,37.49968987653727],[126.84673447216483,37.49766687513007],[126.84879712322713,37.497677037736956],[126.85057151170437,37.495556655913745],[126.8481768163529,37.49465212300507],[126.84800002058269,37.492964232510765],[126.8491874230277,37.4925332898781],[126.84943816250633,37.49111571053118],[126.8460570828529,37.487195746454994],[126.84390367584587,37.486658690733485],[126.84380674668277,37.48613481014364],[126.84243788050938,37.48689784291858],[126.84319662668982,37.48776156930001],[126.84185328515397,37.48886159407332],[126.83832421989305,37.48703900572615],[126.83669058748859,37.48692046408844],[126.83653538418376,37.4857657873745],[126.83579251486066,37.48570243461978],[126.83715293780412,37.48514475983947],[126.83777544012226,37.483582875403776],[126.83217727933565,37.48393252891984],[126.82880872654493,37.48610546021747],[126.82766578111101,37.488423857990774],[126.8238049754598,37.48832531119025]]]}},{"type":"Feature","properties":{"legal_dong_code":"1153010200","sigungu_code":"11530","district":"구로구","legal_dong":"구로동","risk_score":69.33184188112389,"risk_level":"높음","data_confidence":"높음","market_risk_score":61.34008503063959,"building_risk_score":78.51116345096057,"district_context_score":86.0,"jeonse_ratio_pct":70.24831955055564,"high80_share_pct":26.13948380010983,"sale_decline_pct":0.0,"sale_count":8905.0,"jeonse_count":16788.0,"matched_group_count":48.0,"nonapt_building_share_pct":45.60463432295438,"old20_share_pct":79.86965966690803,"official_total":527,"official_dong_evidence_count":0,"major_reasons":"구로구 공식 피해·보증사고 배경지표 상위 | 비아파트 건물 비중 45.6% | 20년 이상 주거건물 비중 79.9%","score_version":"seoul-dong-v1.0","score_scope":"서울 법정동 시장·건물구조 상대위험"},"geometry":{"type":"Polygon","coordinates":[[[126.86740726625031,37.49555272918547],[126.86851659890795,37.496063407887014],[126.86837342660127,37.49715174304937],[126.87011731678012,37.502176399808484],[126.87164245106321,37.50297330688873],[126.87170805629735,37.50407737133019],[126.87356213543872,37.503545192602004],[126.87470504827942,37.506629908266746],[126.87431681468819,37.50677652459446],[126.8742390288813,37.50718079929025],[126.87503043631499,37.50770055151035],[126.87383490598171,37.508732348408124],[126.87377606256946,37.509015738379404],[126.87389997578694,37.509242563088144],[126.87434202422519,37.5094968776104],[126.87551411494664,37.50954784161447],[126.87518789476952,37.51050588330352],[126.87528355531921,37.51078988956927],[126.8756208318702,37.511127970013106],[126.87684726125674,37.51083948322135],[126.87657305000334,37.51113778374229],[126.87585007165609,37.51127775248353],[126.8750850843684,37.511805911176275],[126.87492305229335,37.5109059755989],[126.87469190781398,37.5106937862596],[126.87420759665207,37.51065847782809],[126.8737947770353,37.51112906414932],[126.87510209871222,37.51241436317323],[126.87610753222198,37.51244840232187],[126.87645144568343,37.5129573793004],[126.87638648672625,37.513330584201725],[126.87665078336306,37.51370675043426],[126.87727922952902,37.513741146362094],[126.87791231740087,37.51336179738639],[126.87752845918293,37.51470937524866],[126.8777896811791,37.515590931212444],[126.87732196114692,37.51600126740948],[126.87863772620223,37.516420056767636],[126.87794809074855,37.51613534350994],[126.877928997383,37.51330907953518],[126.87674066851777,37.51365408308451],[126.87651037460198,37.51345273727398],[126.8764656223007,37.51281928961327],[126.87616273854455,37.512401897432156],[126.87512569888762,37.51237727639125],[126.8738739516391,37.511175082525455],[126.8746203308721,37.510776474930466],[126.87485130609467,37.51177160307091],[126.87519035270434,37.51186621035317],[126.87663419145015,37.51116695058099],[126.87690413573793,37.51084990469109],[126.87653104994155,37.5105500192931],[126.87562539282135,37.511038749194725],[126.87526981418586,37.510554174195704],[126.87563158000874,37.50977907249657],[126.87546409984776,37.50942732499673],[126.8739159912352,37.50913617267455],[126.87506388219724,37.50778645232754],[126.87503152976028,37.50758873895589],[126.87428226486482,37.507175277703574],[126.87448004388945,37.50672688410839],[126.87562842834099,37.50687380469571],[126.87683927770667,37.50557467954914],[126.88272580638149,37.50339916011342],[126.89228257189832,37.509063943570474],[126.89397214240213,37.50500938445294],[126.8931687331406,37.504599957836845],[126.8926737439567,37.50333260995708],[126.89313375064962,37.50266881726265],[126.89275855636303,37.50084287022647],[126.89362436952445,37.4995874923049],[126.89612070928115,37.48934250176723],[126.89814237841122,37.486930508394906],[126.9031946823658,37.48499875066104],[126.89965430459893,37.48062409471683],[126.89886542247294,37.47834171580503],[126.89587255101559,37.478339077971505],[126.89622755639917,37.47895279672693],[126.89203353007078,37.480780901303184],[126.89185950291838,37.48188347526233],[126.89081129515982,37.482967303041235],[126.89141464387403,37.48378444385658],[126.88592857650892,37.48493690026069],[126.88353558348739,37.48670437018379],[126.88047079643007,37.48751424264661],[126.88089250564533,37.48571132189179],[126.87846013136046,37.48665324221348],[126.87456237265437,37.485366247240066],[126.87679008755042,37.4885708014568],[126.87604313250155,37.48904727022524],[126.8751892167148,37.48850720198898],[126.8743439760105,37.48886002780742],[126.87274813883501,37.48843059473043],[126.87283893217455,37.490014380975836],[126.87375245924977,37.490475783171014],[126.87411016874317,37.48977726400372],[126.87465101830772,37.4898989403387],[126.87483921295782,37.49074545122395],[126.87412979451672,37.49133763626673],[126.87156770912325,37.490761269831566],[126.87134203885483,37.48983353241301],[126.87022777774989,37.48959614749854],[126.8692979607224,37.491851934253475],[126.8700221743303,37.492261976378416],[126.86936857887275,37.492717332973506],[126.87001633630214,37.49365707702417],[126.86834867125195,37.49510797983113],[126.86758826923482,37.494815827369706],[126.86740726625031,37.49555272918547]]]}},{"type":"Feature","properties":{"legal_dong_code":"1153010900","sigungu_code":"11530","district":"구로구","legal_dong":"궁동","risk_score":59.32172836763433,"risk_level":"높음","data_confidence":"높음","market_risk_score":45.99303976914221,"building_risk_score":75.303618024596,"district_context_score":86.0,"jeonse_ratio_pct":59.442684073943326,"high80_share_pct":6.7092651757188495,"sale_decline_pct":0.0,"sale_count":1328.0,"jeonse_count":1734.0,"matched_group_count":11.0,"nonapt_building_share_pct":75.07122507122507,"old20_share_pct":68.51851851851852,"official_total":527,"official_dong_evidence_count":0,"major_reasons":"비아파트 건물 비중 75.1% | 구로구 공식 피해·보증사고 배경지표 상위 | 20년 이상 주거건물 비중 68.5%","score_version":"seoul-dong-v1.0","score_scope":"서울 법정동 시장·건물구조 상대위험"},"geometry":{"type":"Polygon","coordinates":[[[126.81938099897664,37.50046412270418],[126.82000007562473,37.50143445859657],[126.82156419717012,37.50215638789001],[126.82255030397536,37.50568519886202],[126.82222262347,37.50768743708755],[126.82627326723141,37.50876822392789],[126.83066127503143,37.50827297713486],[126.83107153688097,37.50790524244991],[126.83052065535044,37.506354461927515],[126.83200444210208,37.50468065614381],[126.8351913118593,37.50291968209533],[126.83638496841236,37.50314318214151],[126.83633162193762,37.5013824685585],[126.83412267651137,37.4986223063026],[126.83499787591998,37.497287723429736],[126.8369670092807,37.496069260389206],[126.83791084914482,37.49323036236453],[126.82714001348307,37.4931367497886],[126.8269368619681,37.49423269476666],[126.82516155484115,37.495703731084134],[126.82333470098092,37.49689913735265],[126.82197317502965,37.49713367816444],[126.821645744291,37.49836237550706],[126.82028470257636,37.49835528594197],[126.81938099897664,37.50046412270418]]]}},{"type":"Feature","properties":{"legal_dong_code":"1153011200","sigungu_code":"11530","district":"구로구","legal_dong":"항동","risk_score":44.62978437758223,"risk_level":"주의","data_confidence":"높음","market_risk_score":33.65240554190441,"building_risk_score":46.15336420975835,"district_context_score":86.0,"jeonse_ratio_pct":60.553118211044534,"high80_share_pct":0.0,"sale_decline_pct":0.0,"sale_count":460.0,"jeonse_count":963.0,"matched_group_count":10.0,"nonapt_building_share_pct":25.0,"old20_share_pct":16.333333333333332,"official_total":527,"official_dong_evidence_count":0,"major_reasons":"구로구 공식 피해·보증사고 배경지표 상위 | 최근 36개월 추정 전세가율 60.6% | 비아파트 건물 비중 25.0%","score_version":"seoul-dong-v1.0","score_scope":"서울 법정동 시장·건물구조 상대위험"},"geometry":{"type":"Polygon","coordinates":[[[126.8146459407752,37.474720545892424],[126.81529520927583,37.47636205982342],[126.81721015363127,37.47813552904651],[126.81825607376632,37.47816427590761],[126.81936713048049,37.47986347921494],[126.81998622570453,37.481644268297046],[126.8192896256553,37.485475059157366],[126.82239043840747,37.48672327037831],[126.82359091704424,37.48774524997206],[126.82301043523738,37.488150292671094],[126.82303854008991,37.488380333238624],[126.82404886526741,37.488805099516284],[126.8238049754598,37.48832531119025],[126.82766578111101,37.488423857990774],[126.82880872654493,37.48610546021747],[126.83217727933565,37.48393252891984],[126.83215172194782,37.48288273691433],[126.83087444913424,37.481442100676105],[126.83215999517132,37.48117075782086],[126.83265145242999,37.47946929063325],[126.83174793830685,37.477651307717096],[126.8296212976297,37.476895717071855],[126.8292041537682,37.47619566224817],[126.82395039194911,37.4764728710502],[126.82171731523209,37.47522034620924],[126.82177917373626,37.47620361291596],[126.81942319348884,37.47632785794122],[126.81941241327947,37.475179515239525],[126.81832095201398,37.47529901286782],[126.81863232421624,37.47408080068434],[126.81764024128607,37.47318790029517],[126.8146459407752,37.474720545892424]]]}},{"type":"Feature","properties":{"legal_dong_code":"1153010100","sigungu_code":"11530","district":"구로구","legal_dong":"신도림동","risk_score":55.84045128643512,"risk_level":"높음","data_confidence":"높음","market_risk_score":43.41548041145907,"building_risk_score":67.5646521582387,"district_context_score":86.0,"jeonse_ratio_pct":59.746670739363104,"high80_share_pct":12.244897959183673,"sale_decline_pct":0.0,"sale_count":1856.0,"jeonse_count":4509.0,"matched_group_count":25.0,"nonapt_building_share_pct":27.30210016155089,"old20_share_pct":89.01453957996769,"official_total":527,"official_dong_evidence_count":0,"major_reasons":"20년 이상 주거건물 비중 89.0% | 구로구 공식 피해·보증사고 배경지표 상위 | 80% 이상 매칭 비중 12.2%","score_version":"seoul-dong-v1.0","score_scope":"서울 법정동 시장·건물구조 상대위험"},"geometry":{"type":"Polygon","coordinates":[[[126.8738452579592,37.508896521211604],[126.87426279745664,37.50938251888002],[126.87546409984776,37.50942732499673],[126.87562539282135,37.511038749194725],[126.87689691768476,37.5107694380882],[126.87519035270434,37.51186621035317],[126.8746203308721,37.510776474930466],[126.8738739516391,37.511175082525455],[126.87512569888762,37.51237727639125],[126.87616273854455,37.512401897432156],[126.87674066851777,37.51365408308451],[126.877928997383,37.51330907953518],[126.87794809074855,37.51613534350994],[126.8789732475514,37.51696389489503],[126.8784672109251,37.51755486339011],[126.87941092557477,37.51755085119476],[126.8793019040466,37.517960817521434],[126.88272734011372,37.515778586714845],[126.8827272837374,37.51517185605512],[126.88433751805357,37.514389687996555],[126.88443314856612,37.51384936538036],[126.88972981713012,37.51227324812439],[126.8924258969446,37.50912489330598],[126.88237840236707,37.50338655670699],[126.87683927770667,37.50557467954914],[126.87562842834099,37.50687380469571],[126.87448004388945,37.50672688410839],[126.87428226486482,37.507175277703574],[126.87506388219724,37.50778645232754],[126.8738452579592,37.508896521211604]]]}},{"type":"Feature","properties":{"legal_dong_code":"1153010300","sigungu_code":"11530","district":"구로구","legal_dong":"가리봉동","risk_score":64.88716872620795,"risk_level":"높음","data_confidence":"높음","market_risk_score":52.49113870535544,"building_risk_score":81.96994201197873,"district_context_score":86.0,"jeonse_ratio_pct":67.29570043910788,"high80_share_pct":1.8181818181818181,"sale_decline_pct":0.0,"sale_count":566.0,"jeonse_count":1610.0,"matched_group_count":14.0,"nonapt_building_share_pct":46.02184087363494,"old20_share_pct":81.2792511700468,"official_total":527,"official_dong_evidence_count":0,"major_reasons":"구로구 공식 피해·보증사고 배경지표 상위 | 20년 이상 주거건물 비중 81.3% | 비아파트 건물 비중 46.0%","score_version":"seoul-dong-v1.0","score_scope":"서울 법정동 시장·건물구조 상대위험"},"geometry":{"type":"Polygon","coordinates":[[[126.88023990005308,37.48744913386596],[126.88423575081845,37.48645756245921],[126.88592857650892,37.48493690026069],[126.89141464387403,37.48378444385658],[126.89081129515982,37.482967303041235],[126.89185950291838,37.48188347526233],[126.89203353007078,37.480780901303184],[126.8942232403447,37.48016896758318],[126.89622755639917,37.47895279672693],[126.89584820075291,37.47850628210497],[126.88878455307912,37.479789898375586],[126.88572978009007,37.48268267207476],[126.88089250564533,37.48571132189179],[126.88023990005308,37.48744913386596]]]}},{"type":"Feature","properties":{"legal_dong_code":"1154510200","sigungu_code":"11545","district":"금천구","legal_dong":"독산동","risk_score":68.43431642569354,"risk_level":"높음","data_confidence":"높음","market_risk_score":65.06293419942979,"building_risk_score":73.18622362414268,"district_context_score":74.0,"jeonse_ratio_pct":72.03395316468225,"high80_share_pct":23.940149625935163,"sale_decline_pct":0.0,"sale_count":7442.0,"jeonse_count":15961.0,"matched_group_count":31.0,"nonapt_building_share_pct":41.02564102564102,"old20_share_pct":77.2626931567329,"official_total":775,"official_dong_evidence_count":0,"major_reasons":"최근 36개월 추정 전세가율 72.0% | 20년 이상 주거건물 비중 77.3% | 금천구 공식 피해·보증사고 배경지표 상위","score_version":"seoul-dong-v1.0","score_scope":"서울 법정동 시장·건물구조 상대위험"},"geometry":{"type":"Polygon","coordinates":[[[126.8827452706234,37.46439080493665],[126.88292787081258,37.46500412129129],[126.88456818400101,37.465654784799725],[126.8857993556481,37.46426348660664],[126.8896804793477,37.46588349749207],[126.88698727600807,37.472034381420436],[126.893877765371,37.472215779245076],[126.89403021022676,37.473533345819064],[126.89464531483567,37.47383859567885],[126.8940991046449,37.47453487253076],[126.89667634981565,37.475818772634355],[126.89621188449674,37.4786723640363],[126.90978586342419,37.48076613892724],[126.90993383950652,37.48025366498525],[126.90898008646404,37.480079028642216],[126.90863001159177,37.47908346259293],[126.90948101548037,37.47800464732055],[126.9104659136397,37.47835566575855],[126.91181265324306,37.47779363272823],[126.9113716126345,37.474462238218194],[126.91075699632074,37.47358039817357],[126.90816503904718,37.47275898028244],[126.90962073793649,37.470656649182935],[126.90994848035118,37.468753435449344],[126.91103853081967,37.468076558379416],[126.91234813542292,37.46586237352973],[126.90952067809884,37.46564147868802],[126.90626454948794,37.46364485148512],[126.90511475707335,37.46366280422979],[126.90490291646805,37.46269053796095],[126.90405202147733,37.46274127762448],[126.90435077291009,37.46229949098561],[126.90258618320948,37.46225117482024],[126.90181293677692,37.45943867049873],[126.90051821493547,37.45901193657711],[126.90014549068351,37.4581460222292],[126.89890646499518,37.458174596069014],[126.89845401165545,37.459336228135285],[126.89679769545208,37.45885904172893],[126.8968648952447,37.4573544953537],[126.89489536955472,37.45742352696053],[126.89482098204567,37.457077726232875],[126.89284943473784,37.457930650191834],[126.8954901397912,37.452738483426046],[126.89483033432371,37.45244279234775],[126.89337580255759,37.452805864182736],[126.8925878659731,37.451949032127374],[126.88964189019033,37.4523155125107],[126.88920294851435,37.45472393421501],[126.88626438926084,37.456362556338384],[126.88586884297573,37.45758843757804],[126.88633681375721,37.45895725034719],[126.88533976976032,37.459637163568374],[126.88612778131082,37.46089979215678],[126.88887524860858,37.460946988338264],[126.88712149186671,37.46290428498981],[126.88431691107621,37.46272380497367],[126.8827452706234,37.46439080493665]]]}},{"type":"Feature","properties":{"legal_dong_code":"1154510100","sigungu_code":"11545","district":"금천구","legal_dong":"가산동","risk_score":71.71821741279844,"risk_level":"매우 높음","data_confidence":"높음","market_risk_score":74.8582664811108,"building_risk_score":62.81303009652784,"district_context_score":74.0,"jeonse_ratio_pct":82.02195854695181,"high80_share_pct":53.47091932457786,"sale_decline_pct":0.0,"sale_count":2821.0,"jeonse_count":5750.0,"matched_group_count":17.0,"nonapt_building_share_pct":41.54786150712831,"old20_share_pct":67.61710794297352,"official_total":775,"official_dong_evidence_count":0,"major_reasons":"최근 36개월 추정 전세가율 82.0% | 80% 이상 매칭 비중 53.5% | 금천구 공식 피해·보증사고 배경지표 상위","score_version":"seoul-dong-v1.0","score_scope":"서울 법정동 시장·건물구조 상대위험"},"geometry":{"type":"Polygon","coordinates":[[[126.8857993556481,37.46426348660664],[126.88432112971402,37.466473687348795],[126.88163095290757,37.46845914262069],[126.88159265076615,37.4694168969626],[126.87598549023309,37.477103930307685],[126.87337877978933,37.482433645195215],[126.87274398468568,37.48242494519591],[126.87329713648654,37.484181119572554],[126.87220802385522,37.48443323999589],[126.87176231097325,37.485269393369784],[126.87267355420464,37.486220017846684],[126.87421929249436,37.48518765122785],[126.87845809875155,37.48667232328154],[126.88272364610482,37.484749602102426],[126.88878496054815,37.479789592423856],[126.89585056315626,37.4785066175881],[126.89667634981565,37.475818772634355],[126.8940991046449,37.47453487253076],[126.89464531483567,37.47383859567885],[126.89403021022676,37.473533345819064],[126.893877765371,37.472215779245076],[126.88698727600807,37.472034381420436],[126.8896804793477,37.46588349749207],[126.8857993556481,37.46426348660664]]]}},{"type":"Feature","properties":{"legal_dong_code":"1154510300","sigungu_code":"11545","district":"금천구","legal_dong":"시흥동","risk_score":64.10362227040612,"risk_level":"높음","data_confidence":"높음","market_risk_score":60.54106828877611,"building_risk_score":66.71592518856183,"district_context_score":74.0,"jeonse_ratio_pct":63.961778753092965,"high80_share_pct":15.488215488215488,"sale_decline_pct":2.1837741561665096,"sale_count":5947.0,"jeonse_count":11706.0,"matched_group_count":39.0,"nonapt_building_share_pct":39.09106738638342,"old20_share_pct":82.30889778861223,"official_total":775,"official_dong_evidence_count":1,"major_reasons":"20년 이상 주거건물 비중 82.3% | 최근 매매 단가 하락 신호 2.2% | 금천구 공식 피해·보증사고 배경지표 상위 | 공식 동 단위 확인자료 존재(정의·기준일 별도 표시)","score_version":"seoul-dong-v1.0","score_scope":"서울 법정동 시장·건물구조 상대위험"},"geometry":{"type":"Polygon","coordinates":[[[126.91234813542292,37.46586237352973],[126.91370263924834,37.465377981004224],[126.91289212203927,37.46394166231629],[126.91438886071603,37.46157908986283],[126.91402614772416,37.457889802526054],[126.91494884827074,37.45731428927438],[126.91689863524259,37.4575217251179],[126.91831575308545,37.456927121812946],[126.92218668220544,37.45662740606124],[126.92309109928357,37.454512395032985],[126.92478898449896,37.452813555057254],[126.92570061920561,37.452913506256124],[126.92732468741028,37.450987825778256],[126.92840047754866,37.45098604541449],[126.92827925690399,37.449352337992686],[126.92325295078263,37.44577285047333],[126.92276249602911,37.444041023560196],[126.92116921815143,37.44254603627782],[126.92027454584534,37.44046621483063],[126.91926369552579,37.439852425093896],[126.91612459497324,37.44005311510443],[126.91230859165056,37.438579338644395],[126.91120274958693,37.43720108298671],[126.91133321660477,37.436171204107964],[126.9094056556227,37.43386457795461],[126.90722830446433,37.433482149192336],[126.9061053728803,37.43399472400614],[126.90298733823708,37.43406749065621],[126.90275032486043,37.43586140778497],[126.8989776554516,37.43870184886582],[126.8988048794051,37.439350172147364],[126.89992569243381,37.43955633618749],[126.89726896104979,37.445436816097676],[126.89578212945841,37.44563335652212],[126.89464971101613,37.446698192886984],[126.89500322135773,37.44822253726241],[126.89604956808726,37.448042886834564],[126.89398239177474,37.45271806501299],[126.89483033432371,37.45244279234775],[126.8954901397912,37.452738483426046],[126.89284943473784,37.457930650191834],[126.89482098204567,37.457077726232875],[126.89489536955472,37.45742352696053],[126.8968648952447,37.4573544953537],[126.89679769545208,37.45885904172893],[126.89845401165545,37.459336228135285],[126.89890646499518,37.458174596069014],[126.90014549068351,37.4581460222292],[126.90051821493547,37.45901193657711],[126.90181293677692,37.45943867049873],[126.90258618320948,37.46225117482024],[126.90435077291009,37.46229949098561],[126.90405202147733,37.46274127762448],[126.90490291646805,37.46269053796095],[126.90511475707335,37.46366280422979],[126.90626454948794,37.46364485148512],[126.90952067809884,37.46564147868802],[126.91234813542292,37.46586237352973]]]}},{"type":"Feature","properties":{"legal_dong_code":"1156012200","sigungu_code":"11560","district":"영등포구","legal_dong":"문래동4가","risk_score":31.92959110431712,"risk_level":"낮음","data_confidence":"낮음","market_risk_score":23.802553382610075,"building_risk_score":23.1922362990043,"district_context_score":79.0,"jeonse_ratio_pct":52.37723045649557,"high80_share_pct":0.0,"sale_decline_pct":null,"sale_count":78.0,"jeonse_count":218.0,"matched_group_count":2.0,"nonapt_building_share_pct":0.0,"old20_share_pct":0.0,"official_total":498,"official_dong_evidence_count":0,"major_reasons":"영등포구 공식 피해·보증사고 배경지표 상위 | 최근 36개월 추정 전세가율 52.4% | 80% 이상 매칭 비중 0.0%","score_version":"seoul-dong-v1.0","score_scope":"서울 법정동 시장·건물구조 상대위험"},"geometry":{"type":"Polygon","coordinates":[[[126.88880815115898,37.51722327332739],[126.89331342730692,37.51506114086194],[126.89044168131532,37.5127529974246],[126.89076392957648,37.51235229354533],[126.88992498952969,37.51169939881585],[126.88695843532125,37.513491956508574],[126.88788599272046,37.51387525320482],[126.88736519193802,37.51409001706377],[126.88880815115898,37.51722327332739]]]}},{"type":"Feature","properties":{"legal_dong_code":"1156010200","sigungu_code":"11560","district":"영등포구","legal_dong":"영등포동1가","risk_score":69.93779193371394,"risk_level":"높음","data_confidence":"낮음","market_risk_score":79.43538090897151,"building_risk_score":41.706253553324146,"district_context_score":79.0,"jeonse_ratio_pct":96.48500476881075,"high80_share_pct":91.48936170212765,"sale_decline_pct":0.0,"sale_count":665.0,"jeonse_count":2323.0,"matched_group_count":9.0,"nonapt_building_share_pct":5.88235294117647,"old20_share_pct":5.88235294117647,"official_total":498,"official_dong_evidence_count":0,"major_reasons":"최근 36개월 추정 전세가율 96.5% | 80% 이상 매칭 비중 91.5% | 영등포구 공식 피해·보증사고 배경지표 상위","score_version":"seoul-dong-v1.0","score_scope":"서울 법정동 시장·건물구조 상대위험"},"geometry":{"type":"Polygon","coordinates":[[[126.91188721628441,37.51824259580149],[126.91419706783009,37.518527265589285],[126.91687352507917,37.51724099715525],[126.90849707461444,37.51681527521448],[126.91188721628441,37.51824259580149]]]}},{"type":"Feature","properties":{"legal_dong_code":"1156010400","sigungu_code":"11560","district":"영등포구","legal_dong":"영등포동3가","risk_score":64.19470581763542,"risk_level":"높음","data_confidence":"낮음","market_risk_score":80.29834252366228,"building_risk_score":16.662801213752214,"district_context_score":79.0,"jeonse_ratio_pct":92.02567437716148,"high80_share_pct":86.4406779661017,"sale_decline_pct":0.0,"sale_count":419.0,"jeonse_count":1030.0,"matched_group_count":5.0,"nonapt_building_share_pct":0.0,"old20_share_pct":0.0,"official_total":498,"official_dong_evidence_count":0,"major_reasons":"최근 36개월 추정 전세가율 92.0% | 80% 이상 매칭 비중 86.4% | 영등포구 공식 피해·보증사고 배경지표 상위","score_version":"seoul-dong-v1.0","score_scope":"서울 법정동 시장·건물구조 상대위험"},"geometry":{"type":"Polygon","coordinates":[[[126.90488031694322,37.51986265619682],[126.91183774767305,37.51850024300353],[126.91188721628441,37.51824259580149],[126.9066943480654,37.51638165213629],[126.90488031694322,37.51986265619682]]]}},{"type":"Feature","properties":{"legal_dong_code":"1156012400","sigungu_code":"11560","district":"영등포구","legal_dong":"문래동6가","risk_score":53.55245106930214,"risk_level":"주의","data_confidence":"낮음","market_risk_score":47.632808405634535,"building_risk_score":52.49106410368565,"district_context_score":79.0,"jeonse_ratio_pct":63.22572739669982,"high80_share_pct":7.386363636363637,"sale_decline_pct":0.0,"sale_count":640.0,"jeonse_count":1981.0,"matched_group_count":13.0,"nonapt_building_share_pct":35.714285714285715,"old20_share_pct":14.285714285714285,"official_total":498,"official_dong_evidence_count":0,"major_reasons":"영등포구 공식 피해·보증사고 배경지표 상위 | 비아파트 건물 비중 35.7% | 최근 36개월 추정 전세가율 63.2%","score_version":"seoul-dong-v1.0","score_scope":"서울 법정동 시장·건물구조 상대위험"},"geometry":{"type":"Polygon","coordinates":[[[126.88172977568708,37.52243970959586],[126.88190456092633,37.5210367764133],[126.88500017438648,37.5205670374509],[126.88528565420606,37.52172678214774],[126.8897287568262,37.521045350501204],[126.88880815115898,37.51722327332739],[126.88223372645126,37.51823900561546],[126.88205421893292,37.519702950582605],[126.87866631228066,37.51970320566625],[126.87949343275423,37.520579100456246],[126.87898246134311,37.52259119581454],[126.88172977568708,37.52243970959586]]]}},{"type":"Feature","properties":{"legal_dong_code":"1156010700","sigungu_code":"11560","district":"영등포구","legal_dong":"영등포동6가","risk_score":72.31023462594592,"risk_level":"매우 높음","data_confidence":"낮음","market_risk_score":82.62957255238048,"building_risk_score":43.52996437807054,"district_context_score":79.0,"jeonse_ratio_pct":94.20944744729944,"high80_share_pct":100.0,"sale_decline_pct":0.0,"sale_count":131.0,"jeonse_count":648.0,"matched_group_count":4.0,"nonapt_building_share_pct":4.545454545454546,"old20_share_pct":0.0,"official_total":498,"official_dong_evidence_count":0,"major_reasons":"80% 이상 매칭 비중 100.0% | 최근 36개월 추정 전세가율 94.2% | 영등포구 공식 피해·보증사고 배경지표 상위","score_version":"seoul-dong-v1.0","score_scope":"서울 법정동 시장·건물구조 상대위험"},"geometry":{"type":"Polygon","coordinates":[[[126.90184912467525,37.52320327058892],[126.90512038098426,37.52270883468957],[126.90480367897891,37.519994201861074],[126.90112383143097,37.520569633576386],[126.90184912467525,37.52320327058892]]]}},{"type":"Feature","properties":{"legal_dong_code":"1156010300","sigungu_code":"11560","district":"영등포구","legal_dong":"영등포동2가","risk_score":66.97837902217235,"risk_level":"높음","data_confidence":"보통","market_risk_score":78.96901355873084,"building_risk_score":30.98788354773541,"district_context_score":79.0,"jeonse_ratio_pct":91.30863948137367,"high80_share_pct":84.31372549019608,"sale_decline_pct":0.0,"sale_count":556.0,"jeonse_count":2832.0,"matched_group_count":13.0,"nonapt_building_share_pct":5.555555555555555,"old20_share_pct":0.0,"official_total":498,"official_dong_evidence_count":0,"major_reasons":"80% 이상 매칭 비중 84.3% | 최근 36개월 추정 전세가율 91.3% | 영등포구 공식 피해·보증사고 배경지표 상위","score_version":"seoul-dong-v1.0","score_scope":"서울 법정동 시장·건물구조 상대위험"},"geometry":{"type":"Polygon","coordinates":[[[126.91249380896592,37.52411148853757],[126.91610610686932,37.51969509023735],[126.91736364414768,37.518979719444665],[126.91645478117826,37.51765371282441],[126.91419706783009,37.518527265589285],[126.91188721628441,37.51824259580149],[126.90794213308382,37.51935513104867],[126.90912896599316,37.52269458588614],[126.91249380896592,37.52411148853757]]]}},{"type":"Feature","properties":{"legal_dong_code":"1156011400","sigungu_code":"11560","district":"영등포구","legal_dong":"당산동4가","risk_score":51.35163177835886,"risk_level":"주의","data_confidence":"낮음","market_risk_score":46.09032877023535,"building_risk_score":47.389738064870585,"district_context_score":79.0,"jeonse_ratio_pct":55.469428424373255,"high80_share_pct":13.468013468013467,"sale_decline_pct":0.8971728467306126,"sale_count":719.0,"jeonse_count":1777.0,"matched_group_count":12.0,"nonapt_building_share_pct":7.142857142857142,"old20_share_pct":7.142857142857142,"official_total":498,"official_dong_evidence_count":0,"major_reasons":"영등포구 공식 피해·보증사고 배경지표 상위 | 최근 매매 단가 하락 신호 0.9% | 80% 이상 매칭 비중 13.5%","score_version":"seoul-dong-v1.0","score_scope":"서울 법정동 시장·건물구조 상대위험"},"geometry":{"type":"Polygon","coordinates":[[[126.89414352922711,37.52923116963887],[126.89654701919969,37.53230210544888],[126.90409158095082,37.52887961323123],[126.90279401464299,37.52595776493887],[126.8971146627445,37.5277487700542],[126.89414352922711,37.52923116963887]]]}},{"type":"Feature","properties":{"legal_dong_code":"1156012500","sigungu_code":"11560","district":"영등포구","legal_dong":"양평동1가","risk_score":54.43012324057279,"risk_level":"주의","data_confidence":"낮음","market_risk_score":53.63430498776454,"building_risk_score":41.59816099165627,"district_context_score":79.0,"jeonse_ratio_pct":61.765919933565584,"high80_share_pct":37.17948717948718,"sale_decline_pct":0.0,"sale_count":298.0,"jeonse_count":1205.0,"matched_group_count":11.0,"nonapt_building_share_pct":0.0,"old20_share_pct":8.0,"official_total":498,"official_dong_evidence_count":0,"major_reasons":"80% 이상 매칭 비중 37.2% | 영등포구 공식 피해·보증사고 배경지표 상위 | 최근 36개월 추정 전세가율 61.8%","score_version":"seoul-dong-v1.0","score_scope":"서울 법정동 시장·건물구조 상대위험"},"geometry":{"type":"Polygon","coordinates":[[[126.8862297786557,37.5256075524321],[126.89202462266219,37.5247246499628],[126.89163329061842,37.52074892627324],[126.88528565420606,37.52172678214774],[126.8862297786557,37.5256075524321]]]}},{"type":"Feature","properties":{"legal_dong_code":"1156012600","sigungu_code":"11560","district":"영등포구","legal_dong":"양평동2가","risk_score":68.81936325113311,"risk_level":"높음","data_confidence":"낮음","market_risk_score":73.8887239498646,"building_risk_score":50.544515524857445,"district_context_score":79.0,"jeonse_ratio_pct":83.38195230574276,"high80_share_pct":42.16417910447761,"sale_decline_pct":0.0,"sale_count":678.0,"jeonse_count":1927.0,"matched_group_count":13.0,"nonapt_building_share_pct":28.57142857142857,"old20_share_pct":0.0,"official_total":498,"official_dong_evidence_count":0,"major_reasons":"최근 36개월 추정 전세가율 83.4% | 80% 이상 매칭 비중 42.2% | 영등포구 공식 피해·보증사고 배경지표 상위","score_version":"seoul-dong-v1.0","score_scope":"서울 법정동 시장·건물구조 상대위험"},"geometry":{"type":"Polygon","coordinates":[[[126.8862297786557,37.5256075524321],[126.88500017438648,37.5205670374509],[126.88190456092633,37.5210367764133],[126.88159804986878,37.52411154267217],[126.88240612885599,37.52558179210794],[126.88299457031516,37.526097419404685],[126.8862297786557,37.5256075524321]]]}},{"type":"Feature","properties":{"legal_dong_code":"1156010800","sigungu_code":"11560","district":"영등포구","legal_dong":"영등포동7가","risk_score":55.68018054358838,"risk_level":"높음","data_confidence":"보통","market_risk_score":59.738382977080974,"building_risk_score":31.948603029359166,"district_context_score":79.0,"jeonse_ratio_pct":62.2523125045373,"high80_share_pct":21.245421245421245,"sale_decline_pct":2.424713007548444,"sale_count":755.0,"jeonse_count":3100.0,"matched_group_count":11.0,"nonapt_building_share_pct":2.857142857142857,"old20_share_pct":0.0,"official_total":498,"official_dong_evidence_count":0,"major_reasons":"최근 매매 단가 하락 신호 2.4% | 영등포구 공식 피해·보증사고 배경지표 상위 | 80% 이상 매칭 비중 21.2%","score_version":"seoul-dong-v1.0","score_scope":"서울 법정동 시장·건물구조 상대위험"},"geometry":{"type":"Polygon","coordinates":[[[126.90279401464299,37.52595776493887],[126.90643255515906,37.525406025869124],[126.91105706321255,37.52634234966842],[126.91249380896592,37.52411148853757],[126.90864198467946,37.52216404951708],[126.90184912467525,37.52320327058892],[126.90279401464299,37.52595776493887]]]}},{"type":"Feature","properties":{"legal_dong_code":"1156011000","sigungu_code":"11560","district":"영등포구","legal_dong":"여의도동","risk_score":43.656974103595466,"risk_level":"주의","data_confidence":"낮음","market_risk_score":38.989439882397065,"building_risk_score":33.65324069662891,"district_context_score":79.0,"jeonse_ratio_pct":52.48735932344841,"high80_share_pct":15.411764705882353,"sale_decline_pct":0.0,"sale_count":2092.0,"jeonse_count":5063.0,"matched_group_count":32.0,"nonapt_building_share_pct":5.555555555555555,"old20_share_pct":5.555555555555555,"official_total":498,"official_dong_evidence_count":0,"major_reasons":"영등포구 공식 피해·보증사고 배경지표 상위 | 80% 이상 매칭 비중 15.4% | 최근 매매 단가 하락 신호 0.0%","score_version":"seoul-dong-v1.0","score_scope":"서울 법정동 시장·건물구조 상대위험"},"geometry":{"type":"Polygon","coordinates":[[[126.932676048522,37.51562137100865],[126.9257539158816,37.51561274620807],[126.9187296915129,37.51806038979846],[126.91610610686932,37.51969509023735],[126.9110773056457,37.526292378000754],[126.90817762716766,37.53281703889658],[126.90653528265631,37.53935364910175],[126.90483070248892,37.541416529073615],[126.92241403251391,37.54142961589202],[126.9230759136843,37.54045450805029],[126.92710020495159,37.53903513920078],[126.93031186854982,37.5413524264607],[126.93855797427963,37.53783535606975],[126.94421801581288,37.5342388155079],[126.94987683682643,37.52702892383231],[126.9498865650989,37.51750815654487],[126.932676048522,37.51562137100865]]]}},{"type":"Feature","properties":{"legal_dong_code":"1156013100","sigungu_code":"11560","district":"영등포구","legal_dong":"양화동","risk_score":41.69811920962555,"risk_level":"주의","data_confidence":"낮음","market_risk_score":null,"building_risk_score":19.31699073540089,"district_context_score":79.0,"jeonse_ratio_pct":null,"high80_share_pct":null,"sale_decline_pct":null,"sale_count":null,"jeonse_count":null,"matched_group_count":null,"nonapt_building_share_pct":0.0,"old20_share_pct":50.0,"official_total":498,"official_dong_evidence_count":0,"major_reasons":"영등포구 공식 피해·보증사고 배경지표 상위 | 20년 이상 주거건물 비중 50.0% | 비아파트 건물 비중 0.0%","score_version":"seoul-dong-v1.0","score_scope":"서울 법정동 시장·건물구조 상대위험"},"geometry":{"type":"Polygon","coordinates":[[[126.877928344835,37.55333648845136],[126.88044019479563,37.556286363458014],[126.88948557240214,37.55166131139164],[126.89889953718917,37.548009656005796],[126.90219095531245,37.544127522019565],[126.9006563492966,37.54280443045164],[126.90099993197269,37.542228241790355],[126.900123856746,37.54178001522447],[126.89837376356968,37.5427725369483],[126.89784775961066,37.54246190092476],[126.89652706653376,37.54299219316546],[126.89567687360379,37.541713107045844],[126.89331685483407,37.542091826609365],[126.88650526219291,37.54581962059736],[126.88812803444095,37.54275717924023],[126.88542291179435,37.542306848109966],[126.88508589700146,37.543304625878974],[126.88427015489155,37.543566998431395],[126.88418324184802,37.544555651133244],[126.87804773158257,37.551700955897445],[126.877928344835,37.55333648845136]]]}},{"type":"Feature","properties":{"legal_dong_code":"1156011700","sigungu_code":"11560","district":"영등포구","legal_dong":"당산동","risk_score":67.2176905314998,"risk_level":"높음","data_confidence":"보통","market_risk_score":79.29593979756098,"building_risk_score":31.16050661185284,"district_context_score":79.0,"jeonse_ratio_pct":76.07314404062721,"high80_share_pct":48.24120603015075,"sale_decline_pct":8.800673160867378,"sale_count":519.0,"jeonse_count":2145.0,"matched_group_count":16.0,"nonapt_building_share_pct":3.7735849056603774,"old20_share_pct":0.0,"official_total":498,"official_dong_evidence_count":0,"major_reasons":"최근 매매 단가 하락 신호 8.8% | 80% 이상 매칭 비중 48.2% | 최근 36개월 추정 전세가율 76.1%","score_version":"seoul-dong-v1.0","score_scope":"서울 법정동 시장·건물구조 상대위험"},"geometry":{"type":"Polygon","coordinates":[[[126.90219095531245,37.544127522019565],[126.90653528265631,37.53935364910175],[126.90817762716766,37.53281703889658],[126.91105706321255,37.52634234966842],[126.90708446541488,37.52566264755353],[126.90646811526165,37.528835626013134],[126.90664488860162,37.532521427025124],[126.90735276396654,37.532804283774276],[126.90628175876417,37.533226693658],[126.90459945286794,37.53492270613521],[126.90497661892304,37.535099816906126],[126.90123252690202,37.537083755600015],[126.90075451272122,37.5381354557937],[126.90051902397717,37.537823204884155],[126.90035167243288,37.53766234259227],[126.90062379946322,37.538300027604116],[126.89898937035561,37.53849431553491],[126.8995603885126,37.53924195782672],[126.89814783199535,37.53974699744041],[126.89814483936983,37.53911985012701],[126.89384364746455,37.54221682516545],[126.89567687360379,37.541713107045844],[126.89652706653376,37.54299219316546],[126.89784775961066,37.54246190092476],[126.89837376356968,37.5427725369483],[126.900123856746,37.54178001522447],[126.90219095531245,37.544127522019565]],[[126.9065595454819,37.533648492083046],[126.9060199308706,37.534133422026315],[126.9065462054371,37.533640282318096],[126.9065595454819,37.533648492083046]]]}},{"type":"Feature","properties":{"legal_dong_code":"1156013400","sigungu_code":"11560","district":"영등포구","legal_dong":"양평동","risk_score":36.024261465233245,"risk_level":"주의","data_confidence":"낮음","market_risk_score":null,"building_risk_score":10.2388183443732,"district_context_score":79.0,"jeonse_ratio_pct":null,"high80_share_pct":null,"sale_decline_pct":null,"sale_count":null,"jeonse_count":null,"matched_group_count":null,"nonapt_building_share_pct":0.0,"old20_share_pct":0.0,"official_total":498,"official_dong_evidence_count":0,"major_reasons":"영등포구 공식 피해·보증사고 배경지표 상위 | 20년 이상 주거건물 비중 0.0% | 비아파트 건물 비중 0.0%","score_version":"seoul-dong-v1.0","score_scope":"서울 법정동 시장·건물구조 상대위험"},"geometry":{"type":"MultiPolygon","coordinates":[[[[126.88812803444095,37.54275717924023],[126.89181701833392,37.53512778111267],[126.89170915288037,37.53351231750469],[126.89064844395926,37.531613167938296],[126.88851501525366,37.53221652341402],[126.89010113117492,37.53436943085127],[126.88683022768087,37.538831889641955],[126.88542291179435,37.542306848109966],[126.88812803444095,37.54275717924023]]],[[[126.88952666799624,37.529967760303045],[126.88777495169941,37.52796871818107],[126.88265034010492,37.5258291628406],[126.8816999996868,37.524535014431066],[126.88172977568708,37.52243970959586],[126.87898246134311,37.52259119581454],[126.87854698153411,37.52507415444938],[126.87926465681555,37.52573219281117],[126.88093943395943,37.52591232028937],[126.88087017473288,37.52771221951308],[126.88325867232443,37.52726984145123],[126.8842056052298,37.5286913919247],[126.88714970454095,37.53018150476602],[126.88841915455002,37.5303953707],[126.88952666799624,37.529967760303045]]],[[[126.89907369223569,37.53858997499697],[126.89814483936983,37.53911985012701],[126.89814783199535,37.53974699744041],[126.8995603885126,37.53924195782672],[126.89907369223569,37.53858997499697]]],[[[126.89908812234174,37.53857886926685],[126.90046277243276,37.53835648126373],[126.90072899402183,37.53813859650187],[126.9003409456187,37.53767955137121],[126.89908812234174,37.53857886926685]]],[[[126.90073943915208,37.53743104694526],[126.90075451272122,37.5381354557937],[126.90123252690202,37.537083755600015],[126.90073943915208,37.53743104694526]]],[[[126.89331685483407,37.542091826609365],[126.8938761404087,37.54214118949246],[126.89413140501728,37.54164894873447],[126.89331685483407,37.542091826609365]]],[[[126.89791392406346,37.539285925911194],[126.89796667306256,37.53958909301033],[126.89812788450395,37.539238450925154],[126.89791392406346,37.539285925911194]]]]}},{"type":"Feature","properties":{"legal_dong_code":"1156012300","sigungu_code":"11560","district":"영등포구","legal_dong":"문래동5가","risk_score":37.31117328761265,"risk_level":"주의","data_confidence":"낮음","market_risk_score":29.39988764359109,"building_risk_score":31.284962805831974,"district_context_score":79.0,"jeonse_ratio_pct":55.763398732090835,"high80_share_pct":0.0,"sale_decline_pct":0.0,"sale_count":276.0,"jeonse_count":639.0,"matched_group_count":4.0,"nonapt_building_share_pct":0.0,"old20_share_pct":0.0,"official_total":498,"official_dong_evidence_count":0,"major_reasons":"영등포구 공식 피해·보증사고 배경지표 상위 | 최근 36개월 추정 전세가율 55.8% | 최근 매매 단가 하락 신호 0.0%","score_version":"seoul-dong-v1.0","score_scope":"서울 법정동 시장·건물구조 상대위험"},"geometry":{"type":"Polygon","coordinates":[[[126.88880815115898,37.51722327332739],[126.88736519193802,37.51409001706377],[126.88788599272046,37.51387525320482],[126.88695843532125,37.513491956508574],[126.8870577363144,37.5132680380823],[126.88771188987604,37.513185463115654],[126.88784776056019,37.512958596940216],[126.88438539503545,37.513783383142545],[126.88428800239643,37.51432201010467],[126.88268050564191,37.515104603720125],[126.8826806494109,37.5161553451927],[126.88168879753302,37.51635208471661],[126.88185313074507,37.51712998173834],[126.88019222624737,37.51676624942364],[126.88034833308214,37.51805460801585],[126.87878100721893,37.51793941937706],[126.87835346908706,37.51938158499454],[126.88205421893292,37.519702950582605],[126.88223372645126,37.51823900561546],[126.88880815115898,37.51722327332739]]]}},{"type":"Feature","properties":{"legal_dong_code":"1156012100","sigungu_code":"11560","district":"영등포구","legal_dong":"문래동3가","risk_score":40.05487882191368,"risk_level":"주의","data_confidence":"낮음","market_risk_score":33.83411892620242,"building_risk_score":31.617629864768908,"district_context_score":79.0,"jeonse_ratio_pct":53.9999582012022,"high80_share_pct":1.7921146953405016,"sale_decline_pct":0.0,"sale_count":550.0,"jeonse_count":1568.0,"matched_group_count":15.0,"nonapt_building_share_pct":10.526315789473683,"old20_share_pct":15.789473684210526,"official_total":498,"official_dong_evidence_count":0,"major_reasons":"영등포구 공식 피해·보증사고 배경지표 상위 | 80% 이상 매칭 비중 1.8% | 20년 이상 주거건물 비중 15.8%","score_version":"seoul-dong-v1.0","score_scope":"서울 법정동 시장·건물구조 상대위험"},"geometry":{"type":"Polygon","coordinates":[[[126.8897287568262,37.521045350501204],[126.90054242089349,37.519241710600774],[126.90307194337285,37.51519743796417],[126.89722805161432,37.513160253265404],[126.88968276799822,37.51679661822145],[126.88880862362457,37.51722501269977],[126.8897287568262,37.521045350501204]]]}},{"type":"Feature","properties":{"legal_dong_code":"1156012900","sigungu_code":"11560","district":"영등포구","legal_dong":"양평동5가","risk_score":66.05934714501102,"risk_level":"높음","data_confidence":"낮음","market_risk_score":60.85678592065683,"building_risk_score":70.7811023704677,"district_context_score":79.0,"jeonse_ratio_pct":62.2818863700225,"high80_share_pct":29.891304347826086,"sale_decline_pct":0.507032555536046,"sale_count":420.0,"jeonse_count":1854.0,"matched_group_count":9.0,"nonapt_building_share_pct":50.0,"old20_share_pct":20.0,"official_total":498,"official_dong_evidence_count":0,"major_reasons":"비아파트 건물 비중 50.0% | 80% 이상 매칭 비중 29.9% | 영등포구 공식 피해·보증사고 배경지표 상위","score_version":"seoul-dong-v1.0","score_scope":"서울 법정동 시장·건물구조 상대위험"},"geometry":{"type":"Polygon","coordinates":[[[126.89232049647656,37.54266375109279],[126.89602406871764,37.54054806562346],[126.89180767489454,37.53516499245024],[126.88982097880216,37.53960730294972],[126.89232049647656,37.54266375109279]]]}},{"type":"Feature","properties":{"legal_dong_code":"1156013000","sigungu_code":"11560","district":"영등포구","legal_dong":"양평동6가","risk_score":73.16957398201218,"risk_level":"매우 높음","data_confidence":"낮음","market_risk_score":75.69252614031092,"building_risk_score":63.61623319130253,"district_context_score":79.0,"jeonse_ratio_pct":76.04430744962721,"high80_share_pct":40.229885057471265,"sale_decline_pct":0.0,"sale_count":613.0,"jeonse_count":1751.0,"matched_group_count":14.0,"nonapt_building_share_pct":76.19047619047619,"old20_share_pct":0.0,"official_total":498,"official_dong_evidence_count":0,"major_reasons":"비아파트 건물 비중 76.2% | 80% 이상 매칭 비중 40.2% | 최근 36개월 추정 전세가율 76.0%","score_version":"seoul-dong-v1.0","score_scope":"서울 법정동 시장·건물구조 상대위험"},"geometry":{"type":"Polygon","coordinates":[[[126.88652050431284,37.545539832612526],[126.89232049647656,37.54266375109279],[126.88982137314123,37.539608429562946],[126.88652050431284,37.545539832612526]]]}},{"type":"Feature","properties":{"legal_dong_code":"1156010100","sigungu_code":"11560","district":"영등포구","legal_dong":"영등포동","risk_score":35.03747055650887,"risk_level":"주의","data_confidence":"보통","market_risk_score":23.834017805788235,"building_risk_score":35.54823949214373,"district_context_score":79.0,"jeonse_ratio_pct":49.081471628637125,"high80_share_pct":0.0,"sale_decline_pct":0.0,"sale_count":545.0,"jeonse_count":2107.0,"matched_group_count":12.0,"nonapt_building_share_pct":10.144927536231885,"old20_share_pct":4.3478260869565215,"official_total":498,"official_dong_evidence_count":0,"major_reasons":"영등포구 공식 피해·보증사고 배경지표 상위 | 최근 매매 단가 하락 신호 0.0% | 비아파트 건물 비중 10.1%","score_version":"seoul-dong-v1.0","score_scope":"서울 법정동 시장·건물구조 상대위험"},"geometry":{"type":"MultiPolygon","coordinates":[[[[126.89759959614385,37.511842594120736],[126.904062992633,37.51461498190259],[126.90320870160853,37.515140870197804],[126.90838694660047,37.51703389616522],[126.91593563919328,37.51722716682453],[126.91486756286317,37.51680862340774],[126.91493645974096,37.51559523957136],[126.91151461984667,37.513846335073325],[126.91021152518275,37.51244814186532],[126.90924910182704,37.51203744962693],[126.909059492732,37.51242000866897],[126.90764873971159,37.512355492931974],[126.90405566733378,37.50966188258461],[126.90172222411218,37.50986515443169],[126.90109853346625,37.51166641210886],[126.90032506675337,37.51205249582425],[126.89801779422024,37.511254205058115],[126.89759959614385,37.511842594120736]]],[[[126.90096061593238,37.520456392810345],[126.90279401464299,37.52595776493887],[126.9011401921199,37.52066829744588],[126.90134761516696,37.51853088005232],[126.90096061593238,37.520456392810345]]]]}},{"type":"Feature","properties":{"legal_dong_code":"1156011300","sigungu_code":"11560","district":"영등포구","legal_dong":"당산동3가","risk_score":61.315131290839034,"risk_level":"높음","data_confidence":"낮음","market_risk_score":61.41248724719907,"building_risk_score":50.47055577007836,"district_context_score":79.0,"jeonse_ratio_pct":69.81194932242424,"high80_share_pct":28.50877192982456,"sale_decline_pct":0.0,"sale_count":580.0,"jeonse_count":1864.0,"matched_group_count":18.0,"nonapt_building_share_pct":13.636363636363635,"old20_share_pct":18.181818181818183,"official_total":498,"official_dong_evidence_count":0,"major_reasons":"80% 이상 매칭 비중 28.5% | 영등포구 공식 피해·보증사고 배경지표 상위 | 최근 36개월 추정 전세가율 69.8%","score_version":"seoul-dong-v1.0","score_scope":"서울 법정동 시장·건물구조 상대위험"},"geometry":{"type":"Polygon","coordinates":[[[126.90272240061323,37.52596088556935],[126.90174444314536,37.52323491524737],[126.89202462266219,37.5247246499628],[126.89273503231006,37.52742736126412],[126.89414352922711,37.52923116963887],[126.8971146627445,37.5277487700542],[126.90272240061323,37.52596088556935]]]}},{"type":"Feature","properties":{"legal_dong_code":"1156011100","sigungu_code":"11560","district":"영등포구","legal_dong":"당산동1가","risk_score":60.11178914401492,"risk_level":"높음","data_confidence":"낮음","market_risk_score":62.17068811278982,"building_risk_score":43.83750510536413,"district_context_score":79.0,"jeonse_ratio_pct":70.85915207045558,"high80_share_pct":18.253968253968253,"sale_decline_pct":0.0,"sale_count":569.0,"jeonse_count":1849.0,"matched_group_count":12.0,"nonapt_building_share_pct":12.5,"old20_share_pct":0.0,"official_total":498,"official_dong_evidence_count":0,"major_reasons":"영등포구 공식 피해·보증사고 배경지표 상위 | 최근 36개월 추정 전세가율 70.9% | 80% 이상 매칭 비중 18.3%","score_version":"seoul-dong-v1.0","score_scope":"서울 법정동 시장·건물구조 상대위험"},"geometry":{"type":"Polygon","coordinates":[[[126.89623452940981,37.524070102801815],[126.90174444314536,37.52323491524737],[126.9011228593396,37.51880438464372],[126.90000742102684,37.51944099371279],[126.89529445208296,37.520190171606274],[126.89623452940981,37.524070102801815]]]}},{"type":"Feature","properties":{"legal_dong_code":"1156011800","sigungu_code":"11560","district":"영등포구","legal_dong":"도림동","risk_score":49.81360578493588,"risk_level":"주의","data_confidence":"높음","market_risk_score":47.49144206659801,"building_risk_score":37.8749621799083,"district_context_score":79.0,"jeonse_ratio_pct":59.58911973176307,"high80_share_pct":11.36890951276102,"sale_decline_pct":0.0,"sale_count":911.0,"jeonse_count":2887.0,"matched_group_count":20.0,"nonapt_building_share_pct":11.881188118811881,"old20_share_pct":2.9702970297029703,"official_total":498,"official_dong_evidence_count":0,"major_reasons":"영등포구 공식 피해·보증사고 배경지표 상위 | 80% 이상 매칭 비중 11.4% | 최근 36개월 추정 전세가율 59.6%","score_version":"seoul-dong-v1.0","score_scope":"서울 법정동 시장·건물구조 상대위험"},"geometry":{"type":"Polygon","coordinates":[[[126.89216730521841,37.5093769153268],[126.89759959614385,37.511842594120736],[126.89801779422024,37.511254205058115],[126.90032506675337,37.51205249582425],[126.90109853346625,37.51166641210886],[126.90172222411218,37.50986515443169],[126.90374609094862,37.50960235018163],[126.90764873971159,37.512355492931974],[126.909059492732,37.51242000866897],[126.90916091906202,37.512178954306854],[126.90924910182704,37.51203744962693],[126.90998865064456,37.51243586900272],[126.91011402753936,37.51036026793563],[126.89824475494122,37.50537341558911],[126.89922545824533,37.50403334108381],[126.89216730521841,37.5093769153268]]]}},{"type":"Feature","properties":{"legal_dong_code":"1156012000","sigungu_code":"11560","district":"영등포구","legal_dong":"문래동2가","risk_score":21.603266522667667,"risk_level":"낮음","data_confidence":"낮음","market_risk_score":7.149213283177609,"building_risk_score":21.854954211044397,"district_context_score":79.0,"jeonse_ratio_pct":23.528168366655862,"high80_share_pct":0.0,"sale_decline_pct":null,"sale_count":58.0,"jeonse_count":125.0,"matched_group_count":3.0,"nonapt_building_share_pct":0.0,"old20_share_pct":11.11111111111111,"official_total":498,"official_dong_evidence_count":0,"major_reasons":"영등포구 공식 피해·보증사고 배경지표 상위 | 20년 이상 주거건물 비중 11.1% | 80% 이상 매칭 비중 0.0%","score_version":"seoul-dong-v1.0","score_scope":"서울 법정동 시장·건물구조 상대위험"},"geometry":{"type":"Polygon","coordinates":[[[126.88973588676541,37.51170722087351],[126.89331342730692,37.51506114086194],[126.89722805161432,37.513160253265404],[126.89294378779447,37.511510200641865],[126.89188205586564,37.5109651081869],[126.89186304598009,37.5104294750592],[126.89105435401208,37.51043420869055],[126.88973588676541,37.51170722087351]]]}},{"type":"Feature","properties":{"legal_dong_code":"1156011900","sigungu_code":"11560","district":"영등포구","legal_dong":"문래동1가","risk_score":49.72550227908396,"risk_level":"주의","data_confidence":"낮음","market_risk_score":52.25016875834254,"building_risk_score":26.101604096313753,"district_context_score":79.0,"jeonse_ratio_pct":70.82229155078764,"high80_share_pct":0.0,"sale_decline_pct":0.0,"sale_count":30.0,"jeonse_count":25.0,"matched_group_count":2.0,"nonapt_building_share_pct":0.0,"old20_share_pct":60.0,"official_total":498,"official_dong_evidence_count":0,"major_reasons":"영등포구 공식 피해·보증사고 배경지표 상위 | 최근 36개월 추정 전세가율 70.8% | 20년 이상 주거건물 비중 60.0%","score_version":"seoul-dong-v1.0","score_scope":"서울 법정동 시장·건물구조 상대위험"},"geometry":{"type":"Polygon","coordinates":[[[126.89105435401208,37.51043420869055],[126.89186304598009,37.5104294750592],[126.89188205586564,37.5109651081869],[126.89410001387884,37.512078570136744],[126.90307194337285,37.51519743796417],[126.9040622550712,37.51461678328639],[126.89216730521841,37.5093769153268],[126.8917399833345,37.51033253965593],[126.89105435401208,37.51043420869055]]]}},{"type":"Feature","properties":{"legal_dong_code":"1156011200","sigungu_code":"11560","district":"영등포구","legal_dong":"당산동2가","risk_score":47.35244167716494,"risk_level":"주의","data_confidence":"낮음","market_risk_score":37.22042688067565,"building_risk_score":52.680742195038185,"district_context_score":79.0,"jeonse_ratio_pct":56.58450967906092,"high80_share_pct":0.0,"sale_decline_pct":0.8351264877594875,"sale_count":368.0,"jeonse_count":1077.0,"matched_group_count":6.0,"nonapt_building_share_pct":11.11111111111111,"old20_share_pct":11.11111111111111,"official_total":498,"official_dong_evidence_count":0,"major_reasons":"영등포구 공식 피해·보증사고 배경지표 상위 | 최근 매매 단가 하락 신호 0.8% | 최근 36개월 추정 전세가율 56.6%","score_version":"seoul-dong-v1.0","score_scope":"서울 법정동 시장·건물구조 상대위험"},"geometry":{"type":"Polygon","coordinates":[[[126.89202462266219,37.5247246499628],[126.89623452940981,37.524070102801815],[126.89529445208296,37.520190171606274],[126.89163329061842,37.52074892627324],[126.89202462266219,37.5247246499628]]]}},{"type":"Feature","properties":{"legal_dong_code":"1156011500","sigungu_code":"11560","district":"영등포구","legal_dong":"당산동5가","risk_score":56.05526326839793,"risk_level":"높음","data_confidence":"낮음","market_risk_score":61.35860319895754,"building_risk_score":29.5604053960936,"district_context_score":79.0,"jeonse_ratio_pct":63.86589928359431,"high80_share_pct":30.0531914893617,"sale_decline_pct":2.074942139566959,"sale_count":1051.0,"jeonse_count":1974.0,"matched_group_count":14.0,"nonapt_building_share_pct":0.0,"old20_share_pct":11.11111111111111,"official_total":498,"official_dong_evidence_count":0,"major_reasons":"80% 이상 매칭 비중 30.1% | 최근 매매 단가 하락 신호 2.1% | 영등포구 공식 피해·보증사고 배경지표 상위","score_version":"seoul-dong-v1.0","score_scope":"서울 법정동 시장·건물구조 상대위험"},"geometry":{"type":"Polygon","coordinates":[[[126.89895420231822,37.53536461483834],[126.90544260948859,37.53214960622952],[126.90409158095082,37.52887961323123],[126.89654701919969,37.53230210544888],[126.89895420231822,37.53536461483834]]]}},{"type":"Feature","properties":{"legal_dong_code":"1156011600","sigungu_code":"11560","district":"영등포구","legal_dong":"당산동6가","risk_score":66.67950563086697,"risk_level":"높음","data_confidence":"낮음","market_risk_score":67.17028363113306,"building_risk_score":58.10934180874855,"district_context_score":79.0,"jeonse_ratio_pct":73.09656079986499,"high80_share_pct":21.666666666666668,"sale_decline_pct":0.0,"sale_count":264.0,"jeonse_count":1085.0,"matched_group_count":11.0,"nonapt_building_share_pct":44.44444444444444,"old20_share_pct":0.0,"official_total":498,"official_dong_evidence_count":0,"major_reasons":"최근 36개월 추정 전세가율 73.1% | 영등포구 공식 피해·보증사고 배경지표 상위 | 비아파트 건물 비중 44.4%","score_version":"seoul-dong-v1.0","score_scope":"서울 법정동 시장·건물구조 상대위험"},"geometry":{"type":"MultiPolygon","coordinates":[[[[126.90062628967243,37.53749304674794],[126.90497661892304,37.535099816906126],[126.90459945286794,37.53492270613521],[126.90628175876417,37.533226693658],[126.90684514680584,37.53335040249644],[126.90735276396654,37.532804283774276],[126.90574668911823,37.53199853134193],[126.89895420231822,37.53536461483834],[126.90062628967243,37.53749304674794]]],[[[126.90645172049813,37.53365092812139],[126.90614955149947,37.53407442161367],[126.9065595454819,37.533648492083046],[126.90645172049813,37.53365092812139]]]]}},{"type":"Feature","properties":{"legal_dong_code":"1156010600","sigungu_code":"11560","district":"영등포구","legal_dong":"영등포동5가","risk_score":66.5281976641601,"risk_level":"높음","data_confidence":"낮음","market_risk_score":77.0925693096983,"building_risk_score":33.69062431336451,"district_context_score":79.0,"jeonse_ratio_pct":73.04651996630551,"high80_share_pct":40.625,"sale_decline_pct":4.4639197735752205,"sale_count":114.0,"jeonse_count":414.0,"matched_group_count":6.0,"nonapt_building_share_pct":7.6923076923076925,"old20_share_pct":0.0,"official_total":498,"official_dong_evidence_count":0,"major_reasons":"최근 매매 단가 하락 신호 4.5% | 80% 이상 매칭 비중 40.6% | 최근 36개월 추정 전세가율 73.0%","score_version":"seoul-dong-v1.0","score_scope":"서울 법정동 시장·건물구조 상대위험"},"geometry":{"type":"Polygon","coordinates":[[[126.90512038098426,37.52270883468957],[126.90864198467946,37.52216404951708],[126.90794213308382,37.51935513104867],[126.90480367897891,37.519994201861074],[126.90512038098426,37.52270883468957]]]}},{"type":"Feature","properties":{"legal_dong_code":"1156010500","sigungu_code":"11560","district":"영등포구","legal_dong":"영등포동4가","risk_score":66.08776920000568,"risk_level":"높음","data_confidence":"낮음","market_risk_score":77.2580561506493,"building_risk_score":31.531742038464404,"district_context_score":79.0,"jeonse_ratio_pct":89.26316193295304,"high80_share_pct":51.02040816326531,"sale_decline_pct":0.0,"sale_count":356.0,"jeonse_count":423.0,"matched_group_count":6.0,"nonapt_building_share_pct":0.0,"old20_share_pct":0.0,"official_total":498,"official_dong_evidence_count":0,"major_reasons":"최근 36개월 추정 전세가율 89.3% | 80% 이상 매칭 비중 51.0% | 영등포구 공식 피해·보증사고 배경지표 상위","score_version":"seoul-dong-v1.0","score_scope":"서울 법정동 시장·건물구조 상대위험"},"geometry":{"type":"Polygon","coordinates":[[[126.90112383143097,37.520569633576386],[126.90545759542817,37.519862505388815],[126.90488031694322,37.51986265619682],[126.9066943480654,37.51638165213629],[126.90320870160853,37.515140870197804],[126.90264620916982,37.515415456797015],[126.90120325642285,37.51856417546777],[126.90112383143097,37.520569633576386]]]}},{"type":"Feature","properties":{"legal_dong_code":"1156010900","sigungu_code":"11560","district":"영등포구","legal_dong":"영등포동8가","risk_score":50.884415195514116,"risk_level":"주의","data_confidence":"낮음","market_risk_score":51.39307212767474,"building_risk_score":32.794287675637065,"district_context_score":79.0,"jeonse_ratio_pct":61.318686269206566,"high80_share_pct":22.608695652173914,"sale_decline_pct":0.0,"sale_count":397.0,"jeonse_count":1039.0,"matched_group_count":8.0,"nonapt_building_share_pct":0.0,"old20_share_pct":8.333333333333332,"official_total":498,"official_dong_evidence_count":0,"major_reasons":"영등포구 공식 피해·보증사고 배경지표 상위 | 80% 이상 매칭 비중 22.6% | 최근 36개월 추정 전세가율 61.3%","score_version":"seoul-dong-v1.0","score_scope":"서울 법정동 시장·건물구조 상대위험"},"geometry":{"type":"Polygon","coordinates":[[[126.90683440988042,37.532750773814406],[126.90645295154721,37.52800967256859],[126.90707125537585,37.52568699988168],[126.90643255515906,37.525406025869124],[126.90292045333,37.526098560827556],[126.90544260948859,37.53214960622952],[126.90683440988042,37.532750773814406]]]}},{"type":"Feature","properties":{"legal_dong_code":"1156012700","sigungu_code":"11560","district":"영등포구","legal_dong":"양평동3가","risk_score":54.58190546132024,"risk_level":"주의","data_confidence":"낮음","market_risk_score":50.06010282783249,"building_risk_score":50.783375058483,"district_context_score":79.0,"jeonse_ratio_pct":62.33069364823471,"high80_share_pct":15.238095238095239,"sale_decline_pct":0.0,"sale_count":762.0,"jeonse_count":2036.0,"matched_group_count":12.0,"nonapt_building_share_pct":26.666666666666668,"old20_share_pct":33.33333333333333,"official_total":498,"official_dong_evidence_count":0,"major_reasons":"영등포구 공식 피해·보증사고 배경지표 상위 | 80% 이상 매칭 비중 15.2% | 최근 36개월 추정 전세가율 62.3%","score_version":"seoul-dong-v1.0","score_scope":"서울 법정동 시장·건물구조 상대위험"},"geometry":{"type":"Polygon","coordinates":[[[126.89184289518289,37.534624645637514],[126.89654701919969,37.53230210544888],[126.89273758171929,37.52743240917906],[126.89202462266219,37.5247246499628],[126.88299457031516,37.526097419404685],[126.88857029382757,37.52860014114364],[126.89128816058157,37.53262137462871],[126.89184289518289,37.534624645637514]]]}},{"type":"Feature","properties":{"legal_dong_code":"1156013300","sigungu_code":"11560","district":"영등포구","legal_dong":"대림동","risk_score":53.01488812733747,"risk_level":"주의","data_confidence":"보통","market_risk_score":46.34797242294635,"building_risk_score":53.424418694278636,"district_context_score":79.0,"jeonse_ratio_pct":61.127293132759306,"high80_share_pct":9.396751740139212,"sale_decline_pct":0.0,"sale_count":3025.0,"jeonse_count":6445.0,"matched_group_count":23.0,"nonapt_building_share_pct":25.37313432835821,"old20_share_pct":5.970149253731343,"official_total":498,"official_dong_evidence_count":0,"major_reasons":"영등포구 공식 피해·보증사고 배경지표 상위 | 80% 이상 매칭 비중 9.4% | 최근 36개월 추정 전세가율 61.1%","score_version":"seoul-dong-v1.0","score_scope":"서울 법정동 시장·건물구조 상대위험"},"geometry":{"type":"Polygon","coordinates":[[[126.9094501084302,37.49259869007308],[126.90319785592906,37.485001492343876],[126.8981441811811,37.48693510507397],[126.89612404005365,37.48933791864843],[126.89403309035296,37.498200119958625],[126.89276213234568,37.50083345808743],[126.89313741223532,37.502678452289395],[126.89269257839926,37.50331403071371],[126.89316868320223,37.50460321039242],[126.89397666298778,37.50501165908197],[126.89227970762339,37.50907361762871],[126.896404010252,37.506594751928695],[126.90205665257403,37.5012172297149],[126.90107849631735,37.49972470938191],[126.9032879233971,37.49749755960036],[126.90455695834514,37.497246697648556],[126.90566606780834,37.497680865969734],[126.90754327612896,37.497215863891924],[126.90818240288628,37.49758256348537],[126.9094501084302,37.49259869007308]]]}},{"type":"Feature","properties":{"legal_dong_code":"1156012800","sigungu_code":"11560","district":"영등포구","legal_dong":"양평동4가","risk_score":66.89162697245479,"risk_level":"높음","data_confidence":"낮음","market_risk_score":75.31856660650011,"building_risk_score":39.4019480342189,"district_context_score":79.0,"jeonse_ratio_pct":82.61088900073008,"high80_share_pct":64.43661971830986,"sale_decline_pct":0.0,"sale_count":692.0,"jeonse_count":1857.0,"matched_group_count":15.0,"nonapt_building_share_pct":10.0,"old20_share_pct":0.0,"official_total":498,"official_dong_evidence_count":0,"major_reasons":"최근 36개월 추정 전세가율 82.6% | 80% 이상 매칭 비중 64.4% | 영등포구 공식 피해·보증사고 배경지표 상위","score_version":"seoul-dong-v1.0","score_scope":"서울 법정동 시장·건물구조 상대위험"},"geometry":{"type":"Polygon","coordinates":[[[126.89602406871764,37.54054806562346],[126.90062628967243,37.53749304674794],[126.89654701919969,37.53230210544888],[126.89184289518289,37.534624645637514],[126.89180767489454,37.53516499245024],[126.89602406871764,37.54054806562346]]]}},{"type":"Feature","properties":{"legal_dong_code":"1156013200","sigungu_code":"11560","district":"영등포구","legal_dong":"신길동","risk_score":46.058415284886934,"risk_level":"주의","data_confidence":"높음","market_risk_score":40.714756389293484,"building_risk_score":39.11824580524338,"district_context_score":79.0,"jeonse_ratio_pct":54.10645652759448,"high80_share_pct":11.603053435114504,"sale_decline_pct":0.0,"sale_count":4404.0,"jeonse_count":15241.0,"matched_group_count":44.0,"nonapt_building_share_pct":7.662835249042145,"old20_share_pct":5.747126436781609,"official_total":498,"official_dong_evidence_count":0,"major_reasons":"영등포구 공식 피해·보증사고 배경지표 상위 | 80% 이상 매칭 비중 11.6% | 최근 매매 단가 하락 신호 0.0%","score_version":"seoul-dong-v1.0","score_scope":"서울 법정동 시장·건물구조 상대위험"},"geometry":{"type":"Polygon","coordinates":[[[126.89824475494122,37.50537341558911],[126.91011402753936,37.51036026793563],[126.90998865064456,37.51243586900272],[126.91151461984667,37.513846335073325],[126.91493645974096,37.51559523957136],[126.91486756286317,37.51680862340774],[126.91687352507917,37.51724099715525],[126.91645478117826,37.51765371282441],[126.91736364414768,37.518979719444665],[126.9187296915129,37.51806038979846],[126.92686653395945,37.515543663426065],[126.9269704567921,37.51321689701732],[126.9253904285198,37.51252909570095],[126.91982231200315,37.497800559799025],[126.91237267770767,37.49629820898865],[126.90948144993821,37.49258317224881],[126.90818240288628,37.49758256348537],[126.90754327612896,37.497215863891924],[126.90566606780834,37.497680865969734],[126.90455695834514,37.497246697648556],[126.9032879233971,37.49749755960036],[126.90107849631735,37.49972470938191],[126.90205665257403,37.5012172297149],[126.89961558635957,37.503295274505085],[126.89824475494122,37.50537341558911]]]}},{"type":"Feature","properties":{"legal_dong_code":"1159010200","sigungu_code":"11590","district":"동작구","legal_dong":"상도동","risk_score":45.497820498215816,"risk_level":"주의","data_confidence":"높음","market_risk_score":36.588032286231545,"building_risk_score":61.180004505907554,"district_context_score":55.0,"jeonse_ratio_pct":54.25120941232464,"high80_share_pct":1.5127388535031847,"sale_decline_pct":0.0,"sale_count":7647.0,"jeonse_count":17800.0,"matched_group_count":37.0,"nonapt_building_share_pct":41.701534170153415,"old20_share_pct":65.96931659693166,"official_total":974,"official_dong_evidence_count":0,"major_reasons":"비아파트 건물 비중 41.7% | 20년 이상 주거건물 비중 66.0% | 동작구 공식 피해·보증사고 배경지표 상위","score_version":"seoul-dong-v1.0","score_scope":"서울 법정동 시장·건물구조 상대위험"},"geometry":{"type":"MultiPolygon","coordinates":[[[[126.92816376175446,37.503047015346965],[126.92929911676325,37.50436180238869],[126.93052167560438,37.50345496817642],[126.93235784867392,37.50377020834124],[126.93276048249088,37.506093990590124],[126.93276230791166,37.50558337824918],[126.93376962226012,37.505128686045246],[126.93473202117018,37.506761012893435],[126.93592530358129,37.50709855543303],[126.93666155320791,37.50650266373162],[126.93885631034463,37.50620287000337],[126.93928005879576,37.505421415421125],[126.94084751419598,37.505196855210606],[126.94463006501472,37.50698079352056],[126.94702408234917,37.50691723046814],[126.94728617453634,37.50623439487109],[126.94781534981601,37.50688092221315],[126.94925322440446,37.506976982739694],[126.95060911136137,37.50806399760319],[126.95129356667397,37.508009059436475],[126.95161690743738,37.50743587374889],[126.95024875090019,37.50634176514913],[126.94985284342845,37.50521947203407],[126.94616979139693,37.503205127579406],[126.94750129573684,37.50176388537262],[126.94922627916301,37.5010649821301],[126.95028113699527,37.499116512176954],[126.95132275616636,37.49838184335882],[126.95036610491812,37.50002051200148],[126.95105162453339,37.49955234155713],[126.9511101042462,37.50002060653188],[126.95283569861373,37.50040976870751],[126.9525628314963,37.50001933433865],[126.95352680994742,37.50063958986429],[126.95236058668108,37.5006185135495],[126.95348464199,37.50132321436131],[126.95323349324512,37.50367197846481],[126.95238326545635,37.50459889003196],[126.95300768471648,37.5046580102776],[126.95332500843789,37.50701617745087],[126.95232154488643,37.50665658113449],[126.95164109790663,37.50806730299008],[126.9531207403712,37.50871482553788],[126.95382188822953,37.50767279185177],[126.95464684192908,37.50750939277204],[126.95363751929064,37.50436755121554],[126.95502358161646,37.50385604062249],[126.95506786257312,37.50215095496779],[126.95679742782724,37.499203104489354],[126.9619372325056,37.49744461150061],[126.96290930881241,37.494766379376685],[126.96137765814574,37.49287406702736],[126.96028903105383,37.49374369750132],[126.95936383982453,37.493802864043026],[126.95747835228408,37.49197726432742],[126.95372726515173,37.49064161484601],[126.95169736325856,37.49220547995976],[126.94882262535833,37.493179141607314],[126.94879323570564,37.49385564407904],[126.94696417186137,37.49412566318489],[126.94454181981385,37.49314461072569],[126.94451202790323,37.49249921024644],[126.94261965279166,37.49214245021183],[126.94038765435775,37.49297172291971],[126.93925484752553,37.49219742488664],[126.93830365039129,37.49239167991726],[126.93725878736271,37.491911405955456],[126.93436585428275,37.4930432638548],[126.93241546879325,37.492873075667006],[126.92985918958922,37.49400334354501],[126.92942718056894,37.495744198901676],[126.93009289655643,37.49778588867187],[126.9286529428516,37.49886100017071],[126.93023903452766,37.4995372932815],[126.93041884126193,37.5000296802287],[126.92891175761028,37.50090103829649],[126.92816376175446,37.503047015346965]]],[[[126.95223145379639,37.50169622512534],[126.95283591772117,37.50204077425819],[126.9529649396672,37.502030186562465],[126.95277768140453,37.501579240853765],[126.95223145379639,37.50169622512534]]]]}},{"type":"Feature","properties":{"legal_dong_code":"1159010100","sigungu_code":"11590","district":"동작구","legal_dong":"노량진동","risk_score":44.60931530115411,"risk_level":"주의","data_confidence":"높음","market_risk_score":34.5583433326256,"building_risk_score":62.497237206315035,"district_context_score":55.0,"jeonse_ratio_pct":43.687713757952274,"high80_share_pct":14.043583535108958,"sale_decline_pct":0.0,"sale_count":1670.0,"jeonse_count":4492.0,"matched_group_count":36.0,"nonapt_building_share_pct":31.677524429967423,"old20_share_pct":77.89087947882736,"official_total":974,"official_dong_evidence_count":0,"major_reasons":"20년 이상 주거건물 비중 77.9% | 80% 이상 매칭 비중 14.0% | 동작구 공식 피해·보증사고 배경지표 상위","score_version":"seoul-dong-v1.0","score_scope":"서울 법정동 시장·건물구조 상대위험"},"geometry":{"type":"Polygon","coordinates":[[[126.93238569805706,37.51557517855476],[126.95020789185402,37.51742455799301],[126.94837848583433,37.51557039116855],[126.94859776279056,37.514388175174105],[126.95008868452985,37.51342868675072],[126.9483106259582,37.51068398560713],[126.94902159464415,37.50859588235886],[126.95050709430404,37.50789789977007],[126.94728617453634,37.50623439487109],[126.94702408234917,37.50691723046814],[126.94463006501472,37.50698079352056],[126.94084751419598,37.505196855210606],[126.93928005879576,37.505421415421125],[126.93943457793736,37.50583733421272],[126.93852829523127,37.50636068549864],[126.9365137886174,37.506556471182584],[126.9363784169502,37.507068739861076],[126.93514633278376,37.50687996182646],[126.9344516257945,37.51313355214629],[126.93259118816783,37.514641244834486],[126.93238569805706,37.51557517855476]]]}},{"type":"Feature","properties":{"legal_dong_code":"1159010300","sigungu_code":"11590","district":"동작구","legal_dong":"상도1동","risk_score":70.8947025427707,"risk_level":"매우 높음","data_confidence":"높음","market_risk_score":74.64732929711211,"building_risk_score":71.42521985801376,"district_context_score":55.0,"jeonse_ratio_pct":78.62564861405414,"high80_share_pct":50.76142131979695,"sale_decline_pct":0.0,"sale_count":486.0,"jeonse_count":1180.0,"matched_group_count":12.0,"nonapt_building_share_pct":41.55313351498637,"old20_share_pct":65.9400544959128,"official_total":974,"official_dong_evidence_count":0,"major_reasons":"최근 36개월 추정 전세가율 78.6% | 80% 이상 매칭 비중 50.8% | 비아파트 건물 비중 41.6%","score_version":"seoul-dong-v1.0","score_scope":"서울 법정동 시장·건물구조 상대위험"},"geometry":{"type":"Polygon","coordinates":[[[126.94616979139693,37.503205127579406],[126.94985284342845,37.50521947203405],[126.95024875090019,37.50634176514913],[126.95161690743738,37.50743587374891],[126.95129356667397,37.508009059436475],[126.95232154488643,37.50665658113446],[126.95332500843789,37.50701617745084],[126.95300768471648,37.5046580102776],[126.95238326545635,37.50459889003197],[126.95323349324512,37.503671978464794],[126.95348464199,37.50132321436131],[126.95236058668108,37.5006185135495],[126.95352680994742,37.50063958986429],[126.95256283149632,37.500019334338646],[126.95283569861373,37.50040976870752],[126.9511101042462,37.50002060653186],[126.95105162453339,37.49955234155713],[126.95036610491812,37.50002051200144],[126.9514792357359,37.498751544526705],[126.95132275616636,37.49838184335884],[126.95028113699526,37.499116512176954],[126.94922627916301,37.50106498213009],[126.94750129573684,37.5017638853726],[126.94616979139693,37.503205127579406]],[[126.95283591772117,37.50204077425819],[126.95230504055169,37.501767777053956],[126.95225342496049,37.501510619605696],[126.95301923306145,37.50170097504578],[126.95283591772117,37.50204077425819]]]}},{"type":"Feature","properties":{"legal_dong_code":"1159010800","sigungu_code":"11590","district":"동작구","legal_dong":"대방동","risk_score":47.402373336474476,"risk_level":"주의","data_confidence":"높음","market_risk_score":39.50555847641882,"building_risk_score":61.79615300249274,"district_context_score":55.0,"jeonse_ratio_pct":55.42879744528612,"high80_share_pct":5.9375,"sale_decline_pct":0.0,"sale_count":1866.0,"jeonse_count":4741.0,"matched_group_count":18.0,"nonapt_building_share_pct":41.64976335361731,"old20_share_pct":69.5740365111562,"official_total":974,"official_dong_evidence_count":0,"major_reasons":"비아파트 건물 비중 41.6% | 20년 이상 주거건물 비중 69.6% | 동작구 공식 피해·보증사고 배경지표 상위","score_version":"seoul-dong-v1.0","score_scope":"서울 법정동 시장·건물구조 상대위험"},"geometry":{"type":"Polygon","coordinates":[[[126.920243806956,37.49850718850336],[126.9202859639316,37.50003300459255],[126.92538317129191,37.51252488336969],[126.92695645750358,37.51321332023575],[126.92685877520218,37.51555428126715],[126.93238569805708,37.51557517855477],[126.93259118816786,37.514641244834486],[126.9344516257945,37.51313355214629],[126.9351885670533,37.506863695511896],[126.93376962226014,37.505128686045246],[126.93276230791166,37.505583378249185],[126.93285353456723,37.50600049412596],[126.93276048249088,37.50609399059014],[126.93235784867392,37.50377020834125],[126.93052167560438,37.50345496817642],[126.92929911676327,37.50436180238871],[126.92837001365189,37.5036808511879],[126.9287280568744,37.501177856123356],[126.93038157883335,37.49968362028211],[126.92898644804397,37.4988605476586],[126.927029787151,37.499346509214774],[126.92227199244992,37.49792628684798],[126.920243806956,37.49850718850336]]]}},{"type":"Feature","properties":{"legal_dong_code":"1159010900","sigungu_code":"11590","district":"동작구","legal_dong":"신대방동","risk_score":51.472897699053576,"risk_level":"주의","data_confidence":"높음","market_risk_score":44.13505327882953,"building_risk_score":66.96746292702342,"district_context_score":55.0,"jeonse_ratio_pct":60.37435376610536,"high80_share_pct":6.94980694980695,"sale_decline_pct":0.0,"sale_count":1999.0,"jeonse_count":6747.0,"matched_group_count":31.0,"nonapt_building_share_pct":41.53997057381069,"old20_share_pct":72.87886218734674,"official_total":974,"official_dong_evidence_count":0,"major_reasons":"비아파트 건물 비중 41.5% | 20년 이상 주거건물 비중 72.9% | 동작구 공식 피해·보증사고 배경지표 상위","score_version":"seoul-dong-v1.0","score_scope":"서울 법정동 시장·건물구조 상대위험"},"geometry":{"type":"Polygon","coordinates":[[[126.90319784289873,37.485002807794096],[126.91240249505998,37.49630996249021],[126.91940773482689,37.497599701043704],[126.920243806956,37.49850718850336],[126.92227199244992,37.49792628684798],[126.927029787151,37.499346509214774],[126.93009289655643,37.49778588867187],[126.92942718056896,37.495744198901676],[126.92985918958922,37.49400334354501],[126.92747906326471,37.49501504982262],[126.92415123664,37.48997794212454],[126.91870223362992,37.490130977458556],[126.91424786496258,37.48837817330078],[126.91127443894408,37.48626758977891],[126.90609770159813,37.484960585637175],[126.90319784289873,37.485002807794096]]]}},{"type":"Feature","properties":{"legal_dong_code":"1159010500","sigungu_code":"11590","district":"동작구","legal_dong":"흑석동","risk_score":31.193981704300704,"risk_level":"낮음","data_confidence":"높음","market_risk_score":20.070315989665595,"building_risk_score":43.60716844200539,"district_context_score":55.0,"jeonse_ratio_pct":44.87862857949112,"high80_share_pct":0.0,"sale_decline_pct":0.0,"sale_count":1209.0,"jeonse_count":4750.0,"matched_group_count":20.0,"nonapt_building_share_pct":19.53619114546732,"old20_share_pct":53.47856640899508,"official_total":974,"official_dong_evidence_count":0,"major_reasons":"동작구 공식 피해·보증사고 배경지표 상위 | 20년 이상 주거건물 비중 53.5% | 비아파트 건물 비중 19.5%","score_version":"seoul-dong-v1.0","score_scope":"서울 법정동 시장·건물구조 상대위험"},"geometry":{"type":"Polygon","coordinates":[[[126.95363751929064,37.50436755121551],[126.95523268521742,37.50907223255431],[126.9574976817264,37.510059717248424],[126.95807040937252,37.51120491632633],[126.95996710346961,37.51166752178976],[126.96190969595582,37.51311711807216],[126.96699421031823,37.50983939992488],[126.97405349480265,37.5074761068223],[126.97200540573802,37.505539657147395],[126.97198016587828,37.504641031533986],[126.96657927172275,37.50276734667419],[126.96511558270228,37.50082514501221],[126.96331937255492,37.499586948124914],[126.9619372325056,37.49744461150061],[126.95679742782724,37.499203104489354],[126.95506786257312,37.502150954967775],[126.95502358161646,37.50385604062249],[126.95363751929064,37.50436755121551]]]}},{"type":"Feature","properties":{"legal_dong_code":"1159010700","sigungu_code":"11590","district":"동작구","legal_dong":"사당동","risk_score":48.10670389929666,"risk_level":"주의","data_confidence":"높음","market_risk_score":32.65141456184535,"building_risk_score":81.06342064875781,"district_context_score":55.0,"jeonse_ratio_pct":51.18987420268027,"high80_share_pct":1.337295690936107,"sale_decline_pct":0.0,"sale_count":5403.0,"jeonse_count":17273.0,"matched_group_count":34.0,"nonapt_building_share_pct":48.21493624772313,"old20_share_pct":75.5009107468124,"official_total":974,"official_dong_evidence_count":0,"major_reasons":"비아파트 건물 비중 48.2% | 20년 이상 주거건물 비중 75.5% | 동작구 공식 피해·보증사고 배경지표 상위","score_version":"seoul-dong-v1.0","score_scope":"서울 법정동 시장·건물구조 상대위험"},"geometry":{"type":"Polygon","coordinates":[[[126.97483899072596,37.494968264673155],[126.97792556533372,37.4942396432414],[126.97762000514157,37.49365721169099],[126.97884420631864,37.4933740344757],[126.97905418175823,37.493904087664816],[126.98149402959055,37.49238240430804],[126.98278065717136,37.492649680719474],[126.98168696767543,37.476530385123866],[126.97842293421817,37.47665024733169],[126.97052260271987,37.475376494210586],[126.97028960008575,37.47649858632871],[126.96889720580177,37.47656786666802],[126.96632553308068,37.47895967687838],[126.96479461846427,37.47951153421324],[126.96393897799888,37.480994386148836],[126.96106885597395,37.48355761650851],[126.96198724613151,37.48517747678764],[126.96196688453684,37.488627762085734],[126.96077898402382,37.49082287090019],[126.96139990969404,37.491482660446074],[126.96137765814574,37.49287406702736],[126.96290930881244,37.4947663793767],[126.96490738648765,37.49338364761854],[126.96800220460575,37.49414174813559],[126.97150181810726,37.493249410894286],[126.97298614554342,37.493421923661295],[126.97483899072596,37.494968264673155]]]}},{"type":"Feature","properties":{"legal_dong_code":"1159010600","sigungu_code":"11590","district":"동작구","legal_dong":"동작동","risk_score":39.828426285532586,"risk_level":"주의","data_confidence":"높음","market_risk_score":30.350397614344754,"building_risk_score":53.47275086770295,"district_context_score":55.0,"jeonse_ratio_pct":57.72965664575462,"high80_share_pct":0.0,"sale_decline_pct":null,"sale_count":262.0,"jeonse_count":643.0,"matched_group_count":12.0,"nonapt_building_share_pct":36.0655737704918,"old20_share_pct":54.09836065573771,"official_total":974,"official_dong_evidence_count":0,"major_reasons":"비아파트 건물 비중 36.1% | 동작구 공식 피해·보증사고 배경지표 상위 | 20년 이상 주거건물 비중 54.1%","score_version":"seoul-dong-v1.0","score_scope":"서울 법정동 시장·건물구조 상대위험"},"geometry":{"type":"Polygon","coordinates":[[[126.98278065717136,37.492649680719474],[126.98149402959055,37.49238240430804],[126.97905418175823,37.493904087664816],[126.97884420631864,37.4933740344757],[126.97762000514157,37.49365721169099],[126.97792556533372,37.4942396432414],[126.97483899072596,37.494968264673155],[126.97226230936266,37.4932964265995],[126.96800220460575,37.49414174813559],[126.96490738648765,37.49338364761854],[126.96290930881244,37.4947663793767],[126.9619372325056,37.49744461150061],[126.96331937255492,37.499586948124914],[126.96511558270228,37.50082514501221],[126.96657927172275,37.50276734667419],[126.97198016587828,37.504641031533986],[126.97200540573802,37.505539657147395],[126.97405349480265,37.5074761068223],[126.98039928554138,37.50655309615519],[126.98039677733256,37.50457658565726],[126.97981797807097,37.504180879543355],[126.98037911943928,37.50286451479014],[126.9853834638927,37.499864312312695],[126.98292022606374,37.49699401621213],[126.98278065717136,37.492649680719474]]]}},{"type":"Feature","properties":{"legal_dong_code":"1159010400","sigungu_code":"11590","district":"동작구","legal_dong":"본동","risk_score":36.03558160567183,"risk_level":"주의","data_confidence":"높음","market_risk_score":30.282154064627075,"building_risk_score":38.465156667582335,"district_context_score":55.0,"jeonse_ratio_pct":46.257199854024975,"high80_share_pct":0.0,"sale_decline_pct":24.832155798147294,"sale_count":524.0,"jeonse_count":1836.0,"matched_group_count":9.0,"nonapt_building_share_pct":13.07277628032345,"old20_share_pct":47.304582210242586,"official_total":974,"official_dong_evidence_count":0,"major_reasons":"최근 매매 단가 하락 신호 24.8% | 동작구 공식 피해·보증사고 배경지표 상위 | 20년 이상 주거건물 비중 47.3%","score_version":"seoul-dong-v1.0","score_scope":"서울 법정동 시장·건물구조 상대위험"},"geometry":{"type":"Polygon","coordinates":[[[126.96190969595582,37.51311711807216],[126.95996710346961,37.51166752178976],[126.95807040937252,37.51120491632633],[126.9574976817264,37.510059717248424],[126.95523268521742,37.50907223255431],[126.95503454315657,37.50768266361929],[126.95382188822954,37.50767279185177],[126.95303586877002,37.508732288105215],[126.95102272381115,37.50789217471115],[126.94902159464418,37.50859588235886],[126.9483106259582,37.51068398560711],[126.95008868452987,37.51342868675072],[126.94859776279056,37.51438817517409],[126.94837848583433,37.51557039116857],[126.95020789185402,37.51742455799301],[126.96190969595582,37.51311711807216]]]}},{"type":"Feature","properties":{"legal_dong_code":"1162010100","sigungu_code":"11620","district":"관악구","legal_dong":"봉천동","risk_score":68.29357751681636,"risk_level":"높음","data_confidence":"높음","market_risk_score":62.943248077195435,"building_risk_score":64.51051468199641,"district_context_score":96.0,"jeonse_ratio_pct":71.11343411756957,"high80_share_pct":24.035774175517048,"sale_decline_pct":0.0,"sale_count":9984.0,"jeonse_count":28567.0,"matched_group_count":54.0,"nonapt_building_share_pct":33.22692448011675,"old20_share_pct":76.92448011674571,"official_total":2292,"official_dong_evidence_count":0,"major_reasons":"관악구 공식 피해·보증사고 배경지표 상위 | 최근 36개월 추정 전세가율 71.1% | 20년 이상 주거건물 비중 76.9%","score_version":"seoul-dong-v1.0","score_scope":"서울 법정동 시장·건물구조 상대위험"},"geometry":{"type":"Polygon","coordinates":[[[126.96661260127333,37.45606698789731],[126.96546069545302,37.454989976535096],[126.96164658846074,37.45612254079964],[126.9571009298006,37.4597587192613],[126.95556785710173,37.4626860558609],[126.9561566468963,37.465804992112965],[126.9541983408585,37.46794723467062],[126.9532546698754,37.47082878442045],[126.95139691885338,37.47167016068288],[126.95040745563708,37.47157861845803],[126.94907057931574,37.47280261281438],[126.94679099240216,37.47260459287965],[126.9398859464049,37.4773243474206],[126.93946749371683,37.47891549613294],[126.93709063974788,37.479405270113226],[126.93661061484656,37.48049577806586],[126.93558249278195,37.48097891153781],[126.93751859678454,37.48222916943429],[126.93697024934232,37.48247570948717],[126.93778807107496,37.48389024772516],[126.93443374214385,37.48465151179734],[126.93420014248002,37.48670007452358],[126.92886884633356,37.48909095606963],[126.9241550280027,37.489963681775976],[126.92744652728304,37.494994711894684],[126.93135906087322,37.49321152628277],[126.93435805667366,37.4931010675601],[126.937303324524,37.491942109213724],[126.9394609761177,37.492292291479664],[126.94037141552666,37.49294498185592],[126.94156005448527,37.49218548961018],[126.94338074459031,37.492237468180505],[126.94696411620448,37.494046708568675],[126.94876961546815,37.49378840094623],[126.94880378842255,37.49311203575682],[126.95168439554242,37.49215109013943],[126.95369862097415,37.49060987904296],[126.95747835228406,37.49197726432738],[126.95931459217024,37.49380570263114],[126.96105235180049,37.493258232460185],[126.9614020288707,37.49149509496565],[126.96078013193184,37.49083291744708],[126.96196688453684,37.488627762085734],[126.96198724613151,37.48517747678764],[126.9610632581635,37.48358071626342],[126.96394721762141,37.481044457428766],[126.96479000283904,37.47947118591567],[126.96635083014345,37.47889815498646],[126.96880502221856,37.47659347470169],[126.97025183602126,37.47653597694995],[126.9714880373808,37.4730956930134],[126.97116894730281,37.46920949479691],[126.9730210835362,37.465708979781745],[126.9739920129666,37.46506727154288],[126.97339936425458,37.46352933408244],[126.97113844292619,37.46274115257596],[126.96838279027958,37.459226511804424],[126.96658379397499,37.45795795528106],[126.96661260127333,37.45606698789731]]]}},{"type":"Feature","properties":{"legal_dong_code":"1162010200","sigungu_code":"11620","district":"관악구","legal_dong":"신림동","risk_score":67.4093778035691,"risk_level":"높음","data_confidence":"높음","market_risk_score":60.59624326386371,"building_risk_score":66.60652738100346,"district_context_score":96.0,"jeonse_ratio_pct":67.30004666061218,"high80_share_pct":24.482338611449453,"sale_decline_pct":0.0,"sale_count":10131.0,"jeonse_count":26268.0,"matched_group_count":48.0,"nonapt_building_share_pct":32.445633991301435,"old20_share_pct":78.8892606222817,"official_total":2292,"official_dong_evidence_count":0,"major_reasons":"관악구 공식 피해·보증사고 배경지표 상위 | 20년 이상 주거건물 비중 78.9% | 80% 이상 매칭 비중 24.5%","score_version":"seoul-dong-v1.0","score_scope":"서울 법정동 시장·건물구조 상대위험"},"geometry":{"type":"Polygon","coordinates":[[[126.9241550280027,37.489963681775976],[126.92886884633356,37.48909095606963],[126.93420014248002,37.48670007452358],[126.93443374214385,37.48465151179734],[126.93778807107496,37.48389024772516],[126.93697024934232,37.48247570948717],[126.93751859678454,37.48222916943429],[126.93558249278195,37.48097891153781],[126.93661061484656,37.48049577806586],[126.93709063974788,37.479405270113226],[126.93946749371683,37.47891549613294],[126.9398859464049,37.4773243474206],[126.94679099240216,37.47260459287965],[126.94907057931574,37.47280261281438],[126.95040745563708,37.47157861845803],[126.95139691885338,37.47167016068288],[126.9532546698754,37.47082878442045],[126.9541983408585,37.46794723467062],[126.9561566468963,37.465804992112965],[126.95556785710173,37.4626860558609],[126.9571009298006,37.4597587192613],[126.96164658846074,37.45612254079964],[126.96546069545302,37.454989976535096],[126.96661260127333,37.45606698789731],[126.96763549487922,37.45582835690795],[126.96876686694767,37.45282656074299],[126.97030942051545,37.45103483188337],[126.97056906863736,37.449452552771106],[126.9676626424686,37.44838044126583],[126.96428943098358,37.4462673319523],[126.96393324843521,37.44521468984878],[126.96463375004936,37.44203966142654],[126.9629832395858,37.440299469189284],[126.96005557698552,37.44040067092733],[126.95896581151229,37.43906975624304],[126.95636796405613,37.438753998409844],[126.95241073459216,37.439190391810655],[126.95115801735206,37.43844414547136],[126.9492838874682,37.43825012005943],[126.94836291655973,37.438712584431094],[126.94509035902375,37.4370881086522],[126.94142414136216,37.43740440280358],[126.94021996099313,37.43571232154945],[126.93862161819402,37.43602853784496],[126.9372727271631,37.43863229389596],[126.93786414621533,37.440197457335735],[126.93735361926772,37.44087145947889],[126.93489534993434,37.44321233163419],[126.93055408998886,37.44546851288548],[126.93017402165081,37.44836565140261],[126.92839774902914,37.450213043527924],[126.92836602803139,37.451011919013915],[126.92729027679464,37.451008266021795],[126.92626315450903,37.45254045291],[126.92477931288458,37.45284411089441],[126.92308298978257,37.454528923102785],[126.92218691225825,37.45662361298384],[126.91833401484733,37.456909312785946],[126.91691641653016,37.457509466158896],[126.91498141248303,37.45731264626218],[126.91402997250601,37.45790532066225],[126.91441174373078,37.46161325479586],[126.91290197742856,37.46400973154794],[126.9137239980707,37.46546933162563],[126.91255227497369,37.465762227647176],[126.91104135942727,37.46808378659182],[126.90996256258994,37.46877422349467],[126.91025332581118,37.469250466408795],[126.9081973175446,37.47268349274765],[126.91074511266775,37.47361962770471],[126.91135924774997,37.47450696355263],[126.9118339766203,37.47782103937011],[126.91042835725474,37.478364295441025],[126.90946000475783,37.47802716500942],[126.90861426449193,37.47907290849424],[126.90897289792073,37.480095754610154],[126.90993498214802,37.48025305318985],[126.90978558132596,37.48076568820753],[126.8989434272411,37.478940138731176],[126.89904867610298,37.4793593759724],[126.90319784289873,37.485002807794096],[126.90609770159813,37.484960585637175],[126.91125060491059,37.4862576155171],[126.91468314339825,37.488593310472744],[126.91870098855247,37.49015260959607],[126.9241550280027,37.489963681775976]]]}},{"type":"Feature","properties":{"legal_dong_code":"1162010300","sigungu_code":"11620","district":"관악구","legal_dong":"남현동","risk_score":64.11783278097755,"risk_level":"높음","data_confidence":"높음","market_risk_score":63.79205283389972,"building_risk_score":45.77040432255092,"district_context_score":96.0,"jeonse_ratio_pct":74.79988987831575,"high80_share_pct":13.750000000000002,"sale_decline_pct":0.0,"sale_count":998.0,"jeonse_count":2449.0,"matched_group_count":22.0,"nonapt_building_share_pct":15.712545676004872,"old20_share_pct":65.89524969549329,"official_total":2292,"official_dong_evidence_count":0,"major_reasons":"관악구 공식 피해·보증사고 배경지표 상위 | 최근 36개월 추정 전세가율 74.8% | 80% 이상 매칭 비중 13.8%","score_version":"seoul-dong-v1.0","score_scope":"서울 법정동 시장·건물구조 상대위험"},"geometry":{"type":"Polygon","coordinates":[[[126.96661260127333,37.45606698789731],[126.96658379397499,37.45795795528106],[126.96838279027958,37.459226511804424],[126.97113844292619,37.46274115257596],[126.97339936425458,37.46352933408244],[126.9739920129666,37.46506727154288],[126.9730210835362,37.465708979781745],[126.97116894730281,37.46920949479691],[126.9714880373808,37.4730956930134],[126.97052260271987,37.475376494210586],[126.97842293421817,37.47665024733169],[126.98158258544774,37.476530718953036],[126.98321137794396,37.47157328702599],[126.98274645884199,37.472006938960796],[126.98714583444738,37.467750386928195],[126.98793517193292,37.46593234460715],[126.9883338997465,37.464001817201286],[126.98754311167397,37.460229661699415],[126.98863544798593,37.45816606081497],[126.98661238710187,37.457212361256225],[126.98190342850747,37.45693557861538],[126.98239785713476,37.4558910969855],[126.97847724213466,37.45573471305316],[126.97457930414795,37.45441277145232],[126.97175260297948,37.45173743030387],[126.97056906863736,37.449452552771106],[126.97030942051545,37.45103483188337],[126.96876686694767,37.45282656074299],[126.96763549487922,37.45582835690795],[126.96661260127333,37.45606698789731]]]}},{"type":"Feature","properties":{"legal_dong_code":"1165010900","sigungu_code":"11650","district":"서초구","legal_dong":"내곡동","risk_score":25.226240507559062,"risk_level":"낮음","data_confidence":"보통","market_risk_score":19.15077639951979,"building_risk_score":39.343098671388766,"district_context_score":26.0,"jeonse_ratio_pct":47.74928549555413,"high80_share_pct":0.0,"sale_decline_pct":null,"sale_count":161.0,"jeonse_count":1518.0,"matched_group_count":4.0,"nonapt_building_share_pct":7.357859531772576,"old20_share_pct":52.508361204013376,"official_total":29,"official_dong_evidence_count":0,"major_reasons":"20년 이상 주거건물 비중 52.5% | 비아파트 건물 비중 7.4% | 서초구 공식 피해·보증사고 배경지표 상위","score_version":"seoul-dong-v1.0","score_scope":"서울 법정동 시장·건물구조 상대위험"},"geometry":{"type":"Polygon","coordinates":[[[127.05860276470771,37.457410222416875],[127.0586235469256,37.459115670818335],[127.0592249675348,37.45985556319604],[127.05885556498558,37.46062043475593],[127.06237157493645,37.46295656703342],[127.06242768809406,37.46623552624922],[127.06143804235217,37.469011898222114],[127.06379916280605,37.46897224958842],[127.06854734019123,37.47095764323137],[127.07042213339435,37.47099428990417],[127.07531367628582,37.47342846802493],[127.07687355158559,37.47506879483826],[127.077872950387,37.47461749888689],[127.08487703494728,37.47535066838142],[127.08412971258704,37.472787129249994],[127.08502956724284,37.471106243553514],[127.08656975387846,37.470680051829696],[127.08812541264808,37.46825721450472],[127.08903567721082,37.46805631388518],[127.09159361448278,37.465568495861795],[127.092096610648,37.46227438303039],[127.0933433627319,37.46124810494245],[127.0956975201868,37.460993034026735],[127.09578429939079,37.46061074972463],[127.09510457940308,37.45977084187922],[127.09521355240818,37.45632123118241],[127.09354021586736,37.45588845063346],[127.09272525527238,37.45363391081757],[127.09112860932994,37.45295596312737],[127.08882077755807,37.44974964057584],[127.08785477964797,37.44489432999769],[127.08386159575421,37.443921704061495],[127.08243155948361,37.4415798833615],[127.08124996451525,37.44111901004123],[127.07601038550354,37.442139269362855],[127.07224953663314,37.44220033443661],[127.0712035649372,37.44436294982761],[127.06938810375047,37.446022859301976],[127.06768729525908,37.44663652640516],[127.06575240290908,37.44644082291457],[127.06220555441442,37.44975503189983],[127.06189233312037,37.45108378912441],[127.05875482173666,37.45299726699742],[127.0604622064203,37.454683308761496],[127.05943027219517,37.45538534186604],[127.05950611397068,37.45701588115492],[127.05860276470771,37.457410222416875]]]}},{"type":"Feature","properties":{"legal_dong_code":"1165010400","sigungu_code":"11650","district":"서초구","legal_dong":"원지동","risk_score":72.40007136875319,"risk_level":"매우 높음","data_confidence":"낮음","market_risk_score":95.43957672776017,"building_risk_score":44.94530132838835,"district_context_score":26.0,"jeonse_ratio_pct":null,"high80_share_pct":null,"sale_decline_pct":null,"sale_count":3.0,"jeonse_count":3.0,"matched_group_count":null,"nonapt_building_share_pct":4.3478260869565215,"old20_share_pct":86.95652173913044,"official_total":29,"official_dong_evidence_count":0,"major_reasons":"20년 이상 주거건물 비중 87.0% | 서초구 공식 피해·보증사고 배경지표 상위 | 비아파트 건물 비중 4.3%","score_version":"seoul-dong-v1.0","score_scope":"서울 법정동 시장·건물구조 상대위험"},"geometry":{"type":"Polygon","coordinates":[[[127.06114480116672,37.429985413458944],[127.05996104519483,37.4295688913253],[127.05806956198535,37.430010783387566],[127.05216913585507,37.42833979760775],[127.0498650177168,37.430309639489],[127.04736897064639,37.43070181625448],[127.04631140071882,37.43344722717237],[127.04462591224372,37.43406869404603],[127.04418542946443,37.43505549450202],[127.04108999184072,37.43776904837792],[127.04005255353538,37.43823701443268],[127.0370674849825,37.438275026419774],[127.03557349162061,37.4390040125081],[127.03517154829804,37.44094192544195],[127.03665424194476,37.442080052367245],[127.03823007073582,37.445180345264255],[127.038205348615,37.44585890138361],[127.03725376970924,37.44644846052262],[127.03774410872654,37.44941880427513],[127.03640944676576,37.45149677328795],[127.03708362945068,37.4519007907126],[127.03695356298161,37.453202774467286],[127.03871758599995,37.454414040155164],[127.03822942231851,37.455970905245216],[127.0389253235117,37.45658324457846],[127.03924118389754,37.4582367591394],[127.04211747026842,37.46153056459947],[127.04541559884659,37.46134513004225],[127.04684509579492,37.45821911258595],[127.04966957360169,37.45564239975837],[127.05096244986022,37.45194564285253],[127.05592496456629,37.44669012637491],[127.0569114800282,37.446303253314],[127.05964147331773,37.44134512280623],[127.06352957184792,37.43789977395311],[127.06398966400492,37.43615778350237],[127.06349519534004,37.43390818022096],[127.0620059088851,37.4330112765591],[127.06195717074647,37.43107799728108],[127.06114480116672,37.429985413458944]]]}},{"type":"Feature","properties":{"legal_dong_code":"1165010200","sigungu_code":"11650","district":"서초구","legal_dong":"양재동","risk_score":46.40878057803776,"risk_level":"주의","data_confidence":"높음","market_risk_score":44.067302601322766,"building_risk_score":64.27359606897642,"district_context_score":26.0,"jeonse_ratio_pct":56.431004637143864,"high80_share_pct":9.26892950391645,"sale_decline_pct":0.0,"sale_count":2815.0,"jeonse_count":9510.0,"matched_group_count":26.0,"nonapt_building_share_pct":37.983193277310924,"old20_share_pct":78.54341736694678,"official_total":29,"official_dong_evidence_count":0,"major_reasons":"20년 이상 주거건물 비중 78.5% | 비아파트 건물 비중 38.0% | 80% 이상 매칭 비중 9.3%","score_version":"seoul-dong-v1.0","score_scope":"서울 법정동 시장·건물구조 상대위험"},"geometry":{"type":"Polygon","coordinates":[[[127.04543150916018,37.46129899269314],[127.04211747026842,37.46153056459947],[127.04066298022869,37.46018784650352],[127.03822942231851,37.455970905245216],[127.03871758599995,37.454414040155164],[127.03695356298161,37.453202774467286],[127.03690058096313,37.451693208793635],[127.03607647743763,37.45166298962955],[127.03475446693533,37.45261755227695],[127.03482339814391,37.453106202471204],[127.03712746523124,37.45520759516888],[127.0367402917605,37.45644380967181],[127.03501574266524,37.45789347901494],[127.03492393008335,37.460175363301325],[127.0340126338018,37.460300496668296],[127.03373193274041,37.46123707786948],[127.03469307512636,37.46415471490755],[127.03192156469099,37.46551876984807],[127.0299282114339,37.46535158905566],[127.02896792831343,37.46772064534134],[127.03203058666432,37.471493386560105],[127.03030124528647,37.47334664299192],[127.02924872008698,37.47322931382424],[127.02911444366225,37.47391230538588],[127.02163370932423,37.47700467788477],[127.02266481000696,37.479019760292985],[127.02438047334358,37.48061384463067],[127.02557549134585,37.48086659961728],[127.02649827697304,37.480500051812065],[127.02855164250865,37.481078709665354],[127.0304199784068,37.48029941450532],[127.03430456035049,37.4822115782399],[127.03385570482413,37.484336866685105],[127.041750046971,37.48543708735297],[127.0451903737565,37.477355413462284],[127.05118152183974,37.471788995798704],[127.04301201492567,37.46565640310386],[127.04717273847187,37.46240810014887],[127.04797405512663,37.46063343948006],[127.0474676462731,37.46038793346868],[127.04543150916018,37.46129899269314]]]}},{"type":"Feature","properties":{"legal_dong_code":"1165011100","sigungu_code":"11650","district":"서초구","legal_dong":"신원동","risk_score":59.48342926431381,"risk_level":"높음","data_confidence":"높음","market_risk_score":74.01167192774524,"building_risk_score":44.70570443066669,"district_context_score":26.0,"jeonse_ratio_pct":77.33492793372598,"high80_share_pct":59.55882352941176,"sale_decline_pct":0.21094499732605687,"sale_count":300.0,"jeonse_count":1879.0,"matched_group_count":8.0,"nonapt_building_share_pct":15.358361774744028,"old20_share_pct":39.59044368600683,"official_total":29,"official_dong_evidence_count":0,"major_reasons":"80% 이상 매칭 비중 59.6% | 최근 36개월 추정 전세가율 77.3% | 최근 매매 단가 하락 신호 0.2%","score_version":"seoul-dong-v1.0","score_scope":"서울 법정동 시장·건물구조 상대위험"},"geometry":{"type":"Polygon","coordinates":[[[127.05096244986022,37.45194564285253],[127.04958634467745,37.45576661922734],[127.04681940458399,37.45825582938542],[127.04543150916018,37.46129899269314],[127.04778313667751,37.46054088207872],[127.04876032411488,37.45848164518563],[127.05027626080253,37.457048061816074],[127.05386278187505,37.457629847486785],[127.05668449559472,37.456664236099826],[127.0584275027132,37.45688004733649],[127.05860276470771,37.457410222416875],[127.05950611397068,37.45701588115492],[127.05943027219517,37.45538534186604],[127.0604622064203,37.454683308761496],[127.05897057501086,37.45335466341438],[127.05875482173666,37.45299726699742],[127.06189233312037,37.45108378912441],[127.06220555441442,37.44975503189983],[127.06575240290908,37.44644082291457],[127.06832595886961,37.44642991765571],[127.0712035649372,37.44436294982761],[127.07209483898836,37.44287580405787],[127.07162566754174,37.44152386926201],[127.07200746969794,37.43885683932683],[127.07384319676599,37.43740774725409],[127.07302400668948,37.43640696415189],[127.07127187986401,37.43560137427776],[127.07151949728144,37.434116987400486],[127.0705708462468,37.43241688214671],[127.07095223189539,37.430213132720745],[127.06987339744676,37.43097220405861],[127.0689638263417,37.430432328198656],[127.06827003042983,37.43067934627642],[127.06670013293193,37.43012876861626],[127.06568132257868,37.42898536836489],[127.06114480116672,37.429985413458944],[127.06195717074647,37.43107799728108],[127.0620059088851,37.4330112765591],[127.06349519534004,37.43390818022096],[127.06398966400492,37.43615778350237],[127.06352957184792,37.43789977395311],[127.05982477425775,37.441116032413184],[127.0569114800282,37.446303253314],[127.05599660693538,37.44665211593492],[127.05096244986022,37.45194564285253]]]}},{"type":"Feature","properties":{"legal_dong_code":"1165010100","sigungu_code":"11650","district":"서초구","legal_dong":"방배동","risk_score":44.302103498897274,"risk_level":"주의","data_confidence":"높음","market_risk_score":40.49997662955558,"building_risk_score":64.40847008465572,"district_context_score":26.0,"jeonse_ratio_pct":54.28587850760347,"high80_share_pct":7.50332005312085,"sale_decline_pct":0.0,"sale_count":4742.0,"jeonse_count":15965.0,"matched_group_count":51.0,"nonapt_building_share_pct":41.46572104018912,"old20_share_pct":69.62174940898345,"official_total":29,"official_dong_evidence_count":0,"major_reasons":"비아파트 건물 비중 41.5% | 20년 이상 주거건물 비중 69.6% | 80% 이상 매칭 비중 7.5%","score_version":"seoul-dong-v1.0","score_scope":"서울 법정동 시장·건물구조 상대위험"},"geometry":{"type":"Polygon","coordinates":[[[126.98538719696025,37.49985897890969],[126.98673674805278,37.49872001358195],[126.98874382547636,37.49884063008764],[126.98930955968125,37.49804316162754],[126.99094797322167,37.497850415650376],[126.99320230136239,37.49608567347352],[126.99475691677844,37.495853603125504],[126.99519842504564,37.493968700481346],[126.99672499879003,37.49416118974056],[126.99980985528468,37.49303963800542],[127.00029411005549,37.49181464450858],[126.99982471038788,37.490180071288705],[127.00048731840869,37.489722010360694],[127.00041434700151,37.48854048278672],[127.00136456879117,37.48683807412082],[127.00024103526981,37.48563428511817],[127.00080677450761,37.48356308649401],[127.00222821358605,37.4823081807562],[127.00446573956756,37.482740140234846],[127.01011132938719,37.472544628115685],[127.00896535472486,37.471151683063866],[127.00817619724866,37.471406236546606],[127.00554556242662,37.470225807026914],[127.00273460922416,37.46712459713072],[126.99675166418368,37.46707240236026],[126.99623069968895,37.46660830916643],[126.99737052526791,37.46368743444607],[126.99676829309425,37.461873392442236],[126.9933541231266,37.46149585623956],[126.99265496074521,37.46034386229289],[126.99169826072344,37.46051911322919],[126.98864554482576,37.45814478017246],[126.98754733145009,37.460148445619296],[126.98834401690145,37.4639985657038],[126.9873028050674,37.46761444444969],[126.98452026250601,37.46980069554726],[126.98321488296303,37.47157083684036],[126.9817080697464,37.47629224472717],[126.98292972524074,37.49699358522731],[126.98538719696025,37.49985897890969]]]}},{"type":"Feature","properties":{"legal_dong_code":"1165010300","sigungu_code":"11650","district":"서초구","legal_dong":"우면동","risk_score":36.341842992217714,"risk_level":"주의","data_confidence":"높음","market_risk_score":37.60641597753114,"building_risk_score":39.511973622796106,"district_context_score":26.0,"jeonse_ratio_pct":51.86299650350252,"high80_share_pct":14.814814814814813,"sale_decline_pct":0.0,"sale_count":901.0,"jeonse_count":4868.0,"matched_group_count":20.0,"nonapt_building_share_pct":14.380165289256198,"old20_share_pct":43.63636363636363,"official_total":29,"official_dong_evidence_count":0,"major_reasons":"80% 이상 매칭 비중 14.8% | 20년 이상 주거건물 비중 43.6% | 비아파트 건물 비중 14.4%","score_version":"seoul-dong-v1.0","score_scope":"서울 법정동 시장·건물구조 상대위험"},"geometry":{"type":"Polygon","coordinates":[[[127.01011132938719,37.472544628115685],[127.01393818472701,37.47322640105776],[127.01537658724706,37.47492893805284],[127.01638861198394,37.475292513712134],[127.01654200641379,37.47605758057503],[127.02106758399366,37.47728082198723],[127.02911444366225,37.47391230538588],[127.02924872008698,37.47322931382424],[127.03030124528647,37.47334664299192],[127.03203058666432,37.471493386560105],[127.02896792831343,37.46772064534134],[127.0299282114339,37.46535158905566],[127.02952694044866,37.465374570352736],[127.02960592498991,37.463275355925916],[127.02804287186302,37.461245204268074],[127.0283817325537,37.4599381301595],[127.02657192546629,37.4596416646196],[127.02599521618299,37.45781699789706],[127.02279255569985,37.4572504260436],[127.02169513224439,37.45631500550955],[127.01969176398467,37.45578672868532],[127.01725959635013,37.45605715412174],[127.0150648059776,37.454831977410365],[127.012372260029,37.45554862699644],[127.01082303281356,37.45542299679903],[127.00496852291481,37.46318691269555],[127.00446944821242,37.464073190145385],[127.00490523116423,37.465842516332714],[127.0036660166659,37.4678653801297],[127.00554556242662,37.470225807026914],[127.00817619724866,37.471406236546606],[127.00896535472486,37.471151683063866],[127.01011132938719,37.472544628115685]]]}},{"type":"Feature","properties":{"legal_dong_code":"1165011000","sigungu_code":"11650","district":"서초구","legal_dong":"염곡동","risk_score":71.52760008465518,"risk_level":"매우 높음","data_confidence":"낮음","market_risk_score":95.0965633826312,"building_risk_score":42.278648220305826,"district_context_score":26.0,"jeonse_ratio_pct":null,"high80_share_pct":null,"sale_decline_pct":17.534867861412586,"sale_count":15.0,"jeonse_count":72.0,"matched_group_count":null,"nonapt_building_share_pct":15.384615384615385,"old20_share_pct":62.1301775147929,"official_total":29,"official_dong_evidence_count":0,"major_reasons":"최근 매매 단가 하락 신호 17.5% | 20년 이상 주거건물 비중 62.1% | 비아파트 건물 비중 15.4%","score_version":"seoul-dong-v1.0","score_scope":"서울 법정동 시장·건물구조 상대위험"},"geometry":{"type":"Polygon","coordinates":[[[127.04301201492567,37.46565640310386],[127.04885926193262,37.469893067015356],[127.05101489996927,37.46934979774254],[127.05072761310586,37.467279402546104],[127.05419328251055,37.46817410980386],[127.05502433885604,37.46890854082982],[127.05602192788093,37.468496515536515],[127.05720325017454,37.469070660812264],[127.06143804235217,37.469011898222114],[127.06242768809406,37.46623552624922],[127.06237157493645,37.46295656703342],[127.05885556498558,37.46062043475593],[127.0592249675348,37.45985556319604],[127.0584275027132,37.45688004733649],[127.05520496597845,37.456842838994916],[127.05386278187505,37.457629847486785],[127.05027626080253,37.457048061816074],[127.04801672464282,37.45955794729576],[127.04717273847187,37.46240810014887],[127.04301201492567,37.46565640310386]]]}},{"type":"Feature","properties":{"legal_dong_code":"1165010800","sigungu_code":"11650","district":"서초구","legal_dong":"서초동","risk_score":50.81769965573515,"risk_level":"주의","data_confidence":"높음","market_risk_score":54.923590268677046,"building_risk_score":55.854181978115705,"district_context_score":26.0,"jeonse_ratio_pct":65.33697668704447,"high80_share_pct":21.91235059760956,"sale_decline_pct":0.0,"sale_count":7425.0,"jeonse_count":17938.0,"matched_group_count":46.0,"nonapt_building_share_pct":32.16814159292035,"old20_share_pct":73.49557522123894,"official_total":29,"official_dong_evidence_count":0,"major_reasons":"80% 이상 매칭 비중 21.9% | 20년 이상 주거건물 비중 73.5% | 최근 36개월 추정 전세가율 65.3%","score_version":"seoul-dong-v1.0","score_scope":"서울 법정동 시장·건물구조 상대위험"},"geometry":{"type":"Polygon","coordinates":[[[127.0244845921512,37.504477662583085],[127.03408716303584,37.48436905894896],[127.03425045436745,37.48396049088506],[127.03365086320767,37.48414834303113],[127.03430456035049,37.4822115782399],[127.0304199784068,37.48029941450532],[127.02855164250865,37.481078709665354],[127.02649827697304,37.480500051812065],[127.02557549134585,37.48086659961728],[127.02438047334358,37.48061384463067],[127.02266481000696,37.479019760292985],[127.02163370932423,37.47700467788477],[127.02106758399366,37.47728082198723],[127.0170671395297,37.47634824808998],[127.01393818472701,37.47322640105776],[127.01011132938719,37.472544628115685],[127.00446573956756,37.482740140234846],[127.00222821358605,37.4823081807562],[127.00080677450761,37.48356308649401],[127.00024103526981,37.48563428511817],[127.00136456879117,37.48683807412082],[127.00041434700151,37.48854048278672],[127.00048731840869,37.489722010360694],[126.99982471038788,37.490180071288705],[126.9998523714682,37.491565224283306],[127.00125472711191,37.49197787570042],[127.00327469391316,37.49439715550928],[127.00352401010646,37.4959689271471],[127.00497364076189,37.49674516760471],[127.0075896888691,37.4971825242415],[127.00876816162629,37.49680094768128],[127.01016949765712,37.49729609658286],[127.00880864228071,37.49851073518293],[127.01251726736507,37.49897275062377],[127.01239340289482,37.49951777631269],[127.01339617697701,37.499662920743894],[127.01586140490187,37.50153239956159],[127.01975893911248,37.499995929638516],[127.01860409109659,37.50303399903648],[127.0244845921512,37.504477662583085]]]}},{"type":"Feature","properties":{"legal_dong_code":"1165010700","sigungu_code":"11650","district":"서초구","legal_dong":"반포동","risk_score":36.02818046582672,"risk_level":"주의","data_confidence":"높음","market_risk_score":29.066291397180866,"building_risk_score":58.753622510072816,"district_context_score":26.0,"jeonse_ratio_pct":49.067795411195426,"high80_share_pct":2.34375,"sale_decline_pct":0.0,"sale_count":2857.0,"jeonse_count":11894.0,"matched_group_count":40.0,"nonapt_building_share_pct":35.20140105078809,"old20_share_pct":62.23000583771162,"official_total":29,"official_dong_evidence_count":0,"major_reasons":"비아파트 건물 비중 35.2% | 20년 이상 주거건물 비중 62.2% | 80% 이상 매칭 비중 2.3%","score_version":"seoul-dong-v1.0","score_scope":"서울 법정동 시장·건물구조 상대위험"},"geometry":{"type":"Polygon","coordinates":[[[127.00029411005549,37.49181464450858],[126.99965945884594,37.49313742124847],[126.99672499879003,37.49416118974056],[126.99519842504564,37.493968700481346],[126.99475691677844,37.495853603125504],[126.99320230136239,37.49608567347352],[126.99094797322167,37.497850415650376],[126.98930955968125,37.49804316162754],[126.98874382547636,37.49884063008764],[126.98655512452208,37.49880764890801],[126.98428332463526,37.500714150124224],[126.98054107192317,37.50269108346067],[126.97984938697148,37.50417251503587],[126.98039695459293,37.504589695210385],[126.98040675139217,37.50654832220153],[126.9855476483961,37.50654309230961],[126.99070234756996,37.51309032263231],[126.99742832370583,37.51735783892562],[127.0011332741733,37.51359600590042],[126.99775670911812,37.511915227247634],[127.00115424091828,37.50500202311548],[127.02132634221849,37.51110155752203],[127.0244845921512,37.504477662583085],[127.01860409109659,37.50303399903648],[127.01975893911248,37.499995929638516],[127.01586140490187,37.50153239956159],[127.01339617697701,37.499662920743894],[127.01239340289482,37.49951777631269],[127.01251726736507,37.49897275062377],[127.00880864228071,37.49851073518293],[127.01016949765712,37.49729609658286],[127.00876816162629,37.49680094768128],[127.0075896888691,37.4971825242415],[127.00497364076189,37.49674516760471],[127.00352401010646,37.4959689271471],[127.00327469391316,37.49439715550928],[127.00125472711191,37.49197787570042],[127.00029411005549,37.49181464450858]]]}},{"type":"Feature","properties":{"legal_dong_code":"1165010600","sigungu_code":"11650","district":"서초구","legal_dong":"잠원동","risk_score":36.19484769527282,"risk_level":"주의","data_confidence":"높음","market_risk_score":27.91132226123248,"building_risk_score":62.19221735413332,"district_context_score":26.0,"jeonse_ratio_pct":36.73723245211753,"high80_share_pct":0.8635578583765112,"sale_decline_pct":1.9250921287769278,"sale_count":1827.0,"jeonse_count":8058.0,"matched_group_count":23.0,"nonapt_building_share_pct":28.753993610223645,"old20_share_pct":68.53035143769968,"official_total":29,"official_dong_evidence_count":0,"major_reasons":"최근 매매 단가 하락 신호 1.9% | 20년 이상 주거건물 비중 68.5% | 비아파트 건물 비중 28.8%","score_version":"seoul-dong-v1.0","score_scope":"서울 법정동 시장·건물구조 상대위험"},"geometry":{"type":"Polygon","coordinates":[[[126.99742832370583,37.51735783892562],[127.00614221137224,37.5229016725068],[127.00857845014717,37.52559472525256],[127.01317186850176,37.522589894199946],[127.01522127567664,37.52485396501724],[127.01782217707476,37.52181196502179],[127.02132634221849,37.51110155752203],[127.00115424091828,37.50500202311548],[126.99775670911812,37.511915227247634],[127.0011332741733,37.51359600590042],[126.99742832370583,37.51735783892562]]]}},{"type":"Feature","properties":{"legal_dong_code":"1168010600","sigungu_code":"11680","district":"강남구","legal_dong":"대치동","risk_score":42.01302032328206,"risk_level":"주의","data_confidence":"보통","market_risk_score":40.18427869645684,"building_risk_score":59.00981242163184,"district_context_score":21.0,"jeonse_ratio_pct":50.98111833432986,"high80_share_pct":24.915824915824917,"sale_decline_pct":0.0,"sale_count":2167.0,"jeonse_count":12071.0,"matched_group_count":30.0,"nonapt_building_share_pct":37.83783783783784,"old20_share_pct":29.72972972972973,"official_total":68,"official_dong_evidence_count":0,"major_reasons":"80% 이상 매칭 비중 24.9% | 비아파트 건물 비중 37.8% | 20년 이상 주거건물 비중 29.7%","score_version":"seoul-dong-v1.0","score_scope":"서울 법정동 시장·건물구조 상대위험"},"geometry":{"type":"Polygon","coordinates":[[[127.04898606756477,37.50451585857765],[127.0688689743992,37.51030005126505],[127.06981487585725,37.50273869662609],[127.07698705537089,37.502067422631725],[127.07992655211123,37.501086501464236],[127.08028913628189,37.499584331785975],[127.07878904361858,37.49741999711763],[127.07476054205534,37.496259076176905],[127.07374283385222,37.49424473487094],[127.07218334908973,37.49424642576608],[127.06814470156546,37.490929453223],[127.05923816661767,37.48893004542677],[127.05642632657752,37.487586822655125],[127.05548567291312,37.49075913764306],[127.04898606756477,37.50451585857765]]]}},{"type":"Feature","properties":{"legal_dong_code":"1168010300","sigungu_code":"11680","district":"강남구","legal_dong":"개포동","risk_score":32.84317791757951,"risk_level":"낮음","data_confidence":"낮음","market_risk_score":27.674874497937246,"building_risk_score":52.35301287526865,"district_context_score":21.0,"jeonse_ratio_pct":46.004231690981904,"high80_share_pct":4.320987654320987,"sale_decline_pct":0.0,"sale_count":2886.0,"jeonse_count":14259.0,"matched_group_count":27.0,"nonapt_building_share_pct":30.434782608695656,"old20_share_pct":8.695652173913043,"official_total":68,"official_dong_evidence_count":0,"major_reasons":"비아파트 건물 비중 30.4% | 80% 이상 매칭 비중 4.3% | 최근 매매 단가 하락 신호 0.0%","score_version":"seoul-dong-v1.0","score_scope":"서울 법정동 시장·건물구조 상대위험"},"geometry":{"type":"Polygon","coordinates":[[[127.07878904361858,37.49741999711763],[127.08142230713607,37.49548236781107],[127.08034946688191,37.49406345592557],[127.07265890518163,37.49154995285434],[127.07562159008125,37.48602590087899],[127.0775217876551,37.486801806894114],[127.07802625979724,37.48611873905069],[127.07478743833069,37.48057704899503],[127.07259175090853,37.479377084597594],[127.07435204053843,37.476155813467955],[127.07692397733858,37.47524252098179],[127.07650552687528,37.47449356770427],[127.07268871843387,37.471995204207396],[127.0704096195872,37.471093128225824],[127.06859078590398,37.471061711464245],[127.06511339824915,37.4693709463882],[127.05910973878552,37.46915899141824],[127.05611783260039,37.46837292566035],[127.05505635191417,37.46879703616213],[127.05423755577068,37.468054598966155],[127.05079862483755,37.46724554927375],[127.05105042811115,37.46936523506379],[127.04866922774421,37.470059738507494],[127.05118152183974,37.471788995798704],[127.04522765147692,37.47730341185207],[127.04400476516862,37.47994199173191],[127.04465812876848,37.480726437393514],[127.05923816661767,37.48893004542677],[127.06814470156546,37.490929453223],[127.07218334908973,37.49424642576608],[127.07374283385222,37.49424473487094],[127.07476054205534,37.496259076176905],[127.07878904361858,37.49741999711763]]]}},{"type":"Feature","properties":{"legal_dong_code":"1168011100","sigungu_code":"11680","district":"강남구","legal_dong":"세곡동","risk_score":36.89958214176265,"risk_level":"주의","data_confidence":"낮음","market_risk_score":42.786309194373764,"building_risk_score":32.31118650055358,"district_context_score":21.0,"jeonse_ratio_pct":52.09524448706583,"high80_share_pct":26.556016597510375,"sale_decline_pct":0.0,"sale_count":477.0,"jeonse_count":2828.0,"matched_group_count":11.0,"nonapt_building_share_pct":11.11111111111111,"old20_share_pct":0.0,"official_total":68,"official_dong_evidence_count":0,"major_reasons":"80% 이상 매칭 비중 26.6% | 최근 매매 단가 하락 신호 0.0% | 비아파트 건물 비중 11.1%","score_version":"seoul-dong-v1.0","score_scope":"서울 법정동 시장·건물구조 상대위험"},"geometry":{"type":"Polygon","coordinates":[[[127.08903800579107,37.4682405042863],[127.09163780715869,37.46924667381044],[127.09196722083276,37.46891581701339],[127.09413543651596,37.4701298160662],[127.09786499841147,37.47009693883457],[127.09959518724422,37.47058145345083],[127.1023905368565,37.469488310031885],[127.10309030426924,37.46839327106394],[127.10424968339669,37.467870182492014],[127.10470616613837,37.466203225685305],[127.1063203896809,37.46586273045543],[127.10742038496144,37.46747080692791],[127.11095095224296,37.4681534069129],[127.11508101606323,37.466075075981294],[127.11890079433367,37.467493919788005],[127.12223902329345,37.468062198236986],[127.11936882002641,37.47194169649728],[127.11970327017349,37.472761806374514],[127.12420569240304,37.46652054740631],[127.12074547714569,37.463891906126406],[127.11747449170568,37.462200714797355],[127.11689580414651,37.45864056588284],[127.11549575465307,37.45869783175027],[127.11395509685188,37.459516807059615],[127.11276266441794,37.46053034019522],[127.11333371517398,37.46108764011052],[127.1118200552606,37.46164462180532],[127.10667187148641,37.4624109425794],[127.10434101989661,37.46217478606763],[127.1047801089409,37.46116006159194],[127.10394135936883,37.460050979242936],[127.10263397172272,37.459867363101885],[127.1013809156384,37.45897273083001],[127.10105921554647,37.45798975369727],[127.09973849709976,37.45735456000911],[127.09889299457258,37.45611608934336],[127.09521361790237,37.45639185191617],[127.09543972375513,37.457560474253896],[127.09484473897797,37.45851552427021],[127.09565655187654,37.461015078206955],[127.09308864301488,37.461280288242676],[127.09190977369819,37.4623064306471],[127.09194275271817,37.465213080553156],[127.08903800579107,37.4682405042863]]]}},{"type":"Feature","properties":{"legal_dong_code":"1168010700","sigungu_code":"11680","district":"강남구","legal_dong":"신사동","risk_score":41.79495929950473,"risk_level":"주의","data_confidence":"낮음","market_risk_score":38.101040573903106,"building_risk_score":63.137339820651505,"district_context_score":21.0,"jeonse_ratio_pct":43.33084897619321,"high80_share_pct":2.1052631578947367,"sale_decline_pct":15.948988606450149,"sale_count":504.0,"jeonse_count":1285.0,"matched_group_count":14.0,"nonapt_building_share_pct":46.15384615384615,"old20_share_pct":46.15384615384615,"official_total":68,"official_dong_evidence_count":0,"major_reasons":"최근 매매 단가 하락 신호 15.9% | 비아파트 건물 비중 46.2% | 20년 이상 주거건물 비중 46.2%","score_version":"seoul-dong-v1.0","score_scope":"서울 법정동 시장·건물구조 상대위험"},"geometry":{"type":"MultiPolygon","coordinates":[[[[127.01782217707476,37.52181196502179],[127.03223033432927,37.528915063407965],[127.03534540668437,37.529106844864415],[127.04069363947254,37.52781091359615],[127.03905827810168,37.52318060173146],[127.02806458765312,37.51969069522388],[127.01952475829509,37.516112378441626],[127.01782217707476,37.52181196502179]]],[[[127.01638143246521,37.52600588177581],[127.01318735395749,37.52258312619638],[127.008594592928,37.52558955257607],[127.0124111247505,37.529717916396066],[127.01638143246521,37.52600588177581]]]]}},{"type":"Feature","properties":{"legal_dong_code":"1168011000","sigungu_code":"11680","district":"강남구","legal_dong":"압구정동","risk_score":13.236310057148305,"risk_level":"낮음","data_confidence":"낮음","market_risk_score":6.639836050101795,"building_risk_score":24.409633708348913,"district_context_score":21.0,"jeonse_ratio_pct":22.96791788504354,"high80_share_pct":0.0,"sale_decline_pct":null,"sale_count":728.0,"jeonse_count":4029.0,"matched_group_count":16.0,"nonapt_building_share_pct":0.0,"old20_share_pct":0.0,"official_total":68,"official_dong_evidence_count":0,"major_reasons":"강남구 공식 피해·보증사고 배경지표 상위 | 80% 이상 매칭 비중 0.0% | 20년 이상 주거건물 비중 0.0%","score_version":"seoul-dong-v1.0","score_scope":"서울 법정동 시장·건물구조 상대위험"},"geometry":{"type":"Polygon","coordinates":[[[127.01638143246521,37.52600588177581],[127.01265632237899,37.529739976893346],[127.01489568806632,37.532207621084055],[127.01774152283636,37.5342513217001],[127.02117227320704,37.53582383589393],[127.03966372289138,37.53585765716644],[127.04651406591358,37.533933165800555],[127.04376052148385,37.52702871231187],[127.03568987267336,37.52905674052104],[127.03256659597511,37.52899309169267],[127.01782217707476,37.52181196502179],[127.01523076539853,37.524845404463896],[127.01638143246521,37.52600588177581]]]}},{"type":"Feature","properties":{"legal_dong_code":"1168011300","sigungu_code":"11680","district":"강남구","legal_dong":"율현동","risk_score":26.634033720641334,"risk_level":"낮음","data_confidence":"낮음","market_risk_score":28.669051012681653,"building_risk_score":25.130412452129377,"district_context_score":21.0,"jeonse_ratio_pct":32.46083594280487,"high80_share_pct":0.0,"sale_decline_pct":48.645640700899975,"sale_count":53.0,"jeonse_count":778.0,"matched_group_count":3.0,"nonapt_building_share_pct":0.0,"old20_share_pct":16.666666666666664,"official_total":68,"official_dong_evidence_count":0,"major_reasons":"최근 매매 단가 하락 신호 48.6% | 20년 이상 주거건물 비중 16.7% | 강남구 공식 피해·보증사고 배경지표 상위","score_version":"seoul-dong-v1.0","score_scope":"서울 법정동 시장·건물구조 상대위험"},"geometry":{"type":"Polygon","coordinates":[[[127.10066967790972,37.470319383039765],[127.10338452548936,37.47161580651124],[127.10564474155694,37.47352223210807],[127.1064125155955,37.47446306451965],[127.10612910198428,37.475625248238465],[127.10701316416261,37.47357949341076],[127.10928619887622,37.47418272665477],[127.1116571009933,37.4731736163534],[127.11356581963146,37.47396955140064],[127.11437979740279,37.47691625198631],[127.11603804632014,37.47760367961845],[127.12223902329345,37.468062198236986],[127.11890079433367,37.467493919788005],[127.11508101606323,37.466075075981294],[127.11287757119139,37.4674973795773],[127.11032218127829,37.46811884838244],[127.10742038496144,37.46747080692791],[127.10607575977308,37.46587461514736],[127.10470616613837,37.466203225685305],[127.10424968339669,37.467870182492014],[127.10066967790972,37.470319383039765]]]}},{"type":"Feature","properties":{"legal_dong_code":"1168011400","sigungu_code":"11680","district":"강남구","legal_dong":"일원동","risk_score":23.160888133262695,"risk_level":"낮음","data_confidence":"낮음","market_risk_score":19.28643053887079,"building_risk_score":33.7561192397609,"district_context_score":21.0,"jeonse_ratio_pct":38.54453877165887,"high80_share_pct":0.0,"sale_decline_pct":0.0,"sale_count":1203.0,"jeonse_count":6851.0,"matched_group_count":18.0,"nonapt_building_share_pct":0.0,"old20_share_pct":6.666666666666667,"official_total":68,"official_dong_evidence_count":0,"major_reasons":"최근 매매 단가 하락 신호 0.0% | 20년 이상 주거건물 비중 6.7% | 강남구 공식 피해·보증사고 배경지표 상위","score_version":"seoul-dong-v1.0","score_scope":"서울 법정동 시장·건물구조 상대위험"},"geometry":{"type":"Polygon","coordinates":[[[127.09780251361505,37.495477505936485],[127.09166144378935,37.49362251737561],[127.09424981761833,37.49225505829731],[127.09121197806925,37.49168470114557],[127.08982217275778,37.49129269591348],[127.08970968669364,37.49116892849293],[127.09169447509642,37.4889107946231],[127.09067523667171,37.48760072983486],[127.08564877576647,37.486781532136],[127.08695384376273,37.48220917835326],[127.08686965629053,37.48095531561521],[127.08528526426595,37.4799595633607],[127.08532739867414,37.47582683586041],[127.07796313463807,37.474854449273145],[127.07435204053843,37.476155813467955],[127.07259175090853,37.479377084597594],[127.07478743833069,37.48057704899503],[127.07802625979724,37.48611873905069],[127.0775217876551,37.486801806894114],[127.07562159008125,37.48602590087899],[127.07265890518163,37.49154995285434],[127.08034946688191,37.49406345592557],[127.08142230713607,37.49548236781107],[127.07878904361858,37.49741999711763],[127.08028913628189,37.499584331785975],[127.07992655211123,37.501086501464236],[127.09479448605477,37.496682644771504],[127.09780251361505,37.495477505936485]]]}},{"type":"Feature","properties":{"legal_dong_code":"1168011200","sigungu_code":"11680","district":"강남구","legal_dong":"자곡동","risk_score":44.98344383169536,"risk_level":"주의","data_confidence":"낮음","market_risk_score":54.38595929147563,"building_risk_score":36.807473027239936,"district_context_score":21.0,"jeonse_ratio_pct":56.77147967970316,"high80_share_pct":29.934924078091107,"sale_decline_pct":0.7500190738016659,"sale_count":1639.0,"jeonse_count":4769.0,"matched_group_count":14.0,"nonapt_building_share_pct":15.384615384615385,"old20_share_pct":7.6923076923076925,"official_total":68,"official_dong_evidence_count":0,"major_reasons":"80% 이상 매칭 비중 29.9% | 최근 매매 단가 하락 신호 0.8% | 최근 36개월 추정 전세가율 56.8%","score_version":"seoul-dong-v1.0","score_scope":"서울 법정동 시장·건물구조 상대위험"},"geometry":{"type":"Polygon","coordinates":[[[127.10338452548936,37.47161580651124],[127.10066967790972,37.470319383039765],[127.09413543651596,37.4701298160662],[127.09196722083276,37.46891581701339],[127.09163780715869,37.46924667381044],[127.08842200244965,37.4682025491284],[127.08660414237438,37.470849920202305],[127.08501668103659,37.47130018453624],[127.08413590480913,37.473000284140184],[127.08446055069504,37.47514386606903],[127.08634316182545,37.476317031108806],[127.08953675568036,37.476649444703625],[127.08985721183306,37.47725970652933],[127.09165928037773,37.47795963139076],[127.09231410819038,37.47761332550181],[127.09831821525223,37.47812841042603],[127.09773153853047,37.481640579145996],[127.09922909292355,37.4829294757785],[127.10077254559614,37.48322612333242],[127.10162963203594,37.484529788267686],[127.10276391977503,37.485019425675134],[127.1037924022299,37.48514347265611],[127.10559841411371,37.48275845095187],[127.1108449374026,37.483043673129536],[127.1116546094552,37.48379400455186],[127.11603804632014,37.47760367961845],[127.11437979740279,37.47691625198631],[127.11356581963146,37.47396955140064],[127.1116571009933,37.4731736163534],[127.10928619887622,37.47418272665477],[127.10701316416261,37.47357949341076],[127.10657014890914,37.475445737728734],[127.10612910198428,37.475625248238465],[127.1064125155955,37.47446306451965],[127.10338452548936,37.47161580651124]]]}},{"type":"Feature","properties":{"legal_dong_code":"1168011500","sigungu_code":"11680","district":"강남구","legal_dong":"수서동","risk_score":24.92157238747817,"risk_level":"낮음","data_confidence":"낮음","market_risk_score":26.168989289831433,"building_risk_score":24.28071525431725,"district_context_score":21.0,"jeonse_ratio_pct":41.01586175933519,"high80_share_pct":7.901234567901234,"sale_decline_pct":0.0,"sale_count":1219.0,"jeonse_count":4025.0,"matched_group_count":14.0,"nonapt_building_share_pct":0.0,"old20_share_pct":0.0,"official_total":68,"official_dong_evidence_count":0,"major_reasons":"80% 이상 매칭 비중 7.9% | 최근 매매 단가 하락 신호 0.0% | 강남구 공식 피해·보증사고 배경지표 상위","score_version":"seoul-dong-v1.0","score_scope":"서울 법정동 시장·건물구조 상대위험"},"geometry":{"type":"Polygon","coordinates":[[[127.09740152052701,37.49519064758093],[127.10330522298793,37.49281927000917],[127.10700488490701,37.490289243152375],[127.1116546094552,37.48379400455186],[127.1108449374026,37.483043673129536],[127.10559841411371,37.48275845095187],[127.1037924022299,37.48514347265611],[127.10276391977503,37.485019425675134],[127.10162963203594,37.484529788267686],[127.10077254559614,37.48322612333242],[127.09922909292355,37.4829294757785],[127.09773153853047,37.481640579145996],[127.09831821525223,37.47812841042603],[127.09231410819038,37.47761332550181],[127.09165928037773,37.47795963139076],[127.08837806521456,37.47621500096191],[127.08634316182545,37.476317031108806],[127.08532739867414,37.47582683586041],[127.08528526426595,37.4799595633607],[127.08686965629053,37.48095531561521],[127.08695384376273,37.48220917835326],[127.08612891065765,37.485889009448584],[127.0857356590081,37.48588613690397],[127.08564877576647,37.486781532136],[127.09067523667171,37.48760072983486],[127.09169447509642,37.4889107946231],[127.08970968669364,37.49116892849293],[127.09424981761833,37.49225505829731],[127.09166144378935,37.49362251737561],[127.09740152052701,37.49519064758093]]]}},{"type":"Feature","properties":{"legal_dong_code":"1168010500","sigungu_code":"11680","district":"강남구","legal_dong":"삼성동","risk_score":42.770818450318124,"risk_level":"주의","data_confidence":"보통","market_risk_score":47.57407451726833,"building_risk_score":44.305494959828515,"district_context_score":21.0,"jeonse_ratio_pct":51.47229224955008,"high80_share_pct":18.687589158345222,"sale_decline_pct":5.038404233699662,"sale_count":1615.0,"jeonse_count":5879.0,"matched_group_count":39.0,"nonapt_building_share_pct":22.448979591836736,"old20_share_pct":55.10204081632652,"official_total":68,"official_dong_evidence_count":0,"major_reasons":"최근 매매 단가 하락 신호 5.0% | 80% 이상 매칭 비중 18.7% | 20년 이상 주거건물 비중 55.1%","score_version":"seoul-dong-v1.0","score_scope":"서울 법정동 시장·건물구조 상대위험"},"geometry":{"type":"Polygon","coordinates":[[[127.04127142287716,37.51721872845059],[127.05704827666186,37.52004796103806],[127.06237496438388,37.52189562089249],[127.06371112430361,37.52160944454045],[127.06546483717365,37.52508777254777],[127.06645523894167,37.52508950269005],[127.06751797753049,37.52463308233223],[127.06886827304005,37.510299925525345],[127.04898606756477,37.50451585857765],[127.04791204602695,37.506418652133085],[127.04436553306903,37.50903657863709],[127.04127142287716,37.51721872845059]]]}},{"type":"Feature","properties":{"legal_dong_code":"1168010800","sigungu_code":"11680","district":"강남구","legal_dong":"논현동","risk_score":56.73874868234586,"risk_level":"높음","data_confidence":"보통","market_risk_score":60.50407069307811,"building_risk_score":69.14522506599596,"district_context_score":21.0,"jeonse_ratio_pct":63.605910451208814,"high80_share_pct":12.402088772845952,"sale_decline_pct":6.982006763080466,"sale_count":2248.0,"jeonse_count":7103.0,"matched_group_count":38.0,"nonapt_building_share_pct":56.86274509803921,"old20_share_pct":23.52941176470588,"official_total":68,"official_dong_evidence_count":0,"major_reasons":"비아파트 건물 비중 56.9% | 최근 매매 단가 하락 신호 7.0% | 80% 이상 매칭 비중 12.4%","score_version":"seoul-dong-v1.0","score_scope":"서울 법정동 시장·건물구조 상대위험"},"geometry":{"type":"Polygon","coordinates":[[[127.04385173020923,37.51027545487123],[127.0244845921512,37.504477662583085],[127.02051512775243,37.5127990788639],[127.01952532386012,37.516112378355395],[127.02806458765312,37.51969069522388],[127.03905827810168,37.52318060173146],[127.04385173020923,37.51027545487123]]]}},{"type":"Feature","properties":{"legal_dong_code":"1168010100","sigungu_code":"11680","district":"강남구","legal_dong":"역삼동","risk_score":57.66744781454975,"risk_level":"높음","data_confidence":"보통","market_risk_score":63.88730826406596,"building_risk_score":64.74025142444071,"district_context_score":21.0,"jeonse_ratio_pct":69.9448468619145,"high80_share_pct":36.28173628173628,"sale_decline_pct":0.0,"sale_count":5636.0,"jeonse_count":14617.0,"matched_group_count":34.0,"nonapt_building_share_pct":56.451612903225815,"old20_share_pct":20.967741935483872,"official_total":68,"official_dong_evidence_count":0,"major_reasons":"비아파트 건물 비중 56.5% | 80% 이상 매칭 비중 36.3% | 최근 36개월 추정 전세가율 69.9%","score_version":"seoul-dong-v1.0","score_scope":"서울 법정동 시장·건물구조 상대위험"},"geometry":{"type":"Polygon","coordinates":[[[127.04385173020923,37.51027545487123],[127.04474562179291,37.5085607135561],[127.04828950104381,37.50594809236729],[127.05286267650229,37.49630776166552],[127.03161130759919,37.48955488466349],[127.0244845921512,37.504477662583085],[127.04385173020923,37.51027545487123]]]}},{"type":"Feature","properties":{"legal_dong_code":"1168010400","sigungu_code":"11680","district":"강남구","legal_dong":"청담동","risk_score":36.25828839401971,"risk_level":"주의","data_confidence":"보통","market_risk_score":36.03715847452774,"building_risk_score":45.94397323721226,"district_context_score":21.0,"jeonse_ratio_pct":48.95560345125279,"high80_share_pct":2.284263959390863,"sale_decline_pct":2.7111149640856596,"sale_count":1061.0,"jeonse_count":3328.0,"matched_group_count":35.0,"nonapt_building_share_pct":23.52941176470588,"old20_share_pct":41.17647058823529,"official_total":68,"official_dong_evidence_count":0,"major_reasons":"최근 매매 단가 하락 신호 2.7% | 20년 이상 주거건물 비중 41.2% | 비아파트 건물 비중 23.5%","score_version":"seoul-dong-v1.0","score_scope":"서울 법정동 시장·건물구조 상대위험"},"geometry":{"type":"Polygon","coordinates":[[[127.04651406591358,37.533933165800555],[127.05513349845569,37.528675736991026],[127.06546497314845,37.52508803376266],[127.06371112430361,37.52160944454045],[127.06237496438388,37.52189562089249],[127.05704827666186,37.52004796103806],[127.04127142287716,37.51721872845059],[127.03905827810168,37.52318060173146],[127.04069363947254,37.52781091359615],[127.04376052148385,37.52702871231187],[127.04651406591358,37.533933165800555]]]}},{"type":"Feature","properties":{"legal_dong_code":"1168011800","sigungu_code":"11680","district":"강남구","legal_dong":"도곡동","risk_score":30.79740284855898,"risk_level":"낮음","data_confidence":"보통","market_risk_score":28.30849501324688,"building_risk_score":42.64922336244343,"district_context_score":21.0,"jeonse_ratio_pct":50.25802757674554,"high80_share_pct":1.2048192771084338,"sale_decline_pct":0.0,"sale_count":2084.0,"jeonse_count":6776.0,"matched_group_count":41.0,"nonapt_building_share_pct":8.823529411764707,"old20_share_pct":35.294117647058826,"official_total":68,"official_dong_evidence_count":0,"major_reasons":"20년 이상 주거건물 비중 35.3% | 80% 이상 매칭 비중 1.2% | 최근 매매 단가 하락 신호 0.0%","score_version":"seoul-dong-v1.0","score_scope":"서울 법정동 시장·건물구조 상대위험"},"geometry":{"type":"Polygon","coordinates":[[[127.03161130759919,37.48955488466349],[127.05286267650229,37.49630776166552],[127.05642632657752,37.487586822655125],[127.04400476516862,37.47994199173191],[127.04175004697584,37.485437096362965],[127.03408716303584,37.48436905894896],[127.03161130759919,37.48955488466349]]]}},{"type":"Feature","properties":{"legal_dong_code":"1171011300","sigungu_code":"11710","district":"송파구","legal_dong":"거여동","risk_score":41.11264672656928,"risk_level":"주의","data_confidence":"높음","market_risk_score":34.9812289047649,"building_risk_score":58.89563753484138,"district_context_score":36.0,"jeonse_ratio_pct":51.258347262192245,"high80_share_pct":9.247027741083222,"sale_decline_pct":0.0,"sale_count":1624.0,"jeonse_count":7800.0,"matched_group_count":25.0,"nonapt_building_share_pct":39.650349650349646,"old20_share_pct":66.36363636363637,"official_total":198,"official_dong_evidence_count":0,"major_reasons":"비아파트 건물 비중 39.7% | 20년 이상 주거건물 비중 66.4% | 80% 이상 매칭 비중 9.2%","score_version":"seoul-dong-v1.0","score_scope":"서울 법정동 시장·건물구조 상대위험"},"geometry":{"type":"Polygon","coordinates":[[[127.13557063036077,37.481459017128564],[127.13745804416064,37.490196410598244],[127.13635740326609,37.49061009540778],[127.13735407990187,37.49144300898058],[127.1379622624484,37.49446056543859],[127.13978094146688,37.49618305292925],[127.14165938025185,37.499824387085795],[127.14451665178221,37.499399386106866],[127.15098951652799,37.49477862226488],[127.15242467012261,37.493059133520525],[127.157038925958,37.490654239375985],[127.15765870729926,37.490174901145664],[127.1572715146342,37.48994900906209],[127.15850617802424,37.48967493977816],[127.1504299714967,37.48524928555539],[127.1490944692092,37.48388306236757],[127.14868282290449,37.48404358446993],[127.14747865693099,37.48177376359423],[127.13793629766026,37.48186781472051],[127.13557063036077,37.481459017128564]]]}},{"type":"Feature","properties":{"legal_dong_code":"1171010900","sigungu_code":"11710","district":"송파구","legal_dong":"장지동","risk_score":18.659917714342612,"risk_level":"낮음","data_confidence":"높음","market_risk_score":10.975879410535399,"building_risk_score":26.697560272085497,"district_context_score":36.0,"jeonse_ratio_pct":42.90306668003543,"high80_share_pct":0.0,"sale_decline_pct":null,"sale_count":1227.0,"jeonse_count":7074.0,"matched_group_count":6.0,"nonapt_building_share_pct":0.0,"old20_share_pct":1.2072434607645874,"official_total":198,"official_dong_evidence_count":0,"major_reasons":"송파구 공식 피해·보증사고 배경지표 상위 | 20년 이상 주거건물 비중 1.2% | 80% 이상 매칭 비중 0.0%","score_version":"seoul-dong-v1.0","score_scope":"서울 법정동 시장·건물구조 상대위험"},"geometry":{"type":"Polygon","coordinates":[[[127.11603071172668,37.477598019425606],[127.11744521784698,37.47763288744633],[127.1174440930915,37.47830267518879],[127.11826813627911,37.47830333249728],[127.12114393012492,37.47728977544359],[127.12665139055154,37.47641712753403],[127.12542690954501,37.479537838687],[127.12577946563566,37.48006839250477],[127.12608711131466,37.47946337954058],[127.12679269539474,37.479661214285436],[127.13092268003771,37.4846237924286],[127.1349969323871,37.48745570809076],[127.13635740326609,37.49061009540778],[127.13745804416064,37.490196410598244],[127.13557063036077,37.481459017128564],[127.13793629766026,37.48186781472051],[127.14747865693099,37.48177376359423],[127.14714511289922,37.47722231715458],[127.14437108193316,37.47733166114954],[127.1435256702908,37.47393085772273],[127.13285582211847,37.47462685193684],[127.13282400907794,37.47120132145714],[127.13198254959133,37.46979863539123],[127.13279937339045,37.4683940583158],[127.13054448125965,37.46773901679192],[127.12682835940457,37.468532051242136],[127.12487812604208,37.469597746231756],[127.12519922301134,37.467833598018984],[127.12420953086578,37.46651758813005],[127.11603071172668,37.477598019425606]]]}},{"type":"Feature","properties":{"legal_dong_code":"1171010800","sigungu_code":"11710","district":"송파구","legal_dong":"문정동","risk_score":59.854867332639024,"risk_level":"높음","data_confidence":"높음","market_risk_score":62.038911140823544,"building_risk_score":68.9260825925796,"district_context_score":36.0,"jeonse_ratio_pct":63.28699179329165,"high80_share_pct":23.78449408672799,"sale_decline_pct":2.3590605316838658,"sale_count":6890.0,"jeonse_count":15517.0,"matched_group_count":28.0,"nonapt_building_share_pct":45.120999219359874,"old20_share_pct":62.451209992193604,"official_total":198,"official_dong_evidence_count":0,"major_reasons":"최근 매매 단가 하락 신호 2.4% | 비아파트 건물 비중 45.1% | 80% 이상 매칭 비중 23.8%","score_version":"seoul-dong-v1.0","score_scope":"서울 법정동 시장·건물구조 상대위험"},"geometry":{"type":"Polygon","coordinates":[[[127.13635740326609,37.49061009540778],[127.1349969323871,37.48745570809076],[127.13092268003771,37.4846237924286],[127.12679269539474,37.479661214285436],[127.12608711131466,37.47946337954058],[127.12577946563566,37.48006839250477],[127.12542690954501,37.479537838687],[127.12665139055154,37.47641712753403],[127.12114393012492,37.47728977544359],[127.11826813627911,37.47830333249728],[127.1174440930915,37.47830267518879],[127.11744521784698,37.47763288744633],[127.11603071172668,37.477598019425606],[127.1116575772871,37.483790082431746],[127.113038946467,37.484441471676426],[127.10926382392574,37.4894882340175],[127.11922351151911,37.49230444682539],[127.12129411005465,37.48886243897574],[127.12957648770588,37.49341983797522],[127.13355014908532,37.490507578622825],[127.13800913535587,37.49436797870049],[127.13818972368686,37.49393321810218],[127.13735266353848,37.49334592113524],[127.13735407990187,37.49144300898058],[127.13635740326609,37.49061009540778]]]}},{"type":"Feature","properties":{"legal_dong_code":"1171011100","sigungu_code":"11710","district":"송파구","legal_dong":"방이동","risk_score":61.18625140884806,"risk_level":"높음","data_confidence":"높음","market_risk_score":60.767136763843496,"building_risk_score":77.30387740216786,"district_context_score":36.0,"jeonse_ratio_pct":67.38876585004358,"high80_share_pct":25.579598145285935,"sale_decline_pct":0.0,"sale_count":3658.0,"jeonse_count":13500.0,"matched_group_count":32.0,"nonapt_building_share_pct":61.45475372279496,"old20_share_pct":69.12943871706759,"official_total":198,"official_dong_evidence_count":0,"major_reasons":"비아파트 건물 비중 61.5% | 80% 이상 매칭 비중 25.6% | 최근 36개월 추정 전세가율 67.4%","score_version":"seoul-dong-v1.0","score_scope":"서울 법정동 시장·건물구조 상대위험"},"geometry":{"type":"Polygon","coordinates":[[[127.10665682945702,37.515467977122604],[127.11290740012177,37.517448133097936],[127.1192906865274,37.52787257782562],[127.13833977582965,37.51933972118689],[127.1450997453365,37.516886062842524],[127.14544552144885,37.516331178407015],[127.14461357344007,37.51560247283407],[127.1406140611101,37.51558910414459],[127.14342969413237,37.51388080064498],[127.14352804305167,37.51265703973449],[127.1413871438199,37.512355868300865],[127.13960620890185,37.506428234243614],[127.13935421746815,37.50697732585927],[127.12799499550788,37.5118067624436],[127.12368965083223,37.50482928789359],[127.10813714730591,37.511984209552296],[127.10665682945702,37.515467977122604]]]}},{"type":"Feature","properties":{"legal_dong_code":"1171011200","sigungu_code":"11710","district":"송파구","legal_dong":"오금동","risk_score":51.23818461533522,"risk_level":"주의","data_confidence":"높음","market_risk_score":43.131129806759,"building_risk_score":79.8380269251193,"district_context_score":36.0,"jeonse_ratio_pct":58.27158732807901,"high80_share_pct":9.877913429522753,"sale_decline_pct":0.0,"sale_count":2378.0,"jeonse_count":5580.0,"matched_group_count":24.0,"nonapt_building_share_pct":55.22765598650927,"old20_share_pct":66.52613827993254,"official_total":198,"official_dong_evidence_count":0,"major_reasons":"비아파트 건물 비중 55.2% | 20년 이상 주거건물 비중 66.5% | 80% 이상 매칭 비중 9.9%","score_version":"seoul-dong-v1.0","score_scope":"서울 법정동 시장·건물구조 상대위험"},"geometry":{"type":"Polygon","coordinates":[[[127.12368965083223,37.50482928789359],[127.12799499550788,37.5118067624436],[127.13935421746815,37.50697732585927],[127.13960620890185,37.506428234243614],[127.14001361712575,37.508525007933166],[127.14151639757385,37.50670862871136],[127.14101569469757,37.505503236334555],[127.14410298029712,37.50439699996625],[127.14293669163939,37.50359074775815],[127.1433292104968,37.50321582264241],[127.13936732228346,37.495649964808734],[127.1307366017165,37.50026868759642],[127.12368965083223,37.50482928789359]]]}},{"type":"Feature","properties":{"legal_dong_code":"1171010700","sigungu_code":"11710","district":"송파구","legal_dong":"가락동","risk_score":43.60036949146513,"risk_level":"주의","data_confidence":"높음","market_risk_score":37.991583635177875,"building_risk_score":61.62167724143362,"district_context_score":36.0,"jeonse_ratio_pct":56.555726437449714,"high80_share_pct":4.94728304947283,"sale_decline_pct":0.0,"sale_count":4379.0,"jeonse_count":13725.0,"matched_group_count":33.0,"nonapt_building_share_pct":37.611607142857146,"old20_share_pct":60.26785714285714,"official_total":198,"official_dong_evidence_count":0,"major_reasons":"비아파트 건물 비중 37.6% | 20년 이상 주거건물 비중 60.3% | 80% 이상 매칭 비중 4.9%","score_version":"seoul-dong-v1.0","score_scope":"서울 법정동 시장·건물구조 상대위험"},"geometry":{"type":"Polygon","coordinates":[[[127.12368965083223,37.50482928789359],[127.1307366017165,37.50026868759642],[127.13936732228346,37.495649964808734],[127.13355014908532,37.490507578622825],[127.12957648770588,37.49341983797522],[127.12129411005465,37.48886243897574],[127.11922351151911,37.49230444682539],[127.10926382392574,37.4894882340175],[127.113038946467,37.484441471676426],[127.1120537558611,37.483714388797296],[127.10700666781953,37.49029468359983],[127.10330522937018,37.49282397322116],[127.09739936825052,37.49518773009029],[127.09779903476912,37.4954806802886],[127.09583978826934,37.4962976288758],[127.09693923646512,37.496073784766594],[127.0976491624194,37.49739128061595],[127.10960936970687,37.50094087841818],[127.11074289443258,37.49986963007122],[127.1118414275401,37.5004790356857],[127.11422037044778,37.49784191025281],[127.11984763579225,37.50100999461645],[127.12368965083223,37.50482928789359]]]}},{"type":"Feature","properties":{"legal_dong_code":"1171010600","sigungu_code":"11710","district":"송파구","legal_dong":"삼전동","risk_score":49.108442758014434,"risk_level":"주의","data_confidence":"높음","market_risk_score":40.526267937244775,"building_risk_score":77.57072798267028,"district_context_score":36.0,"jeonse_ratio_pct":56.41433292897746,"high80_share_pct":0.315955766192733,"sale_decline_pct":0.0,"sale_count":1956.0,"jeonse_count":7119.0,"matched_group_count":18.0,"nonapt_building_share_pct":63.559322033898304,"old20_share_pct":72.76029055690073,"official_total":198,"official_dong_evidence_count":0,"major_reasons":"비아파트 건물 비중 63.6% | 20년 이상 주거건물 비중 72.8% | 최근 36개월 추정 전세가율 56.4%","score_version":"seoul-dong-v1.0","score_scope":"서울 법정동 시장·건물구조 상대위험"},"geometry":{"type":"Polygon","coordinates":[[[127.08210974031743,37.50036254867503],[127.08271027497965,37.50089242011116],[127.08360679244109,37.50063078131668],[127.08524416820664,37.50109337610394],[127.09074010649195,37.507534911505665],[127.09728517476678,37.506536977802],[127.09656962659258,37.49718996994948],[127.09738564489672,37.49690771239897],[127.09693923646512,37.496073784766594],[127.08210974031743,37.50036254867503]]]}},{"type":"Feature","properties":{"legal_dong_code":"1171010500","sigungu_code":"11710","district":"송파구","legal_dong":"석촌동","risk_score":56.53270242536523,"risk_level":"높음","data_confidence":"높음","market_risk_score":52.7250302233751,"building_risk_score":77.99073716536068,"district_context_score":36.0,"jeonse_ratio_pct":64.43927846405451,"high80_share_pct":7.94078061911171,"sale_decline_pct":0.0,"sale_count":2149.0,"jeonse_count":7333.0,"matched_group_count":21.0,"nonapt_building_share_pct":56.06407322654462,"old20_share_pct":72.31121281464532,"official_total":198,"official_dong_evidence_count":0,"major_reasons":"비아파트 건물 비중 56.1% | 20년 이상 주거건물 비중 72.3% | 최근 36개월 추정 전세가율 64.4%","score_version":"seoul-dong-v1.0","score_scope":"서울 법정동 시장·건물구조 상대위험"},"geometry":{"type":"Polygon","coordinates":[[[127.09728517476678,37.506536977802],[127.0999873357025,37.50671756868396],[127.10397298372959,37.50873781895199],[127.11160239819627,37.50035329910023],[127.11074289443258,37.49986963007122],[127.10960936970687,37.50094087841818],[127.0976491624194,37.49739128061595],[127.09738564489672,37.49690771239897],[127.09656962659258,37.49718996994948],[127.09728517476678,37.506536977802]]]}},{"type":"Feature","properties":{"legal_dong_code":"1171010300","sigungu_code":"11710","district":"송파구","legal_dong":"풍납동","risk_score":42.75316375047573,"risk_level":"주의","data_confidence":"높음","market_risk_score":31.192651466751713,"building_risk_score":74.55029148169879,"district_context_score":36.0,"jeonse_ratio_pct":51.65430989496703,"high80_share_pct":0.7339449541284404,"sale_decline_pct":0.0,"sale_count":1275.0,"jeonse_count":4998.0,"matched_group_count":20.0,"nonapt_building_share_pct":46.89265536723164,"old20_share_pct":89.6421845574388,"official_total":198,"official_dong_evidence_count":0,"major_reasons":"20년 이상 주거건물 비중 89.6% | 비아파트 건물 비중 46.9% | 송파구 공식 피해·보증사고 배경지표 상위","score_version":"seoul-dong-v1.0","score_scope":"서울 법정동 시장·건물구조 상대위험"},"geometry":{"type":"Polygon","coordinates":[[[127.1090581809801,37.54316518694431],[127.11311978725776,37.54316959044666],[127.11892652667582,37.54112882685203],[127.12343678829315,37.53864432091375],[127.12048838381234,37.53034055101091],[127.11685984811578,37.52390528577678],[127.10327934495062,37.52391046879446],[127.10826302008066,37.528848204023575],[127.10828499144893,37.54206346193403],[127.1090581809801,37.54316518694431]]]}},{"type":"Feature","properties":{"legal_dong_code":"1171010400","sigungu_code":"11710","district":"송파구","legal_dong":"송파동","risk_score":48.548766509044064,"risk_level":"주의","data_confidence":"높음","market_risk_score":38.870218914067976,"building_risk_score":79.30654064241314,"district_context_score":36.0,"jeonse_ratio_pct":56.084437624863185,"high80_share_pct":1.8181818181818181,"sale_decline_pct":0.0,"sale_count":2330.0,"jeonse_count":8718.0,"matched_group_count":23.0,"nonapt_building_share_pct":58.08383233532935,"old20_share_pct":65.5688622754491,"official_total":198,"official_dong_evidence_count":0,"major_reasons":"비아파트 건물 비중 58.1% | 20년 이상 주거건물 비중 65.6% | 최근 36개월 추정 전세가율 56.1%","score_version":"seoul-dong-v1.0","score_scope":"서울 법정동 시장·건물구조 상대위험"},"geometry":{"type":"Polygon","coordinates":[[[127.10397298372959,37.50873781895199],[127.10813714730591,37.511984209552296],[127.12368965083223,37.50482928789359],[127.11984763579225,37.50100999461645],[127.11422037044778,37.49784191025281],[127.10397298372959,37.50873781895199]]]}},{"type":"Feature","properties":{"legal_dong_code":"1171010100","sigungu_code":"11710","district":"송파구","legal_dong":"잠실동","risk_score":41.192088930029215,"risk_level":"주의","data_confidence":"높음","market_risk_score":34.31767674685526,"building_risk_score":60.80593152766425,"district_context_score":36.0,"jeonse_ratio_pct":50.91948212002239,"high80_share_pct":8.288148721920992,"sale_decline_pct":0.0,"sale_count":3676.0,"jeonse_count":16947.0,"matched_group_count":31.0,"nonapt_building_share_pct":43.17937701396348,"old20_share_pct":66.7561761546724,"official_total":198,"official_dong_evidence_count":0,"major_reasons":"비아파트 건물 비중 43.2% | 20년 이상 주거건물 비중 66.8% | 80% 이상 매칭 비중 8.3%","score_version":"seoul-dong-v1.0","score_scope":"서울 법정동 시장·건물구조 상대위험"},"geometry":{"type":"Polygon","coordinates":[[[127.10397298372959,37.50873781895199],[127.09875695338694,37.50647099377454],[127.09074010649195,37.507534911505665],[127.08524416820664,37.50109337610394],[127.08360679244109,37.50063078131668],[127.08271027497965,37.50089242011116],[127.08210974031743,37.50036254867503],[127.0769867883942,37.50207183769374],[127.06981807718651,37.5027395777535],[127.06758889810439,37.520876487670485],[127.06866056196783,37.52099957199905],[127.06865893532039,37.517580663833115],[127.06898673406069,37.51726896671749],[127.07036126136072,37.51908148174528],[127.06881327700341,37.52100239530537],[127.0757980101803,37.52054861262247],[127.08060641507024,37.52132395086739],[127.09096232421483,37.52106878906885],[127.09422466408758,37.52193933791448],[127.09540514532131,37.51936543321406],[127.10397298372959,37.50873781895199]]]}},{"type":"Feature","properties":{"legal_dong_code":"1171011400","sigungu_code":"11710","district":"송파구","legal_dong":"마천동","risk_score":37.13997087857841,"risk_level":"주의","data_confidence":"높음","market_risk_score":20.7876642079239,"building_risk_score":77.06948941529627,"district_context_score":36.0,"jeonse_ratio_pct":31.733654354111557,"high80_share_pct":0.0,"sale_decline_pct":0.0,"sale_count":1526.0,"jeonse_count":5425.0,"matched_group_count":25.0,"nonapt_building_share_pct":39.067702552719204,"old20_share_pct":91.67591564927858,"official_total":198,"official_dong_evidence_count":0,"major_reasons":"20년 이상 주거건물 비중 91.7% | 비아파트 건물 비중 39.1% | 송파구 공식 피해·보증사고 배경지표 상위","score_version":"seoul-dong-v1.0","score_scope":"서울 법정동 시장·건물구조 상대위험"},"geometry":{"type":"Polygon","coordinates":[[[127.14165938025185,37.499824387085795],[127.1433292104968,37.50321582264241],[127.14293669163939,37.50359074775815],[127.14410298029712,37.50439699996625],[127.14343650241052,37.50442286825387],[127.14411585991522,37.504497076219685],[127.14490997031021,37.50412438148795],[127.14550224875839,37.50330616805907],[127.14769473593715,37.50321237564036],[127.15020430573601,37.504742525064835],[127.15210894398804,37.50297067974846],[127.1563880408155,37.50187256188771],[127.15772908722535,37.50317940507703],[127.16143084638298,37.50002296973068],[127.1597796402278,37.496824244179884],[127.16002573712767,37.49437545062674],[127.15865067171632,37.49242687705932],[127.15816996557523,37.49051912695787],[127.15765870729926,37.490174901145664],[127.15318823847292,37.492554290044865],[127.15098951652799,37.49477862226488],[127.14451665178221,37.499399386106866],[127.14165938025185,37.499824387085795]]]}},{"type":"Feature","properties":{"legal_dong_code":"1171010200","sigungu_code":"11710","district":"송파구","legal_dong":"신천동","risk_score":22.43088992748283,"risk_level":"낮음","data_confidence":"높음","market_risk_score":17.71582826568388,"building_risk_score":25.605571872290025,"district_context_score":36.0,"jeonse_ratio_pct":42.0938099850409,"high80_share_pct":0.0,"sale_decline_pct":0.0,"sale_count":1716.0,"jeonse_count":5700.0,"matched_group_count":23.0,"nonapt_building_share_pct":0.7518796992481203,"old20_share_pct":33.83458646616541,"official_total":198,"official_dong_evidence_count":0,"major_reasons":"20년 이상 주거건물 비중 33.8% | 송파구 공식 피해·보증사고 배경지표 상위 | 최근 매매 단가 하락 신호 0.0%","score_version":"seoul-dong-v1.0","score_scope":"서울 법정동 시장·건물구조 상대위험"},"geometry":{"type":"Polygon","coordinates":[[[127.10327934495062,37.52391046879446],[127.11685984811578,37.52390528577678],[127.11290740012177,37.517448133097936],[127.10665682945702,37.515467977122604],[127.10813714730591,37.511984209552296],[127.10397298372959,37.50873781895199],[127.09540514532131,37.51936543321406],[127.09422466408758,37.52193933791448],[127.09096232421483,37.52106878906885],[127.08060641507024,37.52132395086739],[127.0757980101803,37.52054861262247],[127.06881327700341,37.52100239530537],[127.07036126136072,37.51908148174528],[127.06898673406069,37.51726896671749],[127.06866056196783,37.52099957199905],[127.06758889810439,37.520876487670485],[127.0674786914503,37.52459740686284],[127.0686631359643,37.52387201521202],[127.07695437515581,37.52251398658225],[127.07997463928447,37.52294849706586],[127.08563284050139,37.524762116988185],[127.09013683740126,37.527006967071685],[127.10828177096684,37.54140784903207],[127.10826302008066,37.528848204023575],[127.10327934495062,37.52391046879446]]]}},{"type":"Feature","properties":{"legal_dong_code":"1174010200","sigungu_code":"11740","district":"강동구","legal_dong":"고덕동","risk_score":37.887895642504574,"risk_level":"주의","data_confidence":"높음","market_risk_score":27.518946819257476,"building_risk_score":54.30611020380038,"district_context_score":52.0,"jeonse_ratio_pct":47.129109434787246,"high80_share_pct":2.608695652173913,"sale_decline_pct":0.0,"sale_count":2625.0,"jeonse_count":8699.0,"matched_group_count":17.0,"nonapt_building_share_pct":25.268817204301076,"old20_share_pct":69.20122887864824,"official_total":241,"official_dong_evidence_count":0,"major_reasons":"20년 이상 주거건물 비중 69.2% | 강동구 공식 피해·보증사고 배경지표 상위 | 비아파트 건물 비중 25.3%","score_version":"seoul-dong-v1.0","score_scope":"서울 법정동 시장·건물구조 상대위험"},"geometry":{"type":"Polygon","coordinates":[[[127.17141597201571,37.55733827563428],[127.15158940500669,37.554699561633605],[127.14466982444857,37.5549015955813],[127.14468503040048,37.55776266900632],[127.14391383101297,37.558644768916636],[127.14603924769465,37.56055228307517],[127.1474511999973,37.56107885016192],[127.14477314113488,37.56568003530409],[127.14558551360633,37.56843114996899],[127.14894961940425,37.56843421399706],[127.1620066809713,37.57638654142393],[127.16396233719088,37.57499003199699],[127.16399512317327,37.57430347129344],[127.16568650973426,37.573873649423376],[127.1675109818655,37.57087028104],[127.16721708126619,37.5703340119868],[127.17297133382145,37.563703258782866],[127.17003131344674,37.562145412285176],[127.17058909656333,37.561738539492815],[127.17141597201571,37.55733827563428]]]}},{"type":"Feature","properties":{"legal_dong_code":"1174010600","sigungu_code":"11740","district":"강동구","legal_dong":"둔촌동","risk_score":41.419303503014504,"risk_level":"주의","data_confidence":"높음","market_risk_score":27.945068244650834,"building_risk_score":67.40905022489605,"district_context_score":52.0,"jeonse_ratio_pct":48.68364355039685,"high80_share_pct":0.2590673575129534,"sale_decline_pct":0.0,"sale_count":1730.0,"jeonse_count":5346.0,"matched_group_count":22.0,"nonapt_building_share_pct":36.587366694011486,"old20_share_pct":58.90073831009024,"official_total":241,"official_dong_evidence_count":0,"major_reasons":"비아파트 건물 비중 36.6% | 강동구 공식 피해·보증사고 배경지표 상위 | 20년 이상 주거건물 비중 58.9%","score_version":"seoul-dong-v1.0","score_scope":"서울 법정동 시장·건물구조 상대위험"},"geometry":{"type":"Polygon","coordinates":[[[127.13386819374963,37.52143332265954],[127.13855926776314,37.53395899583217],[127.14129728371539,37.53379369840855],[127.14537832497821,37.535256875435174],[127.14516513258671,37.53489743163061],[127.15958299325733,37.5410280518297],[127.1540211665854,37.534514992926184],[127.15316358993663,37.52910909350593],[127.14945477692318,37.52575173885942],[127.14779724900549,37.52214995204225],[127.1456655431743,37.52193224356285],[127.14478559141317,37.519624460758976],[127.14511726718413,37.516750531823305],[127.13386819374963,37.52143332265954]]]}},{"type":"Feature","properties":{"legal_dong_code":"1174010900","sigungu_code":"11740","district":"강동구","legal_dong":"천호동","risk_score":70.59629303797756,"risk_level":"매우 높음","data_confidence":"높음","market_risk_score":72.98889672131513,"building_risk_score":76.01182002075393,"district_context_score":52.0,"jeonse_ratio_pct":74.08580689248974,"high80_share_pct":24.526928675400292,"sale_decline_pct":1.5341192341114755,"sale_count":7171.0,"jeonse_count":16830.0,"matched_group_count":37.0,"nonapt_building_share_pct":48.035538005923,"old20_share_pct":76.84106614017769,"official_total":241,"official_dong_evidence_count":0,"major_reasons":"비아파트 건물 비중 48.0% | 최근 36개월 추정 전세가율 74.1% | 최근 매매 단가 하락 신호 1.5%","score_version":"seoul-dong-v1.0","score_scope":"서울 법정동 시장·건물구조 상대위험"},"geometry":{"type":"Polygon","coordinates":[[[127.13767741908396,37.550086181009355],[127.14395240496962,37.55078502917108],[127.14318731523377,37.54637118563841],[127.14118849740308,37.54098131340358],[127.1378256588551,37.54116444999008],[127.13678030275784,37.54062496671729],[127.13424361906709,37.535557474621754],[127.12363581309432,37.538845090625806],[127.12346464970922,37.53936977111922],[127.1233135970877,37.53894544252329],[127.12240637167996,37.539016769196714],[127.11894945575135,37.541124632461276],[127.11310484219669,37.54317130744357],[127.10906687335635,37.54316669269451],[127.11145842192373,37.54695614171817],[127.11151571906035,37.55037852022197],[127.12249625318493,37.54954036555864],[127.12227132736969,37.548914677536075],[127.1267336633424,37.54789947887243],[127.12753486363405,37.550130110243224],[127.13451642376873,37.54713666036789],[127.13767741908396,37.550086181009355]]]}},{"type":"Feature","properties":{"legal_dong_code":"1174010300","sigungu_code":"11740","district":"강동구","legal_dong":"상일동","risk_score":36.7739529241888,"risk_level":"주의","data_confidence":"높음","market_risk_score":26.40682450400447,"building_risk_score":52.51943288714448,"district_context_score":52.0,"jeonse_ratio_pct":47.792469274520386,"high80_share_pct":0.9592326139088728,"sale_decline_pct":0.0,"sale_count":1924.0,"jeonse_count":7017.0,"matched_group_count":22.0,"nonapt_building_share_pct":24.133663366336634,"old20_share_pct":43.93564356435643,"official_total":241,"official_dong_evidence_count":0,"major_reasons":"강동구 공식 피해·보증사고 배경지표 상위 | 20년 이상 주거건물 비중 43.9% | 비아파트 건물 비중 24.1%","score_version":"seoul-dong-v1.0","score_scope":"서울 법정동 시장·건물구조 상대위험"},"geometry":{"type":"Polygon","coordinates":[[[127.1559156063849,37.546088716804604],[127.15653627578195,37.55537657146892],[127.17141597201571,37.55733827563428],[127.17154618893495,37.55696859261493],[127.1740431937146,37.55705670032056],[127.18164605702526,37.55854233079005],[127.18134010541361,37.552965458467625],[127.18293277552047,37.551753119460244],[127.18272418619144,37.5467041382273],[127.18379470379094,37.54557426133458],[127.18353884651437,37.54517050761535],[127.18169254689282,37.5464447268383],[127.1793309446864,37.546567318259704],[127.17571727799405,37.54520796465685],[127.1743144085243,37.54529777322611],[127.17413768580188,37.545712550495566],[127.16976339544158,37.54480505169311],[127.16697792655073,37.54520266627551],[127.16663714121837,37.544252462660054],[127.16316963371133,37.54498796380969],[127.16256895253102,37.54580277575252],[127.1590577043229,37.54540612071758],[127.1559156063849,37.546088716804604]]]}},{"type":"Feature","properties":{"legal_dong_code":"1174010800","sigungu_code":"11740","district":"강동구","legal_dong":"성내동","risk_score":61.144693003274554,"risk_level":"높음","data_confidence":"높음","market_risk_score":55.640534005278596,"building_risk_score":79.84149040042958,"district_context_score":52.0,"jeonse_ratio_pct":63.56228021252591,"high80_share_pct":23.76514445479963,"sale_decline_pct":0.0,"sale_count":3347.0,"jeonse_count":10929.0,"matched_group_count":30.0,"nonapt_building_share_pct":54.43322109988776,"old20_share_pct":76.48709315375982,"official_total":241,"official_dong_evidence_count":0,"major_reasons":"비아파트 건물 비중 54.4% | 20년 이상 주거건물 비중 76.5% | 80% 이상 매칭 비중 23.8%","score_version":"seoul-dong-v1.0","score_scope":"서울 법정동 시장·건물구조 상대위험"},"geometry":{"type":"Polygon","coordinates":[[[127.12346464970922,37.53936977111922],[127.12363581309432,37.538845090625806],[127.13855926776314,37.53395899583217],[127.13386819374963,37.52143332265954],[127.11909261900192,37.52796017158074],[127.12060518916707,37.53062858005653],[127.12344238089817,37.53864625227362],[127.12240527045628,37.53901448180356],[127.1233135970877,37.53894544252329],[127.12346464970922,37.53936977111922]]]}},{"type":"Feature","properties":{"legal_dong_code":"1174010500","sigungu_code":"11740","district":"강동구","legal_dong":"길동","risk_score":71.23304041320273,"risk_level":"매우 높음","data_confidence":"높음","market_risk_score":74.22114089586,"building_risk_score":75.60142350274691,"district_context_score":52.0,"jeonse_ratio_pct":73.60772823189585,"high80_share_pct":29.073756432247,"sale_decline_pct":7.215119834926091,"sale_count":3187.0,"jeonse_count":7379.0,"matched_group_count":29.0,"nonapt_building_share_pct":53.92390011890606,"old20_share_pct":74.6730083234245,"official_total":241,"official_dong_evidence_count":0,"major_reasons":"최근 매매 단가 하락 신호 7.2% | 비아파트 건물 비중 53.9% | 최근 36개월 추정 전세가율 73.6%","score_version":"seoul-dong-v1.0","score_scope":"서울 법정동 시장·건물구조 상대위험"},"geometry":{"type":"Polygon","coordinates":[[[127.1504293892123,37.545672071348754],[127.15093455517817,37.54479722867352],[127.15184264836722,37.54497909452892],[127.1522592959126,37.54404313639445],[127.15348170056443,37.54368704767602],[127.1538110310596,37.542087552939655],[127.15660234222906,37.54346182443124],[127.15935835332829,37.54248704850163],[127.16009562332124,37.541514999239155],[127.14563035657461,37.5350847218373],[127.14204167200931,37.53393706401452],[127.13901491714752,37.5338548520547],[127.13388594251423,37.5353847412866],[127.13712770816078,37.540894235170256],[127.14118849740308,37.54098131340358],[127.1427211426281,37.54507296536479],[127.14575167585176,37.54435328514443],[127.1504293892123,37.545672071348754]]]}},{"type":"Feature","properties":{"legal_dong_code":"1174011000","sigungu_code":"11740","district":"강동구","legal_dong":"강일동","risk_score":39.722149834488874,"risk_level":"주의","data_confidence":"높음","market_risk_score":42.190103232314144,"building_risk_score":26.43235158040157,"district_context_score":52.0,"jeonse_ratio_pct":53.284106469693135,"high80_share_pct":27.29591836734694,"sale_decline_pct":0.0,"sale_count":904.0,"jeonse_count":6995.0,"matched_group_count":9.0,"nonapt_building_share_pct":9.953703703703704,"old20_share_pct":0.9259259259259258,"official_total":241,"official_dong_evidence_count":0,"major_reasons":"80% 이상 매칭 비중 27.3% | 강동구 공식 피해·보증사고 배경지표 상위 | 최근 매매 단가 하락 신호 0.0%","score_version":"seoul-dong-v1.0","score_scope":"서울 법정동 시장·건물구조 상대위험"},"geometry":{"type":"Polygon","coordinates":[[[127.1620066809713,37.57638654142393],[127.16674717035757,37.578975679289236],[127.17183714204987,37.579262491350015],[127.1771546528407,37.581200756297385],[127.17698839312585,37.57941680024209],[127.17541522837966,37.57829896866397],[127.17568283320777,37.57489916319905],[127.17781902242373,37.57205819167213],[127.1792158221181,37.56891818565433],[127.17958413226897,37.565495969125806],[127.18199517574575,37.56099255837291],[127.18175669239764,37.55837989390436],[127.17147444358223,37.556981796283665],[127.17058909656333,37.561738539492815],[127.17003131344674,37.562145412285176],[127.17297133382145,37.563703258782866],[127.16721708126619,37.5703340119868],[127.1675109818655,37.57087028104],[127.16568650973426,37.573873649423376],[127.16399512317327,37.57430347129344],[127.16396233719088,37.57499003199699],[127.1620066809713,37.57638654142393]]]}},{"type":"Feature","properties":{"legal_dong_code":"1174010100","sigungu_code":"11740","district":"강동구","legal_dong":"명일동","risk_score":49.05449879008558,"risk_level":"주의","data_confidence":"높음","market_risk_score":34.94927485388111,"building_risk_score":81.13973551102768,"district_context_score":52.0,"jeonse_ratio_pct":49.504191010358696,"high80_share_pct":13.75598086124402,"sale_decline_pct":0.0,"sale_count":2059.0,"jeonse_count":7213.0,"matched_group_count":23.0,"nonapt_building_share_pct":42.42819843342037,"old20_share_pct":79.11227154046998,"official_total":241,"official_dong_evidence_count":0,"major_reasons":"20년 이상 주거건물 비중 79.1% | 비아파트 건물 비중 42.4% | 80% 이상 매칭 비중 13.8%","score_version":"seoul-dong-v1.0","score_scope":"서울 법정동 시장·건물구조 상대위험"},"geometry":{"type":"Polygon","coordinates":[[[127.14470216366584,37.555656045035875],[127.14466982444857,37.5549015955813],[127.14807692336267,37.55470631603955],[127.15653627578195,37.55537657146892],[127.1559156063849,37.546088716804604],[127.1590577043229,37.54540612071758],[127.16256895253102,37.54580277575252],[127.16316243307436,37.544991406441724],[127.16031018992713,37.541626037436046],[127.15935835332829,37.54248704850163],[127.15660234222906,37.54346182443124],[127.1538110310596,37.542087552939655],[127.15348170056443,37.54368704767602],[127.1522592959126,37.54404313639445],[127.15184264836722,37.54497909452892],[127.15093455517817,37.54479722867352],[127.1504293892123,37.545672071348754],[127.14575167585176,37.54435328514443],[127.1427211426281,37.54507296536479],[127.14395240496962,37.55078502917108],[127.14031481803772,37.5512358555345],[127.14470216366584,37.555656045035875]]]}},{"type":"Feature","properties":{"legal_dong_code":"1174010700","sigungu_code":"11740","district":"강동구","legal_dong":"암사동","risk_score":58.76867757219368,"risk_level":"높음","data_confidence":"높음","market_risk_score":53.836117695947834,"building_risk_score":74.66802781849997,"district_context_score":52.0,"jeonse_ratio_pct":60.50863665706224,"high80_share_pct":11.751662971175167,"sale_decline_pct":3.2628543857278003,"sale_count":3661.0,"jeonse_count":10411.0,"matched_group_count":20.0,"nonapt_building_share_pct":45.97574421168688,"old20_share_pct":64.31459022418228,"official_total":241,"official_dong_evidence_count":0,"major_reasons":"최근 매매 단가 하락 신호 3.3% | 비아파트 건물 비중 46.0% | 80% 이상 매칭 비중 11.8%","score_version":"seoul-dong-v1.0","score_scope":"서울 법정동 시장·건물구조 상대위험"},"geometry":{"type":"Polygon","coordinates":[[[127.14558551364104,37.568431167988706],[127.14477314113488,37.56568003530409],[127.1474511999973,37.56107885016192],[127.14603924769465,37.56055228307517],[127.14391383101297,37.558644768916636],[127.14469643640355,37.557690576040876],[127.14430518846987,37.554962313279454],[127.14352374917495,37.554902348735865],[127.14031481803772,37.5512358555345],[127.1415302103835,37.55080078310924],[127.13767741908396,37.550086181009355],[127.13451642376873,37.54713666036789],[127.12753486363405,37.550130110243224],[127.1267336633424,37.54789947887243],[127.12227132736969,37.548914677536075],[127.12249625318493,37.54954036555864],[127.11155359395575,37.55037761097431],[127.11430950694692,37.55436619952523],[127.1156452633592,37.55769974927589],[127.12295528996464,37.56348977186428],[127.1286102249983,37.56616044019537],[127.13426699577157,37.567954137079354],[127.13766558172921,37.5684241774582],[127.14558551364104,37.568431167988706]]]}}]}